stock_code,trade_time,trade_date,open,close,high,low,volume,amount,change_pct,change,turnover_ratio,pre_close,MA5,MA20,MA60,stock_name
000768,2025-09-02 00:00:00,2025-09-02,28.97,28.68,28.98,27.95,46764700,1329886399.68,-0.93,-0.27,1.69,28.95,,,,中航西飞
000768,2025-09-03 00:00:00,2025-09-03,28.78,25.86,28.78,25.81,90804400,2437071849.7,-9.83,-2.82,3.27,28.68,,,,中航西飞
000768,2025-09-04 00:00:00,2025-09-04,25.8,25.13,25.85,24.7,61073300,1535708935.88,-2.82,-0.73,2.2,25.86,,,,中航西飞
000768,2025-09-05 00:00:00,2025-09-05,25.08,25.25,25.36,24.84,33506200,842195705.69,0.48,0.12,1.21,25.13,,,,中航西飞
000768,2025-09-08 00:00:00,2025-09-08,25.26,25.0,25.33,24.84,32408300,811458709.11,-0.99,-0.25,1.17,25.25,26.774,,,中航西飞
000768,2025-09-09 00:00:00,2025-09-09,24.98,24.69,25.13,24.68,27745600,690027436.02,-1.24,-0.31,1.0,25.0,25.983999999999998,,,中航西飞
000768,2025-09-10 00:00:00,2025-09-10,24.88,24.83,25.1,24.78,22953200,572402639.77,0.57,0.14,0.83,24.69,25.186,,,中航西飞
000768,2025-09-11 00:00:00,2025-09-11,24.82,25.15,25.17,24.65,28394900,707956798.31,1.29,0.32,1.02,24.83,24.98,,,中航西飞
000768,2025-09-12 00:00:00,2025-09-12,25.14,25.07,25.39,25.01,27955400,705031343.75,-0.32,-0.08,1.01,25.15,24.984,,,中航西飞
000768,2025-09-15 00:00:00,2025-09-15,25.07,24.91,25.31,24.85,23078500,577163469.05,-0.64,-0.16,0.83,25.07,24.948,,,中航西飞
000768,2025-09-16 00:00:00,2025-09-16,24.94,24.83,24.95,24.53,22693100,560942448.13,-0.32,-0.08,0.82,24.91,24.93,,,中航西飞
000768,2025-09-17 00:00:00,2025-09-17,24.79,24.7,24.88,24.58,22795200,562819051.96,-0.52,-0.13,0.82,24.83,24.958,,,中航西飞
000768,2025-09-18 00:00:00,2025-09-18,24.71,24.56,25.04,24.45,35345600,875242702.11,-0.57,-0.14,1.27,24.7,24.932,,,中航西飞
000768,2025-09-19 00:00:00,2025-09-19,24.59,25.04,25.31,24.59,41306600,1036174332.3,1.95,0.48,1.49,24.56,24.814,,,中航西飞
000768,2025-09-22 00:00:00,2025-09-22,25.08,24.89,25.08,24.65,21904600,543383486.38,-0.6,-0.15,0.79,25.04,24.808,,,中航西飞
000768,2025-09-23 00:00:00,2025-09-23,25.07,24.66,25.16,24.36,23204700,571777251.17,-0.92,-0.23,0.84,24.89,24.804,,,中航西飞
000768,2025-09-24 00:00:00,2025-09-24,24.53,24.94,24.95,24.48,20931200,518861743.65,1.14,0.28,0.75,24.66,24.77,,,中航西飞
000768,2025-09-25 00:00:00,2025-09-25,24.86,24.76,24.89,24.53,23353000,577624815.37,-0.72,-0.18,0.84,24.94,24.818,,,中航西飞
000768,2025-09-26 00:00:00,2025-09-26,24.75,25.33,25.67,24.7,44744800,1131253339.76,2.3,0.57,1.61,24.76,24.857999999999997,,,中航西飞
000768,2025-09-29 00:00:00,2025-09-29,25.35,25.6,25.65,24.94,35121700,890414365.69,1.07,0.27,1.27,25.33,24.916,25.3615,,中航西飞
000768,2025-09-30 00:00:00,2025-09-30,25.69,26.87,27.23,25.58,68703500,1823509971.46,4.96,1.27,2.48,25.6,25.058,25.194,,中航西飞
000768,2025-10-09 00:00:00,2025-10-09,26.63,26.87,27.0,25.94,49652800,1312868337.07,0.0,0.0,1.79,26.87,25.5,25.1035,,中航西飞
000768,2025-10-10 00:00:00,2025-10-10,26.72,26.57,27.09,26.53,30565900,819408799.98,-1.12,-0.3,1.1,26.87,25.886000000000003,25.154,,中航西飞
000768,2025-10-13 00:00:00,2025-10-13,26.05,26.68,26.82,25.92,29617800,785715906.81,0.41,0.11,1.07,26.57,26.248,25.226,,中航西飞
000768,2025-10-14 00:00:00,2025-10-14,26.84,26.45,27.2,26.39,31975300,853981694.77,-0.86,-0.23,1.15,26.68,26.518,25.2975,,中航西飞
000768,2025-10-15 00:00:00,2025-10-15,26.48,26.45,26.65,26.1,22097100,581283845.55,0.0,0.0,0.8,26.45,26.688,25.369999999999997,,中航西飞
000768,2025-10-16 00:00:00,2025-10-16,26.52,26.25,26.82,26.17,21438100,567499219.47,-0.76,-0.2,0.77,26.45,26.603999999999996,25.458,,中航西飞
000768,2025-10-17 00:00:00,2025-10-17,26.06,25.52,26.33,25.47,25825000,667390549.45,-2.78,-0.73,0.93,26.25,26.48,25.529,,中航西飞
000768,2025-10-20 00:00:00,2025-10-20,25.63,25.35,25.86,25.15,21882300,557303710.23,-0.67,-0.17,0.79,25.52,26.27,25.5475,,中航西飞
000768,2025-10-21 00:00:00,2025-10-21,25.38,25.57,25.85,25.38,17556700,449706909.23,0.87,0.22,0.63,25.35,26.004,25.5615,,中航西飞
000768,2025-10-22 00:00:00,2025-10-22,25.48,25.53,25.97,25.33,17967900,462100058.68,-0.16,-0.04,0.65,25.57,25.827999999999996,25.5945,,中航西飞
000768,2025-10-23 00:00:00,2025-10-23,25.56,25.65,25.7,25.21,15509200,395326142.42,0.47,0.12,0.56,25.53,25.644,25.629499999999997,,中航西飞
000768,2025-10-24 00:00:00,2025-10-24,25.7,25.94,26.19,25.7,22745500,590904849.95,1.13,0.29,0.82,25.65,25.524,25.677,,中航西飞
000768,2025-10-27 00:00:00,2025-10-27,25.95,25.91,26.05,25.76,18601000,481563472.57,-0.12,-0.03,0.67,25.94,25.607999999999997,25.746,,中航西飞
000768,2025-10-28 00:00:00,2025-10-28,25.91,26.11,26.28,25.63,26601700,694535955.01,0.77,0.2,0.96,25.91,25.720000000000006,25.789499999999997,,中航西飞
000768,2025-10-29 00:00:00,2025-10-29,26.05,26.0,26.05,25.85,17440000,452326112.53,-0.42,-0.11,0.63,26.11,25.827999999999996,25.8505,,中航西飞
000768,2025-10-30 00:00:00,2025-10-30,26.01,25.71,26.01,25.63,18918000,488029274.5,-1.12,-0.29,0.68,26.0,25.922000000000004,25.9175,,中航西飞
000768,2025-10-31 00:00:00,2025-10-31,25.66,25.67,25.77,25.55,16005300,410573233.45,-0.16,-0.04,0.58,25.71,25.933999999999997,25.956,,中航西飞
000768,2025-11-03 00:00:00,2025-11-03,25.59,25.73,25.74,25.35,14744500,376340639.06,0.23,0.06,0.53,25.67,25.880000000000003,26.0015,,中航西飞
000768,2025-11-04 00:00:00,2025-11-04,25.65,25.23,25.69,25.12,18037000,457856508.52,-1.94,-0.5,0.65,25.73,25.844,26.021499999999996,,中航西飞
000768,2025-11-05 00:00:00,2025-11-05,25.1,25.17,25.24,24.99,13365100,335712693.06,-0.24,-0.06,0.48,25.23,25.668,26.003000000000004,,中航西飞
000768,2025-11-06 00:00:00,2025-11-06,25.11,25.47,25.65,25.08,18900300,481042100.85,1.19,0.3,0.68,25.17,25.502000000000002,25.918,,中航西飞
000768,2025-11-07 00:00:00,2025-11-07,25.33,25.33,25.42,25.2,10751700,272242835.33,-0.55,-0.14,0.39,25.47,25.454,25.848000000000003,,中航西飞
000768,2025-11-10 00:00:00,2025-11-10,25.31,25.43,25.52,25.14,12302300,311755676.75,0.39,0.1,0.44,25.33,25.386,25.786,,中航西飞
000768,2025-11-11 00:00:00,2025-11-11,25.51,25.29,25.55,25.2,12576900,318664330.95,-0.55,-0.14,0.45,25.43,25.326,25.7235,,中航西飞
000768,2025-11-12 00:00:00,2025-11-12,25.24,25.1,25.25,24.9,15325900,383753012.15,-0.75,-0.19,0.55,25.29,25.338,25.6655,,中航西飞
000768,2025-11-13 00:00:00,2025-11-13,25.02,25.12,25.12,24.95,9540100,239096763.69,0.08,0.02,0.34,25.1,25.324,25.598000000000003,,中航西飞
000768,2025-11-14 00:00:00,2025-11-14,25.05,25.01,25.28,24.94,14420700,362145288.77,-0.44,-0.11,0.52,25.12,25.253999999999998,25.541500000000003,,中航西飞
000768,2025-11-17 00:00:00,2025-11-17,25.5,25.14,25.54,25.08,23028200,582819206.79,0.52,0.13,0.83,25.01,25.19,25.516,,中航西飞
000768,2025-11-18 00:00:00,2025-11-18,25.12,24.89,25.12,24.8,14730500,366490975.87,-0.99,-0.25,0.53,25.14,25.132,25.5055,,中航西飞
000768,2025-11-19 00:00:00,2025-11-19,24.85,25.1,25.38,24.81,19174700,481049490.07,0.84,0.21,0.69,24.89,25.052,25.4715,,中航西飞
000768,2025-11-20 00:00:00,2025-11-20,25.0,24.69,25.06,24.6,16962300,421133580.98,-1.63,-0.41,0.61,25.1,25.052,25.45,,中航西飞
000768,2025-11-21 00:00:00,2025-11-21,24.55,24.38,24.82,24.04,22205600,541433049.87,-1.26,-0.31,0.8,24.69,24.966,25.402,,中航西飞
000768,2025-11-24 00:00:00,2025-11-24,24.38,25.07,25.11,24.34,23401300,580939570.26,2.83,0.69,0.84,24.38,24.84,25.324,,中航西飞
000768,2025-11-25 00:00:00,2025-11-25,24.82,24.82,24.93,24.73,18817400,466799117.81,-1.0,-0.25,0.68,25.07,24.826,25.282,,中航西飞
000768,2025-11-26 00:00:00,2025-11-26,24.77,24.34,24.77,24.26,21328100,520770353.51,-1.93,-0.48,0.77,24.82,24.812,25.2175,,中航西飞
000768,2025-11-27 00:00:00,2025-11-27,24.28,24.2,24.32,24.12,15323200,370850097.47,-0.58,-0.14,0.55,24.34,24.660000000000004,25.1345,,中航西飞
000768,2025-11-28 00:00:00,2025-11-28,24.2,24.23,24.25,24.07,12275700,296270337.02,0.12,0.03,0.44,24.2,24.562,25.059,,中航西飞
000768,2025-12-01 00:00:00,2025-12-01,24.28,24.28,24.39,24.21,14175900,344380396.22,0.21,0.05,0.51,24.23,24.532,24.987000000000002,,中航西飞
000768,2025-12-02 00:00:00,2025-12-02,24.23,24.1,24.24,24.07,11359000,274048314.39,-0.74,-0.18,0.41,24.28,24.374000000000002,24.914499999999997,25.4325,中航西飞
000768,2025-12-03 00:00:00,2025-12-03,24.08,23.86,24.1,23.79,16696600,399045282.31,-1.0,-0.24,0.6,24.1,24.23,24.858,25.351666666666667,中航西飞
000768,2025-12-04 00:00:00,2025-12-04,23.74,23.72,23.96,23.7,14077300,335262202.13,-0.59,-0.14,0.51,23.86,24.134,24.7925,25.271333333333335,中航西飞
000768,2025-12-05 00:00:00,2025-12-05,23.72,23.97,24.05,23.55,14966100,356472707.25,1.05,0.25,0.54,23.72,24.038,24.705,25.235666666666667,中航西飞
000768,2025-12-08 00:00:00,2025-12-08,24.0,24.1,24.34,24.0,21359700,516594687.46,0.54,0.13,0.77,23.97,23.986,24.637,25.216333333333335,中航西飞
000768,2025-12-09 00:00:00,2025-12-09,24.0,23.79,24.09,23.77,13322700,318234818.85,-1.29,-0.31,0.48,24.1,23.95,24.5705,25.197166666666668,中航西飞
000768,2025-12-10 00:00:00,2025-12-10,23.78,23.97,23.99,23.64,12013000,286770708.26,0.76,0.18,0.43,23.79,23.887999999999998,24.4955,25.177000000000003,中航西飞
000768,2025-12-11 00:00:00,2025-12-11,23.99,23.84,24.33,23.84,19743100,476171525.59,-0.54,-0.13,0.71,23.97,23.91,24.439,25.165000000000003,中航西飞
000768,2025-12-12 00:00:00,2025-12-12,23.83,24.11,24.11,23.75,17215800,412158477.95,1.13,0.27,0.62,23.84,23.933999999999997,24.375,25.1485,中航西飞
000768,2025-12-15 00:00:00,2025-12-15,24.04,24.46,24.66,24.0,33816700,826852451.71,1.45,0.35,1.22,24.11,23.962,24.330000000000002,25.13116666666667,中航西飞
000768,2025-12-16 00:00:00,2025-12-16,24.4,24.04,24.4,23.8,22392900,536913964.22,-1.72,-0.42,0.81,24.46,24.034,24.296,25.121000000000002,中航西飞
000768,2025-12-17 00:00:00,2025-12-17,24.03,24.22,24.49,23.87,19781200,477430337.18,0.75,0.18,0.71,24.04,24.083999999999996,24.2535,25.1065,中航西飞
000768,2025-12-18 00:00:00,2025-12-18,24.05,24.42,24.77,24.01,25892700,631937767.15,0.83,0.2,0.93,24.22,24.133999999999997,24.2095,25.096333333333337,中航西飞
000768,2025-12-19 00:00:00,2025-12-19,24.4,24.79,24.9,24.36,33663200,831847292.81,1.52,0.37,1.21,24.42,24.25,24.196,25.091666666666665,中航西飞
000768,2025-12-22 00:00:00,2025-12-22,24.85,24.65,24.95,24.58,22628200,559063163.69,-0.56,-0.14,0.82,24.79,24.386000000000003,24.216500000000003,25.0955,中航西飞
000768,2025-12-23 00:00:00,2025-12-23,24.66,24.32,24.74,24.26,20119100,492284605.09,-1.34,-0.33,0.73,24.65,24.424,24.195500000000003,25.089,中航西飞
000768,2025-12-24 00:00:00,2025-12-24,24.28,24.84,24.88,24.19,27141300,669683396.63,2.14,0.52,0.98,24.32,24.48,24.1705,25.0795,中航西飞
000768,2025-12-25 00:00:00,2025-12-25,24.66,25.26,25.58,24.66,45469700,1146927706.68,1.69,0.42,1.64,24.84,24.604000000000003,24.1955,25.0825,中航西飞
000768,2025-12-26 00:00:00,2025-12-26,25.2,25.14,25.33,24.9,26874300,676266605.02,-0.48,-0.12,0.97,25.26,24.772,24.2485,25.087833333333332,中航西飞
000768,2025-12-29 00:00:00,2025-12-29,25.15,25.3,25.54,24.99,29937800,755689628.66,0.64,0.16,1.08,25.14,24.842000000000002,24.294,25.094166666666663,中航西飞
000768,2025-12-30 00:00:00,2025-12-30,25.3,25.04,25.42,24.94,26542300,668154172.87,-1.03,-0.26,0.96,25.3,24.972,24.345000000000002,25.093666666666664,中航西飞
000768,2025-12-31 00:00:00,2025-12-31,25.07,25.38,25.5,25.01,31680100,803183448.46,1.36,0.34,1.14,25.04,25.116,24.392,25.084333333333337,中航西飞
000768,2026-01-05 00:00:00,2026-01-05,25.7,25.89,26.09,25.38,47964000,1235529532.11,2.01,0.51,1.73,25.38,25.224,24.467999999999996,25.0595,中航西飞
000768,2026-01-06 00:00:00,2026-01-06,25.8,28.48,28.48,25.73,123249300,3381747821.32,10.0,2.59,4.45,25.89,25.35,24.576500000000003,25.043166666666668,中航西飞
000768,2026-01-07 00:00:00,2026-01-07,28.58,28.22,29.24,28.0,123870500,3539043702.6,-0.91,-0.26,4.47,28.48,26.018,24.802,25.075,中航西飞
000768,2026-01-08 00:00:00,2026-01-08,28.09,29.8,30.05,27.9,128407300,3750789344.93,5.6,1.58,4.63,28.22,26.601999999999997,25.008000000000003,25.100666666666665,中航西飞
000768,2026-01-09 00:00:00,2026-01-09,30.0,29.97,30.78,29.45,124777400,3758175132.28,0.57,0.17,4.5,29.8,27.554000000000002,25.308500000000002,25.1565,中航西飞
000768,2026-01-12 00:00:00,2026-01-12,30.16,30.58,31.12,30.16,100099100,3060783967.93,2.04,0.61,3.61,29.97,28.472,25.608500000000003,25.21516666666667,中航西飞
000768,2026-01-13 00:00:00,2026-01-13,30.2,28.59,30.2,28.51,102243300,2965631944.53,-6.51,-1.99,3.69,30.58,29.409999999999997,25.9455,25.287333333333333,中航西飞
000768,2026-01-14 00:00:00,2026-01-14,28.46,28.03,29.09,27.81,75344900,2147728705.62,-1.96,-0.56,2.72,28.59,29.432,26.1695,25.3385,中航西飞
000768,2026-01-15 00:00:00,2026-01-15,27.85,28.8,29.33,27.8,73841500,2119620983.6,2.75,0.77,2.66,28.03,29.394,26.348000000000003,25.383166666666668,中航西飞
000768,2026-01-16 00:00:00,2026-01-16,28.9,28.18,28.92,28.11,47041600,1335012952.69,-2.15,-0.62,1.7,28.8,29.194,26.586000000000002,25.437,中航西飞
000768,2026-01-19 00:00:00,2026-01-19,28.06,30.19,30.51,27.95,101069500,2989678794.41,7.13,2.01,3.65,28.18,28.836000000000002,26.784000000000002,25.481166666666663,中航西飞
000768,2026-01-20 00:00:00,2026-01-20,30.02,30.02,30.85,29.61,61473200,1846988949.36,-0.56,-0.17,2.22,30.19,28.758000000000003,27.0725,25.556833333333334,中航西飞
000768,2026-01-21 00:00:00,2026-01-21,30.06,30.44,31.0,30.0,73815300,2255870518.51,1.4,0.42,2.66,30.02,29.044,27.334000000000003,25.624833333333335,中航西飞
000768,2026-01-22 00:00:00,2026-01-22,30.6,31.07,31.96,30.58,76979400,2415701205.33,2.07,0.63,2.78,30.44,29.526,27.6235,25.700333333333333,中航西飞
000768,2026-01-23 00:00:00,2026-01-23,31.12,30.33,31.18,30.15,60593600,1852772878.21,-2.38,-0.74,2.19,31.07,29.98,27.961000000000002,25.783,中航西飞
000768,2026-01-26 00:00:00,2026-01-26,30.68,29.25,30.74,29.15,61431400,1826039849.25,-3.56,-1.08,2.22,30.33,30.410000000000004,28.235499999999995,25.855166666666666,中航西飞
000768,2026-01-27 00:00:00,2026-01-27,29.14,30.15,30.66,29.0,64172400,1912373234.59,3.08,0.9,2.31,29.25,30.222,28.434999999999995,25.914166666666667,中航西飞
000768,2026-01-28 00:00:00,2026-01-28,30.21,29.82,30.76,29.69,52579600,1582479569.57,-1.09,-0.33,1.9,30.15,30.247999999999998,28.6855,25.988833333333332,中航西飞
000768,2026-01-29 00:00:00,2026-01-29,29.68,29.01,30.29,28.98,57282100,1688135686.52,-2.72,-0.81,2.07,29.82,30.124000000000002,28.9115,26.057,中航西飞
000768,2026-01-30 00:00:00,2026-01-30,28.94,28.25,29.28,28.06,44793000,1275959123.02,-2.62,-0.76,1.62,29.01,29.712,29.109999999999996,26.119999999999997,中航西飞
000768,2026-02-02 00:00:00,2026-02-02,28.2,28.14,28.75,27.99,39919400,1131047160.49,-0.39,-0.11,1.44,28.25,29.296000000000003,29.253499999999995,26.171333333333333,中航西飞
000768,2026-02-03 00:00:00,2026-02-03,28.44,29.17,29.38,28.3,45644000,1325671272.74,3.66,1.03,1.65,28.14,29.074,29.365999999999996,26.215833333333332,中航西飞
000768,2026-02-04 00:00:00,2026-02-04,29.11,30.54,31.0,28.99,74115100,2246261620.43,4.7,1.37,2.67,29.17,28.877999999999997,29.4005,26.279833333333336,中航西飞
000768,2026-02-05 00:00:00,2026-02-05,30.48,30.08,31.0,29.99,43378500,1316367070.42,-1.51,-0.46,1.56,30.54,29.022000000000002,29.5165,26.365000000000002,中航西飞
000768,2026-02-06 00:00:00,2026-02-06,29.95,29.16,30.2,28.97,42110900,1236272036.35,-3.06,-0.92,1.52,30.08,29.236,29.5305,26.444833333333335,中航西飞
000768,2026-02-09 00:00:00,2026-02-09,29.51,29.27,29.63,29.06,33357100,976965106.46,0.38,0.11,1.2,29.16,29.418,29.49,26.5125,中航西飞
000768,2026-02-10 00:00:00,2026-02-10,29.39,30.03,30.57,28.97,53136100,1590298908.19,2.6,0.76,1.92,29.27,29.644,29.424500000000002,26.581666666666667,中航西飞
000768,2026-02-11 00:00:00,2026-02-11,29.89,29.4,30.06,29.36,33388600,990296607.21,-2.1,-0.63,1.2,30.03,29.815999999999995,29.496499999999997,26.665333333333333,中航西飞
000768,2026-02-12 00:00:00,2026-02-12,29.39,30.06,30.41,29.2,39115600,1170214405.86,2.24,0.66,1.41,29.4,29.588,29.565000000000005,26.736333333333334,中航西飞
000768,2026-02-13 00:00:00,2026-02-13,29.92,30.38,30.77,29.85,58409500,1772686158.82,1.06,0.32,2.11,30.06,29.583999999999996,29.627999999999997,26.8225,中航西飞
000768,2026-02-24 00:00:00,2026-02-24,30.55,30.48,30.84,30.16,49608300,1514511361.26,0.33,0.1,1.79,30.38,29.827999999999996,29.738,26.9105,中航西飞
000768,2026-02-25 00:00:00,2026-02-25,30.46,30.5,30.78,29.98,43291800,1313472748.3,0.07,0.02,1.56,30.48,30.07,29.752499999999998,27.006999999999998,中航西飞
000768,2026-02-26 00:00:00,2026-02-26,30.41,31.01,31.36,30.01,61636400,1897529461.35,1.67,0.51,2.22,30.5,30.163999999999998,29.7765,27.108999999999998,中航西飞
000768,2026-02-27 00:00:00,2026-02-27,30.92,30.83,31.55,30.5,51590000,1597025594.55,-0.58,-0.18,1.86,31.01,30.486,29.805,27.208000000000002,中航西飞
000768,2026-03-02 00:00:00,2026-03-02,31.16,31.27,31.49,30.43,81466800,2521643652.1,1.43,0.44,2.93,30.83,30.639999999999997,29.793,27.30816666666667,中航西飞
000768,2026-03-03 00:00:00,2026-03-03,31.04,28.72,31.05,28.65,80234200,2373867929.73,-8.15,-2.55,2.89,31.27,30.818,29.840000000000003,27.42366666666667,中航西飞
000768,2026-03-04 00:00:00,2026-03-04,28.26,29.19,29.65,28.23,40086500,1166904563.91,1.64,0.47,1.44,28.72,30.466,29.813500000000005,27.499000000000002,中航西飞
000768,2026-03-05 00:00:00,2026-03-05,29.22,29.0,29.47,28.68,35378400,1027959174.37,-0.65,-0.19,1.27,29.19,30.204,29.765499999999996,27.581666666666663,中航西飞
000776,2025-09-02 00:00:00,2025-09-02,21.62,21.21,21.75,21.02,61722400,1321236029.61,-1.67,-0.36,1.05,21.57,,,,广发证券
000776,2025-09-03 00:00:00,2025-09-03,21.22,20.53,21.36,20.38,70993400,1480001253.62,-3.21,-0.68,1.2,21.21,,,,广发证券
000776,2025-09-04 00:00:00,2025-09-04,20.53,20.24,20.68,19.96,66388000,1352815895.59,-1.41,-0.29,1.12,20.53,,,,广发证券
000776,2025-09-05 00:00:00,2025-09-05,20.31,20.49,20.55,20.08,52240100,1065787393.02,1.24,0.25,0.88,20.24,,,,广发证券
000776,2025-09-08 00:00:00,2025-09-08,20.53,20.26,20.63,20.05,60081400,1223673770.51,-1.12,-0.23,1.02,20.49,20.808,,,广发证券
000776,2025-09-09 00:00:00,2025-09-09,20.19,20.49,20.79,20.12,55425700,1140133927.47,1.14,0.23,0.94,20.26,20.546,,,广发证券
000776,2025-09-10 00:00:00,2025-09-10,20.46,20.43,20.77,20.36,38183000,787169315.51,-0.29,-0.06,0.65,20.49,20.401999999999997,,,广发证券
000776,2025-09-11 00:00:00,2025-09-11,20.38,21.05,21.12,20.33,70736500,1480644300.59,3.03,0.62,1.2,20.43,20.381999999999998,,,广发证券
000776,2025-09-12 00:00:00,2025-09-12,21.03,20.96,21.33,20.86,50398900,1068047889.66,-0.43,-0.09,0.85,21.05,20.544,,,广发证券
000776,2025-09-15 00:00:00,2025-09-15,20.95,21.13,21.51,20.81,58046700,1236391594.37,0.81,0.17,0.98,20.96,20.637999999999998,,,广发证券
000776,2025-09-16 00:00:00,2025-09-16,21.12,21.0,21.24,20.67,44017900,924857419.33,-0.62,-0.13,0.75,21.13,20.812,,,广发证券
000776,2025-09-17 00:00:00,2025-09-17,21.1,21.1,21.25,20.84,47172700,997798228.07,0.48,0.1,0.8,21.0,20.913999999999998,,,广发证券
000776,2025-09-18 00:00:00,2025-09-18,20.98,20.28,21.1,19.92,100624900,2075000648.98,-3.89,-0.82,1.7,21.1,21.048000000000002,,,广发证券
000776,2025-09-19 00:00:00,2025-09-19,20.13,20.15,20.35,20.02,40998200,831957800.08,-0.64,-0.13,0.69,20.28,20.894,,,广发证券
000776,2025-09-22 00:00:00,2025-09-22,20.14,20.5,20.51,20.11,35430200,722837859.85,1.74,0.35,0.6,20.15,20.732,,,广发证券
000776,2025-09-23 00:00:00,2025-09-23,20.38,20.39,20.68,20.11,41161400,840372246.47,-0.54,-0.11,0.7,20.5,20.606,,,广发证券
000776,2025-09-24 00:00:00,2025-09-24,20.31,20.58,20.66,20.25,37229300,765962056.86,0.93,0.19,0.63,20.39,20.484,,,广发证券
000776,2025-09-25 00:00:00,2025-09-25,20.48,20.82,20.97,20.41,43827100,916085158.68,1.17,0.24,0.74,20.58,20.38,,,广发证券
000776,2025-09-26 00:00:00,2025-09-26,20.71,20.76,21.01,20.6,34302000,716610441.3,-0.29,-0.06,0.58,20.82,20.488,,,广发证券
000776,2025-09-29 00:00:00,2025-09-29,20.71,22.85,22.85,20.68,200756500,4500007457.72,10.07,2.09,3.4,20.76,20.61,20.697,,广发证券
000776,2025-09-30 00:00:00,2025-09-30,22.85,22.18,22.96,22.1,167099000,3777902041.79,-2.93,-0.67,2.83,22.85,21.080000000000002,20.761000000000003,,广发证券
000776,2025-10-09 00:00:00,2025-10-09,22.12,23.09,23.44,21.7,171416500,3902002186.94,4.1,0.91,2.9,22.18,21.438,20.8095,,广发证券
000776,2025-10-10 00:00:00,2025-10-10,22.95,23.95,24.55,22.86,163438000,3935543679.87,3.72,0.86,2.77,23.09,21.94,20.9375,,广发证券
000776,2025-10-13 00:00:00,2025-10-13,23.22,23.13,23.9,22.48,157898800,3653648959.84,-3.42,-0.82,2.67,23.95,22.566,21.122999999999998,,广发证券
000776,2025-10-14 00:00:00,2025-10-14,23.19,23.22,24.25,22.91,152172700,3598717219.14,0.39,0.09,2.58,23.13,23.04,21.255,,广发证券
000776,2025-10-15 00:00:00,2025-10-15,23.58,24.43,24.5,22.91,185431900,4430858253.14,5.21,1.21,3.14,23.22,23.113999999999997,21.403,,广发证券
000776,2025-10-16 00:00:00,2025-10-16,23.9,24.18,24.32,23.65,138985900,3338389747.63,-1.02,-0.25,2.35,24.43,23.564,21.6,,广发证券
000776,2025-10-17 00:00:00,2025-10-17,24.16,23.27,24.4,23.12,120823300,2874869429.01,-3.76,-0.91,2.05,24.18,23.782,21.7875,,广发证券
000776,2025-10-20 00:00:00,2025-10-20,23.45,22.62,23.68,22.55,121443000,2791310795.97,-2.79,-0.65,2.06,23.27,23.645999999999997,21.898500000000002,,广发证券
000776,2025-10-21 00:00:00,2025-10-21,22.66,22.78,23.02,22.44,116685400,2656087109.39,0.71,0.16,1.98,22.62,23.544,21.9815,,广发证券
000776,2025-10-22 00:00:00,2025-10-22,22.51,22.33,22.68,22.18,75613300,1694242830.38,-1.98,-0.45,1.28,22.78,23.456,22.064,,广发证券
000776,2025-10-23 00:00:00,2025-10-23,22.34,22.68,22.8,22.19,70873800,1595068943.09,1.57,0.35,1.2,22.33,23.035999999999998,22.1305,,广发证券
000776,2025-10-24 00:00:00,2025-10-24,22.6,22.96,22.96,22.52,83015000,1889853883.52,1.23,0.28,1.41,22.68,22.736,22.2095,,广发证券
000776,2025-10-27 00:00:00,2025-10-27,23.21,23.41,23.75,22.88,124338800,2899033797.12,1.96,0.45,2.11,22.96,22.674,22.3435,,广发证券
000776,2025-10-28 00:00:00,2025-10-28,23.15,22.98,23.34,22.88,79634500,1836489049.09,-1.84,-0.43,1.35,23.41,22.832,22.5065,,广发证券
000776,2025-10-29 00:00:00,2025-10-29,22.9,23.92,24.1,22.88,122578900,2901244715.69,4.09,0.94,2.08,22.98,22.872,22.6305,,广发证券
000776,2025-10-30 00:00:00,2025-10-30,23.92,23.55,24.0,23.5,81128100,1920230259.45,-1.55,-0.37,1.37,23.92,23.19,22.807000000000002,,广发证券
000776,2025-10-31 00:00:00,2025-10-31,23.66,22.57,23.7,22.56,122377000,2783556456.82,-4.16,-0.98,2.07,23.55,23.364,22.9555,,广发证券
000776,2025-11-03 00:00:00,2025-11-03,22.53,22.42,22.57,21.93,74425800,1651292834.16,-0.66,-0.15,1.26,22.57,23.286,23.043,,广发证券
000776,2025-11-04 00:00:00,2025-11-04,22.42,22.23,22.47,22.13,45196100,1007493108.57,-0.85,-0.19,0.77,22.42,23.088,23.125999999999998,,广发证券
000776,2025-11-05 00:00:00,2025-11-05,22.04,22.22,22.34,21.97,38378600,851858650.67,-0.04,-0.01,0.65,22.23,22.938,23.095,,广发证券
000776,2025-11-06 00:00:00,2025-11-06,22.34,23.15,23.38,22.3,121556200,2799061681.31,4.19,0.93,2.06,22.22,22.598000000000003,23.097,,广发证券
000776,2025-11-07 00:00:00,2025-11-07,23.0,22.75,23.04,22.71,50992200,1165134456.35,-1.73,-0.4,0.86,23.15,22.518,23.1,,广发证券
000776,2025-11-10 00:00:00,2025-11-10,22.71,23.6,23.83,22.56,98046200,2286379054.73,3.74,0.85,1.66,22.75,22.554,23.04,,广发证券
000776,2025-11-11 00:00:00,2025-11-11,23.44,23.14,23.65,23.05,55796800,1296850267.53,-1.95,-0.46,0.95,23.6,22.79,23.0635,,广发证券
000776,2025-11-12 00:00:00,2025-11-12,23.01,23.05,23.36,22.85,52684200,1217025256.51,-0.39,-0.09,0.89,23.14,22.972,23.0595,,广发证券
000776,2025-11-13 00:00:00,2025-11-13,23.0,23.47,23.58,22.97,62510800,1459081540.66,1.82,0.42,1.06,23.05,23.138,22.9905,,广发证券
000776,2025-11-14 00:00:00,2025-11-14,23.2,22.85,23.35,22.81,55449000,1276386794.61,-2.64,-0.62,0.94,23.47,23.202,22.955,,广发证券
000776,2025-11-17 00:00:00,2025-11-17,22.78,22.43,22.8,22.33,46044700,1034758608.26,-1.84,-0.42,0.78,22.85,23.222,22.934,,广发证券
000776,2025-11-18 00:00:00,2025-11-18,22.38,22.66,23.07,22.34,54228500,1233703029.14,1.03,0.23,0.92,22.43,22.988,22.924500000000002,,广发证券
000776,2025-11-19 00:00:00,2025-11-19,22.56,22.76,22.97,22.53,35107900,797898961.04,0.44,0.1,0.59,22.66,22.892000000000003,22.9185,,广发证券
000776,2025-11-20 00:00:00,2025-11-20,23.29,22.1,23.35,22.1,65950300,1490195207.31,-2.9,-0.66,1.12,22.76,22.834,22.939999999999998,,广发证券
000776,2025-11-21 00:00:00,2025-11-21,21.87,21.1,22.08,21.08,72494500,1558944277.35,-4.52,-1.0,1.23,22.1,22.56,22.911,,广发证券
000776,2025-11-24 00:00:00,2025-11-24,21.2,21.16,21.39,20.88,42601000,901043928.33,0.28,0.06,0.72,21.1,22.21,22.818,,广发证券
000776,2025-11-25 00:00:00,2025-11-25,21.2,20.98,21.29,20.91,53144400,1121808909.38,-0.85,-0.18,0.9,21.16,21.956,22.7055,,广发证券
000776,2025-11-26 00:00:00,2025-11-26,20.97,21.09,21.36,20.92,43617300,923282041.94,0.52,0.11,0.74,20.98,21.62,22.6055,,广发证券
000776,2025-11-27 00:00:00,2025-11-27,21.02,21.08,21.38,21.0,29680200,628816908.45,-0.05,-0.01,0.5,21.09,21.286,22.464,,广发证券
000776,2025-11-28 00:00:00,2025-11-28,21.01,21.14,21.2,20.89,31989300,673823451.25,0.28,0.06,0.54,21.08,21.082,22.3405,,广发证券
000776,2025-12-01 00:00:00,2025-12-01,21.06,21.16,21.23,20.99,39004300,823369314.68,0.09,0.02,0.66,21.14,21.089999999999996,22.269,,广发证券
000776,2025-12-02 00:00:00,2025-12-02,21.15,20.9,21.15,20.77,41822900,874129353.62,-1.23,-0.26,0.71,21.16,21.09,22.206,22.009666666666664,广发证券
000776,2025-12-03 00:00:00,2025-12-03,21.25,20.86,21.25,20.75,37080300,777335312.5,-0.19,-0.04,0.63,20.9,21.073999999999998,22.1395,21.9985,广发证券
000776,2025-12-04 00:00:00,2025-12-04,20.77,20.95,21.05,20.76,25374700,531074126.9,0.43,0.09,0.43,20.86,21.028,22.0715,21.992666666666665,广发证券
000776,2025-12-05 00:00:00,2025-12-05,20.89,21.29,21.6,20.83,63041200,1339749483.8,1.62,0.34,1.07,20.95,21.002000000000002,21.9615,21.999666666666666,广发证券
000776,2025-12-08 00:00:00,2025-12-08,21.69,21.71,22.18,21.6,88781800,1942792060.32,1.97,0.42,1.5,21.29,21.032,21.8885,22.017166666666665,广发证券
000776,2025-12-09 00:00:00,2025-12-09,21.56,21.16,21.66,21.05,58537900,1247862352.83,-2.53,-0.55,0.99,21.71,21.142,21.794,22.0375,广发证券
000776,2025-12-10 00:00:00,2025-12-10,21.05,21.01,21.14,20.81,42724700,894142045.6,-0.71,-0.15,0.72,21.16,21.194,21.695,22.052500000000002,广发证券
000776,2025-12-11 00:00:00,2025-12-11,21.02,20.61,21.05,20.61,35776500,743955247.55,-1.9,-0.4,0.61,21.01,21.224,21.593,22.06116666666667,广发证券
000776,2025-12-12 00:00:00,2025-12-12,20.62,20.95,21.03,20.58,45538100,947964585.0,1.65,0.34,0.77,20.61,21.156,21.45,22.064166666666665,广发证券
000776,2025-12-15 00:00:00,2025-12-15,20.78,21.34,21.68,20.72,64351400,1375508728.1,1.86,0.39,1.09,20.95,21.088,21.354999999999997,22.0625,广发证券
000776,2025-12-16 00:00:00,2025-12-16,21.2,21.18,21.47,21.18,35793000,762424465.23,-0.75,-0.16,0.61,21.34,21.014,21.3005,22.06883333333333,广发证券
000776,2025-12-17 00:00:00,2025-12-17,21.21,21.83,22.35,21.17,99093600,2155008999.01,3.07,0.65,1.68,21.18,21.018,21.2265,22.069666666666667,广发证券
000776,2025-12-18 00:00:00,2025-12-18,21.73,21.62,21.89,21.47,49657500,1075816885.23,-0.96,-0.21,0.84,21.83,21.182,21.18,22.083500000000004,广发证券
000776,2025-12-19 00:00:00,2025-12-19,21.61,21.65,21.86,21.47,44690800,969509910.84,0.14,0.03,0.76,21.62,21.384,21.156,22.092166666666667,广发证券
000776,2025-12-22 00:00:00,2025-12-22,21.6,21.6,21.76,21.56,29984600,648645638.86,-0.23,-0.05,0.51,21.65,21.523999999999997,21.1835,22.115000000000002,广发证券
000776,2025-12-23 00:00:00,2025-12-23,21.61,21.91,22.26,21.48,71468500,1571307858.24,1.44,0.31,1.21,21.6,21.576,21.2055,22.139166666666664,广发证券
000776,2025-12-24 00:00:00,2025-12-24,21.88,22.1,22.13,21.82,42556500,934317474.33,0.87,0.19,0.72,21.91,21.722,21.252,22.162666666666667,广发证券
000776,2025-12-25 00:00:00,2025-12-25,22.03,22.0,22.2,21.98,34967100,771704632.65,-0.45,-0.1,0.59,22.1,21.776,21.302500000000002,22.191166666666668,广发证券
000776,2025-12-26 00:00:00,2025-12-26,22.0,22.2,22.56,21.95,63353200,1410402495.76,0.91,0.2,1.07,22.0,21.851999999999997,21.348499999999998,22.214833333333335,广发证券
000776,2025-12-29 00:00:00,2025-12-29,22.15,21.94,22.23,21.91,38383700,845949768.94,-1.17,-0.26,0.65,22.2,21.962,21.4015,22.237833333333334,广发证券
000776,2025-12-30 00:00:00,2025-12-30,21.89,21.96,22.2,21.85,39581200,869528410.6,0.09,0.02,0.67,21.94,22.03,21.4405,22.2575,广发证券
000776,2025-12-31 00:00:00,2025-12-31,21.92,22.02,22.48,21.92,46415200,1031235470.14,0.27,0.06,0.79,21.96,22.04,21.4935,22.242666666666665,广发证券
000776,2026-01-05 00:00:00,2026-01-05,22.08,22.87,23.06,22.08,97515400,2211553871.45,3.86,0.85,1.65,22.02,22.023999999999997,21.551499999999997,22.240000000000002,广发证券
000776,2026-01-06 00:00:00,2026-01-06,22.73,23.78,24.1,22.73,112145900,2642873615.21,3.98,0.91,1.9,22.87,22.198,21.6475,22.236333333333334,广发证券
000776,2026-01-07 00:00:00,2026-01-07,23.79,23.16,23.8,22.95,84871700,1977274225.25,-2.61,-0.62,1.44,23.78,22.514000000000003,21.772000000000002,22.2335,广发证券
000776,2026-01-08 00:00:00,2026-01-08,22.88,22.26,22.88,22.11,129505700,2889256834.68,-3.89,-0.9,2.19,23.16,22.758,21.8445,22.233999999999998,广发证券
000776,2026-01-09 00:00:00,2026-01-09,22.23,22.31,22.44,22.1,74785300,1664480464.8,0.22,0.05,1.27,22.26,22.818,21.8995,22.218000000000004,广发证券
000776,2026-01-12 00:00:00,2026-01-12,22.31,22.71,22.74,22.15,97991300,2196495286.99,1.79,0.4,1.66,22.31,22.876,21.9645,22.182666666666666,广发证券
000776,2026-01-13 00:00:00,2026-01-13,22.75,22.86,23.48,22.63,97076000,2237662574.89,0.66,0.15,1.64,22.71,22.844,22.0695,22.158166666666666,广发证券
000776,2026-01-14 00:00:00,2026-01-14,22.83,22.49,23.32,22.42,106095200,2428903631.16,-1.62,-0.37,1.8,22.86,22.66,22.165,22.151333333333334,广发证券
000776,2026-01-15 00:00:00,2026-01-15,22.4,22.55,22.89,22.38,66907800,1514257762.37,0.27,0.06,1.13,22.49,22.526,22.2225,22.149166666666666,广发证券
000776,2026-01-16 00:00:00,2026-01-16,22.65,22.56,22.88,22.35,55702000,1254779593.15,0.04,0.01,0.94,22.55,22.584,22.291,22.14533333333333,广发证券
000776,2026-01-19 00:00:00,2026-01-19,22.4,22.43,22.49,22.16,49856800,1113690396.06,-0.58,-0.13,0.84,22.56,22.633999999999997,22.3275,22.149166666666666,广发证券
000776,2026-01-20 00:00:00,2026-01-20,22.38,22.77,22.92,22.35,58882300,1336591876.01,1.52,0.34,1.0,22.43,22.578,22.368000000000002,22.144999999999996,广发证券
000776,2026-01-21 00:00:00,2026-01-21,22.66,22.57,22.86,22.47,50419100,1140173959.79,-0.88,-0.2,0.85,22.77,22.56,22.424,22.141833333333338,广发证券
000776,2026-01-22 00:00:00,2026-01-22,22.56,22.59,22.9,22.49,44548200,1009239866.71,0.09,0.02,0.75,22.57,22.576,22.4725,22.127833333333335,广发证券
000776,2026-01-23 00:00:00,2026-01-23,22.7,22.31,22.74,22.25,58061200,1300289528.56,-1.24,-0.28,0.98,22.59,22.583999999999996,22.5065,22.121333333333332,广发证券
000776,2026-01-26 00:00:00,2026-01-26,22.22,22.71,22.95,22.19,90179600,2048458734.05,1.79,0.4,1.53,22.31,22.534,22.517000000000003,22.094499999999996,广发证券
000776,2026-01-27 00:00:00,2026-01-27,22.66,22.51,22.83,22.32,52167700,1179480976.58,-0.88,-0.2,0.88,22.71,22.59,22.552500000000002,22.080499999999997,广发证券
000776,2026-01-28 00:00:00,2026-01-28,22.5,22.57,22.92,22.47,67027000,1521733608.91,0.27,0.06,1.14,22.51,22.538,22.568,22.0795,广发证券
000776,2026-01-29 00:00:00,2026-01-29,22.51,22.91,23.03,22.22,97841300,2213199789.87,1.51,0.34,1.66,22.57,22.538,22.5995,22.082,广发证券
000776,2026-01-30 00:00:00,2026-01-30,22.82,22.49,23.1,22.39,66536600,1507741583.14,-1.83,-0.42,1.13,22.91,22.601999999999997,22.647,22.09333333333333,广发证券
000776,2026-02-02 00:00:00,2026-02-02,22.35,21.72,22.66,21.66,85514100,1889174503.5,-3.42,-0.77,1.45,22.49,22.637999999999998,22.6705,22.09783333333333,广发证券
000776,2026-02-03 00:00:00,2026-02-03,21.8,21.43,21.86,21.1,74152700,1581866866.93,-1.34,-0.29,1.26,21.72,22.439999999999998,22.613,22.074,广发证券
000776,2026-02-04 00:00:00,2026-02-04,21.3,21.62,21.68,21.22,38630200,830819290.62,0.89,0.19,0.65,21.43,22.224,22.4955,22.052000000000003,广发证券
000776,2026-02-05 00:00:00,2026-02-05,21.62,21.47,21.73,21.28,33696600,723496227.99,-0.69,-0.15,0.57,21.62,22.034,22.4185,22.019,广发证券
000776,2026-02-06 00:00:00,2026-02-06,21.36,21.29,21.5,21.25,28152100,601561921.2,-0.84,-0.18,0.48,21.47,21.746000000000002,22.378999999999998,21.99116666666667,广发证券
000776,2026-02-09 00:00:00,2026-02-09,21.41,21.71,21.9,21.4,43286300,937808150.48,1.97,0.42,0.73,21.29,21.506,22.328,21.961833333333335,广发证券
000776,2026-02-10 00:00:00,2026-02-10,21.75,21.62,21.76,21.55,18823000,407461876.3,-0.41,-0.09,0.32,21.71,21.504,22.278,21.9325,广发证券
000776,2026-02-11 00:00:00,2026-02-11,21.64,21.5,21.65,21.4,25279500,543152100.27,-0.56,-0.12,0.43,21.62,21.542,22.216,21.912,广发证券
000776,2026-02-12 00:00:00,2026-02-12,21.48,21.13,21.49,21.1,48892700,1036830869.29,-1.72,-0.37,0.83,21.5,21.518,22.1665,21.896500000000003,广发证券
000776,2026-02-13 00:00:00,2026-02-13,21.19,21.13,21.32,21.1,31844800,675326011.09,0.0,0.0,0.54,21.13,21.45,22.095499999999998,21.871,广发证券
000776,2026-02-24 00:00:00,2026-02-24,21.11,20.99,21.23,20.93,35321200,743269408.19,-0.66,-0.14,0.6,21.13,21.418,22.024,21.843833333333336,广发证券
000776,2026-02-25 00:00:00,2026-02-25,21.0,20.91,21.23,20.88,54349000,1143394874.66,-0.38,-0.08,0.92,20.99,21.273999999999997,21.951999999999998,21.825333333333333,广发证券
000776,2026-02-26 00:00:00,2026-02-26,20.9,20.81,20.99,20.75,29412800,613243201.89,-0.48,-0.1,0.5,20.91,21.131999999999998,21.859,21.822166666666664,广发证券
000776,2026-02-27 00:00:00,2026-02-27,20.8,20.84,21.01,20.76,35600300,743539459.29,0.14,0.03,0.6,20.81,20.994,21.771,21.81633333333333,广发证券
000776,2026-03-02 00:00:00,2026-03-02,20.64,20.67,20.75,20.22,51286700,1052650535.29,-0.82,-0.17,0.87,20.84,20.936,21.6835,21.814000000000004,广发证券
000776,2026-03-03 00:00:00,2026-03-03,20.67,20.53,21.01,20.4,53600600,1111144934.91,-0.68,-0.14,0.91,20.67,20.844,21.601499999999998,21.807000000000002,广发证券
000776,2026-03-04 00:00:00,2026-03-04,20.42,19.97,20.45,19.9,52293000,1051393130.85,-2.73,-0.56,0.89,20.53,20.752000000000002,21.4925,21.797833333333337,广发证券
000776,2026-03-05 00:00:00,2026-03-05,20.2,19.92,20.23,19.87,34862400,697076289.79,-0.25,-0.05,0.59,19.97,20.564,21.3655,21.77833333333333,广发证券
000786,2025-09-02 00:00:00,2025-09-02,26.3,25.84,26.37,25.7,28826400,746021223.92,-1.64,-0.43,1.78,26.27,,,,北新建材
000786,2025-09-03 00:00:00,2025-09-03,25.86,25.72,25.97,25.65,13357600,344401693.57,-0.46,-0.12,0.83,25.84,,,,北新建材
000786,2025-09-04 00:00:00,2025-09-04,25.72,25.5,25.77,25.26,18265000,464962105.86,-0.86,-0.22,1.13,25.72,,,,北新建材
000786,2025-09-05 00:00:00,2025-09-05,25.45,25.55,25.56,25.35,12893000,328237231.09,0.2,0.05,0.79,25.5,,,,北新建材
000786,2025-09-08 00:00:00,2025-09-08,25.54,25.89,25.93,25.4,14846700,382164236.01,1.33,0.34,0.91,25.55,25.776,,,北新建材
000786,2025-09-09 00:00:00,2025-09-09,25.83,25.95,26.04,25.71,13686500,354096085.5,0.23,0.06,0.84,25.89,25.7,,,北新建材
000786,2025-09-10 00:00:00,2025-09-10,25.99,25.5,26.0,25.49,12837400,328557968.74,-1.73,-0.45,0.79,25.95,25.722,,,北新建材
000786,2025-09-11 00:00:00,2025-09-11,25.44,25.7,25.71,25.38,9965900,254373002.08,0.78,0.2,0.61,25.5,25.677999999999997,,,北新建材
000786,2025-09-12 00:00:00,2025-09-12,25.7,25.31,25.72,25.27,16234300,413450270.64,-1.52,-0.39,0.99,25.7,25.718,,,北新建材
000786,2025-09-15 00:00:00,2025-09-15,25.31,25.28,25.4,25.25,7377400,186749422.64,-0.12,-0.03,0.45,25.31,25.669999999999998,,,北新建材
000786,2025-09-16 00:00:00,2025-09-16,25.28,25.16,25.36,25.01,10742800,270181164.19,-0.47,-0.12,0.66,25.28,25.548000000000002,,,北新建材
000786,2025-09-17 00:00:00,2025-09-17,25.17,25.29,25.36,25.01,10953500,275632366.84,0.52,0.13,0.67,25.16,25.39,,,北新建材
000786,2025-09-18 00:00:00,2025-09-18,25.28,24.85,25.28,24.77,15009700,375287228.73,-1.74,-0.44,0.92,25.29,25.348,,,北新建材
000786,2025-09-19 00:00:00,2025-09-19,24.8,24.78,24.97,24.71,10302900,255995808.64,-0.28,-0.07,0.63,24.85,25.178,,,北新建材
000786,2025-09-22 00:00:00,2025-09-22,24.8,24.35,24.86,24.27,13608000,332700234.08,-1.74,-0.43,0.83,24.78,25.072000000000003,,,北新建材
000786,2025-09-23 00:00:00,2025-09-23,24.28,24.1,24.34,23.74,17537500,420618140.66,-1.03,-0.25,1.07,24.35,24.886000000000003,,,北新建材
000786,2025-09-24 00:00:00,2025-09-24,24.1,24.2,24.3,24.0,10921100,263448651.86,0.41,0.1,0.67,24.1,24.674,,,北新建材
000786,2025-09-25 00:00:00,2025-09-25,24.35,24.21,24.44,24.14,8648100,209521559.67,0.04,0.01,0.53,24.2,24.456,,,北新建材
000786,2025-09-26 00:00:00,2025-09-26,24.18,24.1,24.18,23.88,10758900,258702727.77,-0.45,-0.11,0.66,24.21,24.328,,,北新建材
000786,2025-09-29 00:00:00,2025-09-29,24.1,24.08,24.23,23.78,12314000,295697602.71,-0.08,-0.02,0.75,24.1,24.192,25.177500000000002,,北新建材
000786,2025-09-30 00:00:00,2025-09-30,24.09,23.66,24.16,23.66,17355100,414190585.57,-1.74,-0.42,1.06,24.08,24.137999999999998,25.068,,北新建材
000786,2025-10-09 00:00:00,2025-10-09,23.7,23.95,23.99,23.38,18892000,446879861.72,1.23,0.29,1.16,23.66,24.05,24.959,,北新建材
000786,2025-10-10 00:00:00,2025-10-10,23.91,24.58,24.59,23.85,24073600,586575878.22,2.63,0.63,1.47,23.95,24.0,24.8705,,北新建材
000786,2025-10-13 00:00:00,2025-10-13,24.05,24.2,24.4,23.96,13098400,316397901.44,-1.55,-0.38,0.8,24.58,24.074,24.8245,,北新建材
000786,2025-10-14 00:00:00,2025-10-14,24.26,24.41,24.65,24.21,14747300,360873009.58,0.87,0.21,0.9,24.2,24.094,24.756999999999998,,北新建材
000786,2025-10-15 00:00:00,2025-10-15,24.47,24.7,25.05,24.35,19002100,471013615.61,1.19,0.29,1.16,24.41,24.159999999999997,24.683,,北新建材
000786,2025-10-16 00:00:00,2025-10-16,24.77,24.7,25.06,24.66,11706900,290466666.96,0.0,0.0,0.72,24.7,24.368,24.6205,,北新建材
000786,2025-10-17 00:00:00,2025-10-17,24.62,23.99,24.71,23.92,12205600,296634746.15,-2.87,-0.71,0.75,24.7,24.517999999999997,24.580499999999997,,北新建材
000786,2025-10-20 00:00:00,2025-10-20,24.08,23.87,24.15,23.62,11496300,273881320.19,-0.5,-0.12,0.7,23.99,24.4,24.494999999999997,,北新建材
000786,2025-10-21 00:00:00,2025-10-21,23.89,23.85,23.99,23.71,9254400,220907322.62,-0.08,-0.02,0.57,23.87,24.334,24.423,,北新建材
000786,2025-10-22 00:00:00,2025-10-22,23.88,23.82,24.07,23.74,11221100,268016313.8,-0.13,-0.03,0.69,23.85,24.221999999999998,24.3515,,北新建材
000786,2025-10-23 00:00:00,2025-10-23,23.78,23.77,24.0,23.51,20679400,490949918.43,-0.21,-0.05,1.26,23.82,24.046,24.2845,,北新建材
000786,2025-10-24 00:00:00,2025-10-24,23.78,23.44,23.82,23.42,17934900,422762282.4,-1.39,-0.33,1.1,23.77,23.86,24.2085,,北新建材
000786,2025-10-27 00:00:00,2025-10-27,23.23,23.65,23.83,23.09,25094300,591022310.91,0.9,0.21,1.53,23.44,23.75,24.137999999999998,,北新建材
000786,2025-10-28 00:00:00,2025-10-28,23.56,23.42,23.65,23.25,14911800,349318890.84,-0.97,-0.23,0.91,23.65,23.706,24.0815,,北新建材
000786,2025-10-29 00:00:00,2025-10-29,23.4,23.93,24.05,23.21,25351100,600888356.35,2.18,0.51,1.55,23.42,23.62,24.035,,北新建材
000786,2025-10-30 00:00:00,2025-10-30,23.94,23.57,24.05,23.57,16922400,402113314.44,-1.5,-0.36,1.04,23.93,23.642000000000003,24.0265,,北新建材
000786,2025-10-31 00:00:00,2025-10-31,23.56,23.77,23.89,23.55,14275000,338821249.67,0.85,0.2,0.87,23.57,23.602,23.994999999999997,,北新建材
000786,2025-11-03 00:00:00,2025-11-03,23.88,24.07,24.15,23.74,17888600,428117635.56,1.26,0.3,1.09,23.77,23.668,23.973000000000003,,北新建材
000786,2025-11-04 00:00:00,2025-11-04,24.07,23.68,24.07,23.55,18646100,441769579.22,-1.62,-0.39,1.14,24.07,23.752000000000002,23.9715,,北新建材
000786,2025-11-05 00:00:00,2025-11-05,23.58,24.26,24.4,23.49,25490000,616917233.66,2.45,0.58,1.56,23.68,23.804,23.951500000000003,,北新建材
000786,2025-11-06 00:00:00,2025-11-06,24.2,24.15,24.35,24.11,18684300,452348301.85,-0.45,-0.11,1.14,24.26,23.87,23.9815,,北新建材
000786,2025-11-07 00:00:00,2025-11-07,24.15,24.3,24.59,24.09,22699200,553114700.8,0.62,0.15,1.34,24.15,23.986,23.9915,,北新建材
000786,2025-11-10 00:00:00,2025-11-10,24.39,24.54,24.66,24.18,26145100,639802494.94,0.99,0.24,1.55,24.3,24.092000000000002,23.9775,,北新建材
000786,2025-11-11 00:00:00,2025-11-11,24.55,24.61,24.95,24.3,34902600,862497259.48,0.29,0.07,2.07,24.54,24.186,23.994500000000002,,北新建材
000786,2025-11-12 00:00:00,2025-11-12,24.58,24.72,24.95,24.51,25806300,637814314.65,0.45,0.11,1.53,24.61,24.372,24.0045,,北新建材
000786,2025-11-13 00:00:00,2025-11-13,24.66,24.65,24.91,24.6,22221000,549340970.86,-0.28,-0.07,1.32,24.72,24.464,24.0055,,北新建材
000786,2025-11-14 00:00:00,2025-11-14,24.53,24.65,24.95,24.46,30464500,754019781.88,0.0,0.0,1.8,24.65,24.564,24.003,,北新建材
000786,2025-11-17 00:00:00,2025-11-17,24.64,24.21,24.66,24.09,17796800,431264408.89,-1.78,-0.44,1.05,24.65,24.633999999999997,24.036,,北新建材
000786,2025-11-18 00:00:00,2025-11-18,24.16,24.25,24.55,24.12,13367000,325821821.54,0.17,0.04,0.79,24.21,24.568,24.053,,北新建材
000786,2025-11-19 00:00:00,2025-11-19,24.25,23.91,24.35,23.8,10304700,247453022.81,-1.4,-0.34,0.61,24.25,24.496000000000002,24.073,,北新建材
000786,2025-11-20 00:00:00,2025-11-20,24.0,25.27,25.54,23.93,44316300,1109361790.22,5.69,1.36,2.62,23.91,24.334,24.077499999999997,,北新建材
000786,2025-11-21 00:00:00,2025-11-21,25.07,25.27,25.57,24.96,32667700,826436394.73,0.0,0.0,1.93,25.27,24.458,24.1525,,北新建材
000786,2025-11-24 00:00:00,2025-11-24,25.25,25.21,25.5,25.07,18468200,466708112.0,-0.24,-0.06,1.09,25.27,24.582,24.244,,北新建材
000786,2025-11-25 00:00:00,2025-11-25,25.2,24.91,25.31,24.77,19754000,492083567.6,-1.19,-0.3,1.17,25.21,24.782,24.322000000000003,,北新建材
000786,2025-11-26 00:00:00,2025-11-26,24.91,24.59,25.08,24.53,15238000,375987920.62,-1.28,-0.32,0.9,24.91,24.913999999999998,24.3965,,北新建材
000786,2025-11-27 00:00:00,2025-11-27,24.86,25.13,25.5,24.4,27214500,682317790.44,2.2,0.54,1.61,24.59,25.05,24.4295,,北新建材
000786,2025-11-28 00:00:00,2025-11-28,24.98,25.31,25.31,24.55,22277300,554543785.94,0.72,0.18,1.32,25.13,25.022,24.5075,,北新建材
000786,2025-12-01 00:00:00,2025-12-01,25.1,25.31,25.97,25.1,19754900,504980226.48,0.0,0.0,1.17,25.31,25.03,24.5845,,北新建材
000786,2025-12-02 00:00:00,2025-12-02,25.31,25.18,25.5,25.14,11899100,300848496.28,-0.51,-0.13,0.7,25.31,25.05,24.646499999999996,24.5985,北新建材
000786,2025-12-03 00:00:00,2025-12-03,25.12,24.89,25.3,24.8,11260300,281789939.16,-1.15,-0.29,0.67,25.18,25.104,24.7215,24.580333333333332,北新建材
000786,2025-12-04 00:00:00,2025-12-04,24.89,24.81,25.28,24.71,10579400,263859182.33,-0.32,-0.08,0.63,24.89,25.163999999999998,24.753,24.564500000000002,北新建材
000786,2025-12-05 00:00:00,2025-12-05,24.8,25.09,25.13,24.51,11287800,280352792.9,1.13,0.28,0.67,24.81,25.1,24.786,24.549333333333333,北新建材
000786,2025-12-08 00:00:00,2025-12-08,25.09,25.1,25.32,24.87,11825800,296956114.42,0.04,0.01,0.7,25.09,25.056,24.825499999999998,24.5425,北新建材
000786,2025-12-09 00:00:00,2025-12-09,24.98,24.38,25.09,24.21,22485800,551861209.57,-2.87,-0.72,1.33,25.1,25.014,24.8535,24.535,北新建材
000786,2025-12-10 00:00:00,2025-12-10,24.34,24.83,25.0,24.18,11914300,293896005.14,1.85,0.45,0.71,24.38,24.854000000000003,24.842000000000002,24.509833333333333,北新建材
000786,2025-12-11 00:00:00,2025-12-11,24.76,24.53,24.88,24.5,7850500,193492933.68,-1.21,-0.3,0.46,24.83,24.842000000000002,24.8475,24.49116666666667,北新建材
000786,2025-12-12 00:00:00,2025-12-12,24.5,24.19,24.59,24.14,14295300,347667717.39,-1.39,-0.34,0.85,24.53,24.786,24.8415,24.475,北新建材
000786,2025-12-15 00:00:00,2025-12-15,24.1,25.03,25.28,24.08,22238600,554565847.99,3.47,0.84,1.32,24.19,24.606,24.818499999999997,24.449833333333334,北新建材
000786,2025-12-16 00:00:00,2025-12-16,24.99,24.7,25.05,24.62,8008600,198731856.58,-1.32,-0.33,0.47,25.03,24.592000000000002,24.8595,24.44516666666667,北新建材
000786,2025-12-17 00:00:00,2025-12-17,24.78,24.86,25.01,24.51,8592800,212925607.6,0.65,0.16,0.51,24.7,24.656,24.881999999999998,24.4355,北新建材
000786,2025-12-18 00:00:00,2025-12-18,24.83,24.92,25.06,24.77,6056000,150970081.8,0.24,0.06,0.36,24.86,24.662,24.9295,24.4305,北新建材
000786,2025-12-19 00:00:00,2025-12-19,24.97,25.27,25.48,24.86,12464300,314278202.51,1.4,0.35,0.74,24.92,24.74,24.912,24.424333333333333,北新建材
000786,2025-12-22 00:00:00,2025-12-22,25.21,24.95,25.25,24.8,10345900,257785954.42,-1.27,-0.32,0.61,25.27,24.956,24.912,24.431333333333335,北新建材
000786,2025-12-23 00:00:00,2025-12-23,24.89,24.76,25.01,24.7,7230100,179583420.05,-0.76,-0.19,0.43,24.95,24.939999999999998,24.898999999999997,24.43416666666667,北新建材
000786,2025-12-24 00:00:00,2025-12-24,24.7,24.82,24.84,24.55,6615300,163327961.0,0.24,0.06,0.39,24.76,24.952,24.8915,24.441,北新建材
000786,2025-12-25 00:00:00,2025-12-25,24.82,24.85,25.09,24.72,6388600,158688425.8,0.12,0.03,0.38,24.82,24.944000000000003,24.903,24.453,北新建材
000786,2025-12-26 00:00:00,2025-12-26,24.84,24.75,24.96,24.67,9356900,232030050.27,-0.4,-0.1,0.55,24.85,24.93,24.889,24.463833333333334,北新建材
000786,2025-12-29 00:00:00,2025-12-29,24.66,24.61,24.78,24.55,10122400,249635192.78,-0.57,-0.14,0.6,24.75,24.826,24.861,24.47283333333333,北新建材
000786,2025-12-30 00:00:00,2025-12-30,24.52,24.78,25.0,24.51,9714200,241039230.84,0.69,0.17,0.57,24.61,24.758000000000003,24.826,24.481333333333335,北新建材
000786,2025-12-31 00:00:00,2025-12-31,24.79,24.97,25.28,24.76,13722500,344169186.84,0.77,0.19,0.81,24.78,24.762,24.806,24.493,北新建材
000786,2026-01-05 00:00:00,2026-01-05,24.97,25.27,25.34,24.7,18182000,455773190.76,1.2,0.3,1.08,24.97,24.791999999999998,24.81,24.514833333333335,北新建材
000786,2026-01-06 00:00:00,2026-01-06,25.27,25.74,25.84,25.0,25399400,647112332.6,1.86,0.47,1.5,25.27,24.875999999999998,24.833,24.536833333333334,北新建材
000786,2026-01-07 00:00:00,2026-01-07,25.73,25.36,25.84,25.34,16615800,423985404.39,-1.48,-0.38,0.98,25.74,25.074,24.8655,24.55616666666667,北新建材
000786,2026-01-08 00:00:00,2026-01-08,25.35,25.86,26.02,25.12,21890900,561760041.81,1.97,0.5,1.3,25.36,25.224,24.8785,24.575499999999998,北新建材
000786,2026-01-09 00:00:00,2026-01-09,26.09,25.87,26.33,25.73,15655100,405668080.83,0.04,0.01,0.93,25.86,25.44,24.952499999999997,24.599666666666668,北新建材
000786,2026-01-12 00:00:00,2026-01-12,25.87,25.89,25.99,25.71,12537300,323865936.29,0.08,0.02,0.74,25.87,25.619999999999997,25.0045,24.619166666666665,北新建材
000786,2026-01-13 00:00:00,2026-01-13,25.83,25.6,25.98,25.44,18375300,472003008.66,-1.12,-0.29,1.09,25.89,25.744,25.0725,24.639000000000003,北新建材
000786,2026-01-14 00:00:00,2026-01-14,25.52,25.56,25.75,25.36,15754900,401962691.57,-0.16,-0.04,0.93,25.6,25.715999999999998,25.143,24.665833333333335,北新建材
000786,2026-01-15 00:00:00,2026-01-15,25.43,25.58,25.91,25.42,11933200,306029123.88,0.08,0.02,0.71,25.56,25.756,25.1695,24.694,北新建材
000786,2026-01-16 00:00:00,2026-01-16,25.67,25.3,25.69,25.2,14616000,371363538.29,-1.09,-0.28,0.87,25.58,25.7,25.2135,24.722833333333334,北新建材
000786,2026-01-19 00:00:00,2026-01-19,25.25,25.44,25.55,25.15,10643300,269884746.45,0.55,0.14,0.63,25.3,25.586,25.2355,24.747500000000002,北新建材
000786,2026-01-20 00:00:00,2026-01-20,25.45,26.82,26.95,25.42,46277800,1228009853.14,5.42,1.38,2.74,25.44,25.496,25.261499999999998,24.775333333333332,北新建材
000786,2026-01-21 00:00:00,2026-01-21,26.83,26.67,26.93,26.31,20320600,540326729.83,-0.56,-0.15,1.2,26.82,25.74,25.339,24.831666666666667,北新建材
000786,2026-01-22 00:00:00,2026-01-22,26.7,28.0,28.3,26.47,59662700,1652326512.29,4.99,1.33,3.53,26.67,25.962,25.425,24.882,北新建材
000786,2026-01-23 00:00:00,2026-01-23,27.87,27.45,28.25,27.38,27524700,762198279.2,-1.96,-0.55,1.63,28.0,26.445999999999998,25.587,24.958333333333332,北新建材
000786,2026-01-26 00:00:00,2026-01-26,27.5,27.63,28.36,27.4,33976300,946620855.34,0.66,0.18,2.01,27.45,26.875999999999998,25.7185,25.017,北新建材
000786,2026-01-27 00:00:00,2026-01-27,27.7,27.55,28.38,27.47,30834800,859583610.42,-0.29,-0.08,1.83,27.63,27.314,25.857499999999998,25.084666666666667,北新建材
000786,2026-01-28 00:00:00,2026-01-28,27.53,27.44,28.0,26.93,32567400,896291885.34,-0.4,-0.11,1.93,27.55,27.46,25.997500000000002,25.147666666666666,北新建材
000786,2026-01-29 00:00:00,2026-01-29,27.32,28.54,28.8,27.27,60534600,1715257178.8,4.01,1.1,3.58,27.44,27.613999999999997,26.139,25.203833333333332,北新建材
000786,2026-01-30 00:00:00,2026-01-30,28.5,27.9,28.88,27.65,26144000,734648507.04,-2.24,-0.64,1.55,28.54,27.721999999999998,26.326999999999998,25.28483333333333,北新建材
000786,2026-02-02 00:00:00,2026-02-02,27.62,26.9,27.69,26.77,33413500,904644910.57,-3.58,-1.0,1.98,27.9,27.812,26.4735,25.3455,北新建材
000786,2026-02-03 00:00:00,2026-02-03,27.2,27.98,28.16,27.0,33649000,927760402.48,4.01,1.08,1.99,26.9,27.665999999999997,26.555,25.391333333333332,北新建材
000786,2026-02-04 00:00:00,2026-02-04,28.01,29.55,29.7,27.92,52607800,1541201593.62,5.61,1.57,3.11,27.98,27.752,26.667,25.45266666666667,北新建材
000786,2026-02-05 00:00:00,2026-02-05,29.54,29.28,29.8,28.96,24089000,706361735.18,-0.91,-0.27,1.43,29.55,28.174,26.8765,25.536166666666663,北新建材
000786,2026-02-06 00:00:00,2026-02-06,29.17,28.6,29.43,28.52,23479900,678712326.06,-2.32,-0.68,1.39,29.28,28.321999999999996,27.047500000000003,25.613999999999997,北新建材
000786,2026-02-09 00:00:00,2026-02-09,28.79,28.65,28.9,28.28,18997200,542754624.3,0.17,0.05,1.12,28.6,28.462,27.184000000000005,25.67866666666667,北新建材
000786,2026-02-10 00:00:00,2026-02-10,28.69,28.24,28.73,27.76,20318400,572176361.38,-1.43,-0.41,1.2,28.65,28.812,27.322000000000003,25.74533333333333,北新建材
000786,2026-02-11 00:00:00,2026-02-11,28.22,28.78,29.1,28.12,19245500,552913440.68,1.91,0.54,1.14,28.24,28.863999999999997,27.454,25.805166666666665,北新建材
000786,2026-02-12 00:00:00,2026-02-12,28.63,28.15,28.96,28.02,18311000,518710179.52,-2.19,-0.63,1.08,28.78,28.71,27.615,25.881333333333334,北新建材
000786,2026-02-13 00:00:00,2026-02-13,28.14,27.05,28.35,27.01,22487300,615752611.88,-3.91,-1.1,1.33,28.15,28.483999999999998,27.7435,25.94633333333333,北新建材
000786,2026-02-24 00:00:00,2026-02-24,27.34,27.56,27.78,26.95,18308300,500533595.39,1.89,0.51,1.08,27.05,28.174,27.831,25.998666666666665,北新建材
000786,2026-02-25 00:00:00,2026-02-25,27.62,28.68,29.15,27.6,30250600,865660527.28,4.06,1.12,1.79,27.56,27.956,27.937,26.036833333333334,北新建材
000786,2026-02-26 00:00:00,2026-02-26,28.65,28.25,28.65,27.9,17026100,479553252.27,-1.5,-0.43,1.01,28.68,28.044,28.029999999999994,26.093666666666664,北新建材
000786,2026-02-27 00:00:00,2026-02-27,28.25,27.99,28.41,27.77,11360300,318796980.33,-0.92,-0.26,0.67,28.25,27.938,28.109,26.144333333333332,北新建材
000786,2026-03-02 00:00:00,2026-03-02,27.58,29.48,29.74,27.57,39010600,1132425230.63,5.32,1.49,2.31,27.99,27.906,28.1085,26.195666666666668,北新建材
000786,2026-03-03 00:00:00,2026-03-03,29.82,29.0,29.82,28.82,28757400,841159712.77,-1.63,-0.48,1.7,29.48,28.391999999999996,28.209999999999997,26.277166666666666,北新建材
000786,2026-03-04 00:00:00,2026-03-04,28.56,28.66,29.18,28.41,17303600,497141299.58,-1.17,-0.34,1.02,29.0,28.679999999999996,28.278499999999998,26.341666666666665,北新建材
000786,2026-03-05 00:00:00,2026-03-05,29.0,28.09,29.27,28.0,19042200,538451628.44,-1.99,-0.57,1.13,28.66,28.676,28.334000000000003,26.3975,北新建材
000807,2025-09-02 00:00:00,2025-09-02,19.35,19.18,19.56,18.92,47143900,920756697.18,0.47,0.09,1.36,19.09,,,,云铝股份
000807,2025-09-03 00:00:00,2025-09-03,19.33,18.83,19.34,18.56,44750900,857557070.28,-1.82,-0.35,1.29,19.18,,,,云铝股份
000807,2025-09-04 00:00:00,2025-09-04,18.77,18.37,18.97,18.01,46988500,876173108.84,-2.44,-0.46,1.35,18.83,,,,云铝股份
000807,2025-09-05 00:00:00,2025-09-05,18.31,18.86,18.88,18.28,44548000,844330018.0,2.67,0.49,1.28,18.37,,,,云铝股份
000807,2025-09-08 00:00:00,2025-09-08,18.84,18.59,19.06,18.43,43080800,817544658.47,-1.43,-0.27,1.24,18.86,18.866,,,云铝股份
000807,2025-09-09 00:00:00,2025-09-09,18.68,18.48,18.84,18.31,30096400,567582699.09,-0.59,-0.11,0.87,18.59,18.766,,,云铝股份
000807,2025-09-10 00:00:00,2025-09-10,18.38,18.26,18.43,18.13,34674900,644718537.31,-1.19,-0.22,1.0,18.48,18.625999999999998,,,云铝股份
000807,2025-09-11 00:00:00,2025-09-11,18.33,19.04,19.07,18.29,43973700,840278323.0,4.27,0.78,1.27,18.26,18.512,,,云铝股份
000807,2025-09-12 00:00:00,2025-09-12,20.23,20.49,20.74,19.79,88805700,1833261075.72,7.62,1.45,2.56,19.04,18.646,,,云铝股份
000807,2025-09-15 00:00:00,2025-09-15,20.35,20.41,20.84,20.23,60857800,1269279745.06,-0.39,-0.08,1.75,20.49,18.972,,,云铝股份
000807,2025-09-16 00:00:00,2025-09-16,20.41,20.26,20.71,19.33,62394700,1262900145.98,-0.73,-0.15,1.8,20.41,19.336,,,云铝股份
000807,2025-09-17 00:00:00,2025-09-17,20.05,20.59,20.68,19.98,49378800,1020177946.75,1.63,0.33,1.42,20.26,19.692,,,云铝股份
000807,2025-09-18 00:00:00,2025-09-18,20.1,19.54,20.28,19.25,48581200,976809196.81,-5.1,-1.05,1.4,20.59,20.158,,,云铝股份
000807,2025-09-19 00:00:00,2025-09-19,19.6,19.74,19.94,19.54,30068300,604114529.57,1.02,0.2,0.87,19.54,20.258,,,云铝股份
000807,2025-09-22 00:00:00,2025-09-22,19.74,19.38,19.96,19.18,50283900,987590294.68,-1.82,-0.36,1.45,19.74,20.107999999999997,,,云铝股份
000807,2025-09-23 00:00:00,2025-09-23,19.39,18.93,19.47,18.5,52074200,1001594027.08,-2.32,-0.45,1.5,19.38,19.902,,,云铝股份
000807,2025-09-24 00:00:00,2025-09-24,18.9,19.03,19.17,18.68,33992700,653200343.49,0.53,0.1,0.98,18.93,19.636,,,云铝股份
000807,2025-09-25 00:00:00,2025-09-25,19.35,19.09,19.45,18.78,47312500,918930221.81,0.32,0.06,1.36,19.03,19.323999999999998,,,云铝股份
000807,2025-09-26 00:00:00,2025-09-26,18.96,19.38,19.63,18.68,41188100,810443467.29,1.52,0.29,1.19,19.09,19.234,,,云铝股份
000807,2025-09-29 00:00:00,2025-09-29,19.58,19.93,20.02,19.41,42383900,852416149.19,2.84,0.55,1.22,19.38,19.162,19.277,,云铝股份
000807,2025-09-30 00:00:00,2025-09-30,19.98,20.28,20.57,19.86,41829800,859619513.97,1.76,0.35,1.21,19.93,19.272,19.319,,云铝股份
000807,2025-10-09 00:00:00,2025-10-09,20.98,21.32,21.39,20.34,84699600,1799896418.99,5.13,1.04,2.44,20.28,19.542,19.374000000000002,,云铝股份
000807,2025-10-10 00:00:00,2025-10-10,20.99,20.67,21.28,20.48,62371000,1318915429.41,-3.05,-0.65,1.8,21.32,20.0,19.4985,,云铝股份
000807,2025-10-13 00:00:00,2025-10-13,19.74,20.45,20.55,19.73,55651500,1142155871.15,-1.06,-0.22,1.6,20.67,20.316,19.613500000000002,,云铝股份
000807,2025-10-14 00:00:00,2025-10-14,20.98,20.23,21.38,20.01,82043700,1728984911.63,-1.08,-0.22,2.37,20.45,20.53,19.693,,云铝股份
000807,2025-10-15 00:00:00,2025-10-15,20.34,20.58,20.89,20.03,57336200,1193358237.34,1.73,0.35,1.65,20.23,20.59,19.775,,云铝股份
000807,2025-10-16 00:00:00,2025-10-16,20.57,20.47,21.38,20.28,61961000,1309176569.25,-0.53,-0.11,1.79,20.58,20.65,19.880000000000003,,云铝股份
000807,2025-10-17 00:00:00,2025-10-17,20.8,20.36,21.22,20.26,59541300,1252736501.2,-0.54,-0.11,1.72,20.47,20.48,19.990499999999997,,云铝股份
000807,2025-10-20 00:00:00,2025-10-20,20.66,20.72,21.17,20.13,56752500,1190192948.4,1.77,0.36,1.64,20.36,20.418,20.0565,,云铝股份
000807,2025-10-21 00:00:00,2025-10-21,20.96,21.68,21.95,20.6,66745700,1459606922.0,4.63,0.96,1.92,20.72,20.472,20.068,,云铝股份
000807,2025-10-22 00:00:00,2025-10-22,21.38,21.86,22.26,21.23,65258000,1445062803.68,0.83,0.18,1.88,21.68,20.761999999999997,20.1315,,云铝股份
000807,2025-10-23 00:00:00,2025-10-23,21.99,22.61,22.81,21.94,66335100,1510389546.21,3.43,0.75,1.91,21.86,21.017999999999997,20.211499999999997,,云铝股份
000807,2025-10-24 00:00:00,2025-10-24,23.24,22.86,23.56,22.18,79132700,1829066578.24,1.11,0.25,2.28,22.61,21.445999999999998,20.3125,,云铝股份
000807,2025-10-27 00:00:00,2025-10-27,22.18,22.88,23.15,21.9,113364100,2586238054.38,0.09,0.02,3.27,22.86,21.945999999999998,20.4785,,云铝股份
000807,2025-10-28 00:00:00,2025-10-28,22.83,21.95,23.04,21.88,71278700,1596500413.81,-4.06,-0.93,2.06,22.88,22.377999999999997,20.6355,,云铝股份
000807,2025-10-29 00:00:00,2025-10-29,22.25,23.61,23.85,22.2,89947600,2077560637.68,7.56,1.66,2.59,21.95,22.432,20.764,,云铝股份
000807,2025-10-30 00:00:00,2025-10-30,23.31,23.58,23.96,23.15,69253500,1635215514.25,-0.13,-0.03,2.0,23.61,22.782,20.997999999999998,,云铝股份
000807,2025-10-31 00:00:00,2025-10-31,23.5,22.99,23.52,22.68,51491100,1184292902.87,-2.5,-0.59,1.48,23.58,22.976,21.2255,,云铝股份
000807,2025-11-03 00:00:00,2025-11-03,23.24,24.29,24.32,22.8,85389700,2014887398.21,5.65,1.3,2.46,22.99,23.002,21.420499999999997,,云铝股份
000807,2025-11-04 00:00:00,2025-11-04,24.01,23.67,24.54,23.03,66857900,1588881376.18,-2.55,-0.62,1.93,24.29,23.284,21.665999999999997,,云铝股份
000807,2025-11-05 00:00:00,2025-11-05,22.85,22.96,23.15,22.29,57198800,1302847385.83,-3.0,-0.71,1.65,23.67,23.628,21.853,,云铝股份
000807,2025-11-06 00:00:00,2025-11-06,22.94,25.0,25.11,22.88,96575400,2339767688.6,8.89,2.04,2.78,22.96,23.498,21.987000000000002,,云铝股份
000807,2025-11-07 00:00:00,2025-11-07,24.55,25.32,25.64,24.55,70152500,1770716393.35,1.28,0.32,2.02,25.0,23.782,22.171,,云铝股份
000807,2025-11-10 00:00:00,2025-11-10,25.4,25.23,25.95,24.62,64094500,1616219317.06,-0.36,-0.09,1.85,25.32,24.247999999999998,22.4035,,云铝股份
000807,2025-11-11 00:00:00,2025-11-11,25.3,24.93,25.47,24.35,49141500,1214082131.67,-1.19,-0.3,1.42,25.23,24.436,22.6425,,云铝股份
000807,2025-11-12 00:00:00,2025-11-12,24.72,26.0,26.35,24.66,78713000,2026146707.07,4.29,1.07,2.27,24.93,24.688,22.877499999999998,,云铝股份
000807,2025-11-13 00:00:00,2025-11-13,26.3,26.7,27.44,26.0,98299100,2622365800.48,2.69,0.7,2.83,26.0,25.296,23.1485,,云铝股份
000807,2025-11-14 00:00:00,2025-11-14,26.32,25.95,26.6,25.9,51443700,1344088679.38,-2.81,-0.75,1.48,26.7,25.636000000000003,23.46,,云铝股份
000807,2025-11-17 00:00:00,2025-11-17,25.45,24.98,25.69,24.69,55449800,1396392725.32,-3.74,-0.97,1.6,25.95,25.762,23.7395,,云铝股份
000807,2025-11-18 00:00:00,2025-11-18,24.49,23.7,24.49,23.49,80220400,1914163192.51,-5.12,-1.28,2.31,24.98,25.712,23.952499999999997,,云铝股份
000807,2025-11-19 00:00:00,2025-11-19,23.74,24.12,24.43,23.74,46536400,1121074475.86,1.77,0.42,1.34,23.7,25.466,24.0535,,云铝股份
000807,2025-11-20 00:00:00,2025-11-20,24.29,24.0,24.81,24.0,35804600,872155173.08,-0.5,-0.12,1.03,24.12,25.09,24.166500000000003,,云铝股份
000807,2025-11-21 00:00:00,2025-11-21,23.57,22.95,23.84,22.68,78105700,1810131259.72,-4.38,-1.05,2.25,24.0,24.55,24.236,,云铝股份
000807,2025-11-24 00:00:00,2025-11-24,23.17,23.22,23.44,22.7,44806800,1033733445.39,1.18,0.27,1.29,22.95,23.95,24.2405,,云铝股份
000807,2025-11-25 00:00:00,2025-11-25,23.47,23.54,24.07,23.13,52243900,1227885414.95,1.38,0.32,1.51,23.22,23.598000000000003,24.2575,,云铝股份
000807,2025-11-26 00:00:00,2025-11-26,24.21,23.95,24.82,23.95,66713400,1619832331.77,1.74,0.41,1.92,23.54,23.566,24.337,,云铝股份
000807,2025-11-27 00:00:00,2025-11-27,24.59,24.44,25.06,24.3,56885400,1403180152.58,2.05,0.49,1.64,23.95,23.532,24.354,,云铝股份
000807,2025-11-28 00:00:00,2025-11-28,24.45,24.7,24.89,24.29,31792100,783251035.5,1.06,0.26,0.92,24.44,23.619999999999997,24.397,,云铝股份
000807,2025-12-01 00:00:00,2025-12-01,25.4,25.24,25.75,25.08,52164800,1324819186.55,2.19,0.54,1.5,24.7,23.97,24.482499999999998,,云铝股份
000807,2025-12-02 00:00:00,2025-12-02,25.25,25.14,25.25,24.76,30301400,758511449.38,-0.4,-0.1,0.87,25.24,24.374,24.53,21.824333333333335,云铝股份
000807,2025-12-03 00:00:00,2025-12-03,25.1,26.44,26.8,25.0,65041400,1702883278.11,5.17,1.3,1.88,25.14,24.694,24.6035,21.925166666666666,云铝股份
000807,2025-12-04 00:00:00,2025-12-04,27.1,26.72,27.49,26.41,65423900,1765210025.35,1.06,0.28,1.89,26.44,25.192,24.777499999999996,22.046166666666668,云铝股份
000807,2025-12-05 00:00:00,2025-12-05,26.87,28.31,28.5,26.87,63233400,1764738610.55,5.95,1.59,1.82,26.72,25.648000000000003,24.8635,22.177666666666667,云铝股份
000807,2025-12-08 00:00:00,2025-12-08,28.21,28.31,28.37,27.56,58795700,1644973368.72,0.0,0.0,1.7,28.31,26.369999999999997,25.012999999999998,22.34333333333333,云铝股份
000807,2025-12-09 00:00:00,2025-12-09,27.77,27.09,27.99,26.72,64836700,1765700263.66,-4.31,-1.22,1.87,28.31,26.984,25.167,22.500833333333333,云铝股份
000807,2025-12-10 00:00:00,2025-12-10,27.15,27.28,27.45,26.84,30430400,827119555.31,0.7,0.19,0.88,27.09,27.374000000000002,25.275,22.6425,云铝股份
000807,2025-12-11 00:00:00,2025-12-11,27.49,26.9,27.85,26.84,34807900,948774742.97,-1.39,-0.38,1.0,27.28,27.542,25.339000000000002,22.789166666666667,云铝股份
000807,2025-12-12 00:00:00,2025-12-12,27.42,27.42,27.88,27.25,41478100,1141327982.11,1.93,0.52,1.2,26.9,27.578000000000003,25.349,22.93316666666667,云铝股份
000807,2025-12-15 00:00:00,2025-12-15,26.84,27.12,27.53,26.6,31514000,856257101.39,-1.09,-0.3,0.91,27.42,27.4,25.4225,23.07283333333333,云铝股份
000807,2025-12-16 00:00:00,2025-12-16,26.97,26.56,27.01,26.0,41470100,1094118792.57,-2.06,-0.56,1.2,27.12,27.162,25.529500000000002,23.183333333333334,云铝股份
000807,2025-12-17 00:00:00,2025-12-17,26.8,27.49,27.77,26.78,40371400,1103865239.48,3.5,0.93,1.16,26.56,27.056,25.672499999999996,23.285833333333336,云铝股份
000807,2025-12-18 00:00:00,2025-12-18,27.52,27.45,28.15,27.25,27901600,772583781.71,-0.15,-0.04,0.8,27.49,27.098000000000003,25.840999999999998,23.406333333333336,云铝股份
000807,2025-12-19 00:00:00,2025-12-19,27.59,29.23,29.4,27.11,59199300,1697115470.43,6.48,1.78,1.71,27.45,27.208,26.0135,23.520666666666667,云铝股份
000807,2025-12-22 00:00:00,2025-12-22,29.28,29.38,29.96,29.06,51771200,1526372077.89,0.51,0.15,1.49,29.23,27.57,26.327499999999997,23.682166666666667,云铝股份
000807,2025-12-23 00:00:00,2025-12-23,29.0,29.44,30.15,28.73,43837000,1291854448.37,0.2,0.06,1.26,29.38,28.022,26.6355,23.84283333333333,云铝股份
000807,2025-12-24 00:00:00,2025-12-24,29.45,29.96,30.28,28.88,40620600,1205439374.87,1.77,0.52,1.17,29.44,28.598000000000003,26.930500000000002,24.0105,云铝股份
000807,2025-12-25 00:00:00,2025-12-25,29.42,29.62,29.77,28.98,26162900,768755244.56,-1.13,-0.34,0.75,29.96,29.092000000000002,27.231,24.194333333333336,云铝股份
000807,2025-12-26 00:00:00,2025-12-26,29.93,30.5,31.0,29.7,51345400,1559785864.28,2.97,0.88,1.48,29.62,29.526,27.49,24.370833333333334,云铝股份
000807,2025-12-29 00:00:00,2025-12-29,30.76,29.63,31.17,29.41,55099300,1660339062.59,-2.85,-0.87,1.59,30.5,29.78,27.779999999999994,24.560999999999996,云铝股份
000807,2025-12-30 00:00:00,2025-12-30,29.0,31.65,31.73,28.9,61179300,1881311387.9,6.82,2.02,1.76,29.63,29.830000000000002,27.999499999999994,24.731833333333334,云铝股份
000807,2025-12-31 00:00:00,2025-12-31,31.62,32.84,33.0,31.36,58504100,1888995533.33,3.76,1.19,1.69,31.65,30.272000000000002,28.325,24.927166666666665,云铝股份
000807,2026-01-05 00:00:00,2026-01-05,34.01,33.78,34.71,32.98,71943300,2441290668.5,2.86,0.94,2.07,32.84,30.848000000000003,28.645,25.1365,云铝股份
000807,2026-01-06 00:00:00,2026-01-06,34.3,34.9,35.85,33.4,90044400,3104668967.93,3.32,1.12,2.6,33.78,31.68,28.998,25.34416666666667,云铝股份
000807,2026-01-07 00:00:00,2026-01-07,34.85,33.78,34.85,33.6,78510100,2680371160.18,-3.21,-1.12,2.26,34.9,32.56,29.327500000000004,25.58133333333333,云铝股份
000807,2026-01-08 00:00:00,2026-01-08,33.19,33.14,34.2,32.88,72190100,2405057475.21,-1.89,-0.64,2.08,33.78,33.39,29.601,25.8035,云铝股份
000807,2026-01-09 00:00:00,2026-01-09,32.7,33.53,34.19,32.7,57355100,1932710781.3,1.18,0.39,1.65,33.14,33.688,29.903499999999998,26.018666666666665,云铝股份
000807,2026-01-12 00:00:00,2026-01-12,34.25,33.24,34.56,32.8,70802100,2374610090.08,-0.86,-0.29,2.04,33.53,33.826,30.215999999999998,26.2345,云铝股份
000807,2026-01-13 00:00:00,2026-01-13,32.86,33.21,34.36,32.66,95400200,3193548758.64,-0.09,-0.03,2.75,33.24,33.718,30.532999999999998,26.447333333333333,云铝股份
000807,2026-01-14 00:00:00,2026-01-14,33.53,32.69,33.9,32.48,101717400,3355091780.11,-1.57,-0.52,2.93,33.21,33.38,30.8225,26.6615,云铝股份
000807,2026-01-15 00:00:00,2026-01-15,32.79,33.16,34.52,32.32,109001300,3639676427.04,1.44,0.47,3.14,32.69,33.162,31.101000000000006,26.861,云铝股份
000807,2026-01-16 00:00:00,2026-01-16,33.31,32.46,34.3,32.37,82197200,2728861859.87,-2.11,-0.7,2.37,33.16,33.166000000000004,31.431,27.05233333333333,云铝股份
000807,2026-01-19 00:00:00,2026-01-19,32.51,32.98,33.11,31.7,70277300,2295228060.93,1.6,0.52,2.03,32.46,32.952,31.679499999999997,27.229,云铝股份
000807,2026-01-20 00:00:00,2026-01-20,33.04,33.31,33.86,32.4,75401400,2506312070.21,1.0,0.33,2.17,32.98,32.9,31.956,27.401833333333332,云铝股份
000807,2026-01-21 00:00:00,2026-01-21,33.0,32.86,33.3,32.17,60887600,1989087815.08,-1.35,-0.45,1.76,33.31,32.92,32.160000000000004,27.576,云铝股份
000807,2026-01-22 00:00:00,2026-01-22,32.68,32.7,32.97,32.21,45507000,1483940109.0,-0.49,-0.16,1.31,32.86,32.95399999999999,32.334,27.74233333333333,云铝股份
000807,2026-01-23 00:00:00,2026-01-23,32.9,32.64,33.06,31.59,75995300,2462730540.04,-0.18,-0.06,2.19,32.7,32.862,32.497,27.921499999999998,云铝股份
000807,2026-01-26 00:00:00,2026-01-26,33.0,33.59,34.08,33.0,101936400,3422589552.42,2.91,0.95,2.94,32.64,32.898,32.631,28.072,云铝股份
000807,2026-01-27 00:00:00,2026-01-27,33.1,33.03,33.95,32.46,79321600,2632716174.97,-1.67,-0.56,2.29,33.59,33.019999999999996,32.8295,28.238833333333336,云铝股份
000807,2026-01-28 00:00:00,2026-01-28,33.38,36.33,36.33,33.0,114885300,4023741752.48,9.99,3.3,3.31,33.03,32.964,32.956,28.406166666666667,云铝股份
000807,2026-01-29 00:00:00,2026-01-29,37.0,37.0,38.23,35.01,142149000,5224201043.2,1.84,0.67,4.1,36.33,33.658,33.291000000000004,28.606833333333334,云铝股份
000807,2026-01-30 00:00:00,2026-01-30,35.61,33.64,35.74,33.3,130027700,4425534907.23,-9.08,-3.36,3.75,37.0,34.518,33.558499999999995,28.829,云铝股份
000807,2026-02-02 00:00:00,2026-02-02,32.0,32.22,34.31,31.82,125678000,4136435751.28,-4.22,-1.42,3.62,33.64,34.718,33.5985,29.007,云铝股份
000807,2026-02-03 00:00:00,2026-02-03,33.09,32.54,33.37,31.37,92307600,2965251566.73,0.99,0.32,2.66,32.22,34.444,33.5205,29.127333333333333,云铝股份
000807,2026-02-04 00:00:00,2026-02-04,32.92,32.8,33.34,32.41,55403000,1819245477.55,0.8,0.26,1.6,32.54,34.346000000000004,33.402499999999996,29.247666666666667,云铝股份
000807,2026-02-05 00:00:00,2026-02-05,32.31,31.49,32.75,30.64,70588800,2212877157.26,-3.99,-1.31,2.04,32.8,33.64,33.353500000000004,29.373833333333334,云铝股份
000807,2026-02-06 00:00:00,2026-02-06,30.93,31.7,32.6,30.6,56336900,1799008881.57,0.67,0.21,1.62,31.49,32.538,33.271,29.483166666666666,云铝股份
000807,2026-02-09 00:00:00,2026-02-09,32.25,31.7,32.26,31.45,41994800,1332085908.98,0.0,0.0,1.21,31.7,32.15,33.179500000000004,29.578166666666668,云铝股份
000807,2026-02-10 00:00:00,2026-02-10,31.77,31.61,32.08,31.37,32128100,1016856320.81,-0.28,-0.09,0.93,31.7,32.046,33.102500000000006,29.661499999999997,云铝股份
000807,2026-02-11 00:00:00,2026-02-11,31.53,32.04,32.43,31.53,35843900,1148748252.05,1.36,0.43,1.03,31.61,31.859999999999996,33.0225,29.755833333333335,云铝股份
000807,2026-02-12 00:00:00,2026-02-12,31.98,31.24,32.32,31.2,46451900,1467640268.39,-2.5,-0.8,1.34,32.04,31.708,32.989999999999995,29.8735,云铝股份
000807,2026-02-13 00:00:00,2026-02-13,30.82,30.2,31.08,29.97,62308800,1895284055.85,-3.33,-1.04,1.8,31.24,31.657999999999998,32.894,29.999166666666667,云铝股份
000807,2026-02-24 00:00:00,2026-02-24,30.78,30.38,31.06,30.24,45685100,1397388372.64,0.6,0.18,1.32,30.2,31.357999999999997,32.781,30.1005,云铝股份
000807,2026-02-25 00:00:00,2026-02-25,30.6,31.36,31.7,30.41,60168000,1877698359.45,3.23,0.98,1.73,30.38,31.094,32.650999999999996,30.206833333333332,云铝股份
000807,2026-02-26 00:00:00,2026-02-26,31.7,30.99,31.7,30.77,44052200,1366612617.14,-1.18,-0.37,1.27,31.36,31.044,32.5535,30.347,云铝股份
000807,2026-02-27 00:00:00,2026-02-27,30.71,31.2,31.98,30.65,50316800,1574343755.06,0.68,0.21,1.45,30.99,30.833999999999996,32.459999999999994,30.4765,云铝股份
000807,2026-03-02 00:00:00,2026-03-02,31.7,32.85,33.06,30.68,114876800,3658074659.88,5.29,1.65,3.31,31.2,30.826,32.385000000000005,30.604166666666668,云铝股份
000807,2026-03-03 00:00:00,2026-03-03,33.13,32.46,33.97,32.02,130311000,4303110721.26,-1.19,-0.39,3.76,32.85,31.356,32.395500000000006,30.7525,云铝股份
000807,2026-03-04 00:00:00,2026-03-04,33.3,34.24,35.2,33.18,122601700,4201737733.85,5.48,1.78,3.54,32.46,31.772000000000002,32.339,30.886166666666668,云铝股份
000807,2026-03-05 00:00:00,2026-03-05,35.0,35.46,36.11,34.51,103504400,3659373698.0,3.56,1.22,2.98,34.24,32.348,32.3995,31.045166666666667,云铝股份
002049,2025-09-02 00:00:00,2025-09-02,81.87,77.55,82.09,77.06,43371500,3423014999.55,-5.67,-4.66,5.11,82.21,,,,紫光国微
002049,2025-09-03 00:00:00,2025-09-03,77.88,75.85,79.25,75.38,30139700,2326460815.63,-2.19,-1.7,3.55,77.55,,,,紫光国微
002049,2025-09-04 00:00:00,2025-09-04,76.0,72.98,77.28,71.85,33975600,2524967231.5,-3.78,-2.87,4.0,75.85,,,,紫光国微
002049,2025-09-05 00:00:00,2025-09-05,73.0,74.61,74.76,72.01,22960700,1689881194.78,2.23,1.63,2.7,72.98,,,,紫光国微
002049,2025-09-08 00:00:00,2025-09-08,74.78,75.12,75.39,74.0,17108600,1276508652.76,0.68,0.51,2.01,74.61,76.64,,,紫光国微
002049,2025-09-09 00:00:00,2025-09-09,74.77,73.7,74.77,73.24,15584200,1153130350.89,-1.89,-1.42,1.83,75.12,75.22200000000001,,,紫光国微
002049,2025-09-10 00:00:00,2025-09-10,74.91,75.38,76.85,74.68,26754800,2023793893.24,2.28,1.68,3.15,73.7,74.452,,,紫光国微
002049,2025-09-11 00:00:00,2025-09-11,75.0,77.6,77.68,74.21,28849600,2206447662.74,2.95,2.22,3.4,75.38,74.35799999999999,,,紫光国微
002049,2025-09-12 00:00:00,2025-09-12,77.6,78.33,79.21,77.01,28016600,2200430276.3,0.94,0.73,3.3,77.6,75.28200000000001,,,紫光国微
002049,2025-09-15 00:00:00,2025-09-15,80.0,78.64,80.68,78.38,27582000,2181931809.26,0.4,0.31,3.25,78.33,76.026,,,紫光国微
002049,2025-09-16 00:00:00,2025-09-16,78.0,78.43,79.22,77.72,18988900,1488304799.83,-0.27,-0.21,2.24,78.64,76.72999999999999,,,紫光国微
002049,2025-09-17 00:00:00,2025-09-17,78.0,77.67,78.89,76.93,21234200,1651277707.73,-0.97,-0.76,2.5,78.43,77.676,,,紫光国微
002049,2025-09-18 00:00:00,2025-09-18,77.67,78.66,81.49,77.61,42450000,3380563979.67,1.27,0.99,5.0,77.67,78.134,,,紫光国微
002049,2025-09-19 00:00:00,2025-09-19,78.66,79.45,81.3,78.66,31567200,2528835957.08,1.0,0.79,3.72,78.66,78.346,,,紫光国微
002049,2025-09-22 00:00:00,2025-09-22,79.25,80.18,80.8,78.9,21798900,1746316712.55,0.92,0.73,2.57,79.45,78.57000000000001,,,紫光国微
002049,2025-09-23 00:00:00,2025-09-23,80.07,79.26,80.18,77.46,25247700,1985271342.2,-1.15,-0.92,2.97,80.18,78.87800000000001,,,紫光国微
002049,2025-09-24 00:00:00,2025-09-24,78.78,81.79,82.0,78.41,41042900,3324296192.94,3.19,2.53,4.83,79.26,79.04400000000001,,,紫光国微
002049,2025-09-25 00:00:00,2025-09-25,81.16,84.0,85.32,80.81,43818200,3648226348.91,2.7,2.21,5.16,81.79,79.86800000000001,,,紫光国微
002049,2025-09-26 00:00:00,2025-09-26,86.0,89.0,92.4,86.0,85167400,7695987307.69,5.95,5.0,10.03,84.0,80.936,,,紫光国微
002049,2025-09-29 00:00:00,2025-09-29,87.52,87.4,88.79,85.29,48349000,4204093601.63,-1.8,-1.6,5.69,89.0,82.846,78.5205,,紫光国微
002049,2025-09-30 00:00:00,2025-09-30,88.1,90.31,91.5,88.1,45453000,4106619291.0,3.33,2.91,5.35,87.4,84.28999999999999,78.78,,紫光国微
002049,2025-10-09 00:00:00,2025-10-09,91.8,92.78,94.83,89.58,52131400,4819032515.44,2.74,2.47,6.14,90.31,86.5,79.418,,紫光国微
002049,2025-10-10 00:00:00,2025-10-10,90.89,86.24,91.42,86.08,39747500,3498299235.45,-7.05,-6.54,4.68,92.78,88.69800000000001,80.26450000000001,,紫光国微
002049,2025-10-13 00:00:00,2025-10-13,82.62,88.22,88.45,82.6,33855500,2940811805.13,2.3,1.98,3.99,86.24,89.146,80.92750000000001,,紫光国微
002049,2025-10-14 00:00:00,2025-10-14,91.26,83.89,91.55,83.18,42541800,3688030993.38,-4.91,-4.33,5.01,88.22,88.99,81.60799999999999,,紫光国微
002049,2025-10-15 00:00:00,2025-10-15,83.93,85.53,86.45,82.82,24503500,2066418512.67,1.95,1.64,2.88,83.89,88.288,82.04650000000001,,紫光国微
002049,2025-10-16 00:00:00,2025-10-16,85.0,84.21,87.25,83.68,28271000,2413795798.5,-1.54,-1.32,3.33,85.53,87.33200000000001,82.638,,紫光国微
002049,2025-10-17 00:00:00,2025-10-17,84.11,79.44,84.3,79.23,29255600,2373807431.26,-5.66,-4.77,3.44,84.21,85.618,83.0795,,紫光国微
002049,2025-10-20 00:00:00,2025-10-20,80.8,80.57,82.56,79.87,22493400,1823327446.22,1.42,1.13,2.65,79.44,84.25800000000001,83.17150000000001,,紫光国微
002049,2025-10-21 00:00:00,2025-10-21,81.23,81.97,82.58,81.03,20340700,1667544047.92,1.74,1.4,2.39,80.57,82.728,83.2835,,紫光国微
002049,2025-10-22 00:00:00,2025-10-22,81.34,80.88,81.89,80.11,13743200,1111991633.25,-1.33,-1.09,1.62,81.97,82.34400000000001,83.45,,紫光国微
002049,2025-10-23 00:00:00,2025-10-23,80.44,79.72,81.09,78.1,18620100,1472302197.66,-1.43,-1.16,2.19,80.88,81.41399999999999,83.57249999999999,,紫光国微
002049,2025-10-24 00:00:00,2025-10-24,80.9,82.4,83.07,80.6,27256400,2234660559.63,3.36,2.68,3.21,79.72,80.51599999999999,83.675,,紫光国微
002049,2025-10-27 00:00:00,2025-10-27,83.68,84.74,84.74,82.71,30212400,2533358547.94,2.84,2.34,3.56,82.4,81.10799999999999,83.862,,紫光国微
002049,2025-10-28 00:00:00,2025-10-28,86.08,86.92,88.72,85.18,47271500,4128768589.11,2.57,2.18,5.56,84.74,81.942,84.1265,,紫光国微
002049,2025-10-29 00:00:00,2025-10-29,86.93,87.42,88.55,86.5,28966000,2530852710.37,0.58,0.5,3.41,86.92,82.932,84.4635,,紫光国微
002049,2025-10-30 00:00:00,2025-10-30,87.42,85.13,87.43,85.06,25525400,2194706191.99,-2.62,-2.29,3.0,87.42,84.24,84.8715,,紫光国微
002049,2025-10-31 00:00:00,2025-10-31,85.0,81.74,85.13,81.64,31468700,2604032985.15,-3.98,-3.39,3.7,85.13,85.322,85.0385,,紫光国微
002049,2025-11-03 00:00:00,2025-11-03,81.6,83.51,83.56,79.29,32658600,2660175821.07,2.17,1.77,3.84,81.74,85.19000000000001,84.9255,,紫光国微
002049,2025-11-04 00:00:00,2025-11-04,82.83,80.99,83.48,80.51,20928800,1708973601.47,-3.02,-2.52,2.46,83.51,84.944,84.651,,紫光国微
002049,2025-11-05 00:00:00,2025-11-05,79.0,79.79,80.3,78.8,23855800,1895817613.37,-1.48,-1.2,2.81,80.99,83.758,84.3305,,紫光国微
002049,2025-11-06 00:00:00,2025-11-06,80.7,81.18,82.18,80.2,22400700,1818833409.32,1.74,1.39,2.64,79.79,82.232,83.80449999999999,,紫光国微
002049,2025-11-07 00:00:00,2025-11-07,80.02,79.18,80.22,78.93,18999100,1510212518.87,-2.46,-2.0,2.24,81.18,81.442,83.2245,,紫光国微
002049,2025-11-10 00:00:00,2025-11-10,79.3,78.83,80.35,77.7,23530400,1851820671.36,-0.44,-0.35,2.77,79.18,80.93,82.8715,,紫光国微
002049,2025-11-11 00:00:00,2025-11-11,79.0,77.26,79.78,77.23,17944400,1406398920.17,-1.99,-1.57,2.11,78.83,79.994,82.40200000000002,,紫光国微
002049,2025-11-12 00:00:00,2025-11-12,77.0,76.02,77.19,75.15,18507700,1408352473.08,-1.6,-1.24,2.18,77.26,79.248,82.07050000000001,,紫光国微
002049,2025-11-13 00:00:00,2025-11-13,76.03,77.55,77.59,75.6,18189500,1400355775.15,2.01,1.53,2.14,76.02,78.494,81.595,,紫光国微
002049,2025-11-14 00:00:00,2025-11-14,76.15,74.85,76.4,74.85,19416000,1468897517.61,-3.48,-2.7,2.29,77.55,77.768,81.262,,紫光国微
002049,2025-11-17 00:00:00,2025-11-17,75.42,75.6,76.29,75.18,12897000,976641238.58,1.0,0.75,1.52,74.85,76.902,81.0325,,紫光国微
002049,2025-11-18 00:00:00,2025-11-18,75.25,76.23,77.11,75.18,16656000,1272246553.08,0.83,0.63,1.96,75.6,76.256,80.784,,紫光国微
002049,2025-11-19 00:00:00,2025-11-19,76.01,75.22,76.22,74.76,14245200,1074511224.41,-1.32,-1.01,1.68,76.23,76.05,80.497,,紫光国微
002049,2025-11-20 00:00:00,2025-11-20,75.91,74.65,76.15,74.33,13899900,1040494222.8,-0.76,-0.57,1.64,75.22,75.89,80.21400000000001,,紫光国微
002049,2025-11-21 00:00:00,2025-11-21,73.16,72.23,73.85,71.92,19720400,1436406269.15,-3.24,-2.42,2.32,74.65,75.30999999999999,79.9605,,紫光国微
002049,2025-11-24 00:00:00,2025-11-24,73.06,73.11,73.76,72.2,13788700,1004331154.48,1.22,0.88,1.62,72.23,74.786,79.452,,紫光国微
002049,2025-11-25 00:00:00,2025-11-25,73.9,75.02,76.35,73.68,21026400,1579876223.97,2.61,1.91,2.48,73.11,74.288,78.87049999999999,,紫光国微
002049,2025-11-26 00:00:00,2025-11-26,74.75,75.5,76.32,74.51,17546400,1329574244.86,0.64,0.48,2.07,75.02,74.046,78.2755,,紫光国微
002049,2025-11-27 00:00:00,2025-11-27,75.3,75.02,76.51,74.9,14359500,1085804809.13,-0.64,-0.48,1.69,75.5,74.102,77.6795,,紫光国微
002049,2025-11-28 00:00:00,2025-11-28,74.8,76.06,76.16,74.61,13011200,984923496.39,1.39,1.04,1.53,75.02,74.176,77.174,,紫光国微
002049,2025-12-01 00:00:00,2025-12-01,76.5,77.69,77.7,75.99,17782700,1371047818.81,2.14,1.63,2.09,76.06,74.94200000000001,76.89,,紫光国微
002049,2025-12-02 00:00:00,2025-12-02,77.99,76.22,77.99,75.9,13872200,1060719571.6,-1.89,-1.47,1.63,77.69,75.85799999999999,76.599,79.9235,紫光国微
002049,2025-12-03 00:00:00,2025-12-03,76.2,76.06,77.13,75.87,11472800,876039412.87,-0.21,-0.16,1.35,76.22,76.098,76.3605,79.82366666666667,紫光国微
002049,2025-12-04 00:00:00,2025-12-04,75.68,76.41,76.73,75.29,9860800,749827611.63,0.46,0.35,1.16,76.06,76.21000000000001,76.174,79.79883333333332,紫光国微
002049,2025-12-05 00:00:00,2025-12-05,76.1,76.73,76.88,75.33,10016600,762946206.81,0.42,0.32,1.18,76.41,76.48799999999999,75.93549999999999,79.80816666666668,紫光国微
002049,2025-12-08 00:00:00,2025-12-08,77.01,77.41,77.75,76.73,16066300,1241735858.14,0.89,0.68,1.89,76.73,76.622,75.813,79.87066666666666,紫光国微
002049,2025-12-09 00:00:00,2025-12-09,77.01,77.04,77.9,76.81,12068700,931523719.37,-0.48,-0.37,1.42,77.41,76.566,75.74199999999999,79.91733333333333,紫光国微
002049,2025-12-10 00:00:00,2025-12-10,76.64,77.23,77.8,75.8,11844200,911524437.73,0.25,0.19,1.39,77.04,76.72999999999999,75.731,79.94933333333333,紫光国微
002049,2025-12-11 00:00:00,2025-12-11,77.4,75.95,77.6,75.81,13631000,1045299533.49,-1.66,-1.28,1.6,77.23,76.964,75.7915,80.00816666666667,紫光国微
002049,2025-12-12 00:00:00,2025-12-12,76.02,77.02,77.41,75.36,16741700,1281176093.17,1.41,1.07,1.97,75.95,76.872,75.7115,80.01766666666667,紫光国微
002049,2025-12-15 00:00:00,2025-12-15,76.25,75.15,76.79,74.9,13675700,1035596998.89,-2.43,-1.87,1.61,77.02,76.93,75.82000000000001,80.008,紫光国微
002049,2025-12-16 00:00:00,2025-12-16,75.12,73.72,75.39,73.2,13060900,966657572.59,-1.9,-1.43,1.54,75.15,76.478,75.7975,79.955,紫光国微
002049,2025-12-17 00:00:00,2025-12-17,73.66,75.06,75.42,73.0,12214200,906929497.48,1.82,1.34,1.44,73.72,75.81400000000001,75.672,79.873,紫光国微
002049,2025-12-18 00:00:00,2025-12-18,74.48,76.49,77.5,74.33,21826000,1668299419.25,1.91,1.43,2.57,75.06,75.38000000000001,75.664,79.81683333333334,紫光国微
002049,2025-12-19 00:00:00,2025-12-19,76.93,75.85,77.13,75.81,14104800,1077242464.11,-0.84,-0.64,1.66,76.49,75.48800000000001,75.756,79.79716666666667,紫光国微
002049,2025-12-22 00:00:00,2025-12-22,76.15,77.16,77.58,76.14,16624800,1281715564.8,1.73,1.31,1.96,75.85,75.25399999999999,75.937,79.75033333333334,紫光国微
002049,2025-12-23 00:00:00,2025-12-23,77.0,76.51,77.48,76.16,14701400,1128255034.18,-0.84,-0.65,1.73,77.16,75.65599999999999,76.13950000000001,79.71216666666666,紫光国微
002049,2025-12-24 00:00:00,2025-12-24,76.42,77.92,77.98,76.3,20291500,1571851390.78,1.84,1.41,2.39,76.51,76.214,76.214,79.65100000000001,紫光国微
002049,2025-12-25 00:00:00,2025-12-25,77.88,79.17,79.47,77.36,24613000,1933961273.9,1.6,1.25,2.9,77.92,76.78599999999999,76.335,79.62866666666667,紫光国微
002049,2025-12-26 00:00:00,2025-12-26,79.78,80.22,82.0,79.22,29654500,2388729267.17,1.33,1.05,3.49,79.17,77.32199999999999,76.54249999999999,79.58500000000001,紫光国微
002049,2025-12-29 00:00:00,2025-12-29,79.8,78.81,80.79,78.62,23558600,1869326613.23,-1.76,-1.41,2.77,80.22,78.196,76.7505,79.52199999999999,紫光国微
002049,2026-01-15 00:00:00,2026-01-15,86.69,86.69,86.69,86.69,12036900,1043474786.57,10.0,7.88,1.42,78.81,78.52600000000001,76.8065,79.35216666666666,紫光国微
002049,2026-01-16 00:00:00,2026-01-16,91.99,86.04,91.99,83.85,99071500,8602744595.09,-0.75,-0.65,11.66,86.69,80.562,77.33,79.34033333333332,紫光国微
002049,2026-01-19 00:00:00,2026-01-19,85.01,84.5,86.36,82.95,47255800,3997477700.64,-1.79,-1.54,5.56,86.04,82.18599999999999,77.829,79.26916666666668,紫光国微
002049,2026-01-20 00:00:00,2026-01-20,83.87,82.05,85.3,81.4,40015300,3324543086.75,-2.9,-2.45,4.71,84.5,83.252,78.2335,79.13116666666669,紫光国微
002049,2026-01-21 00:00:00,2026-01-21,81.11,86.36,88.0,81.11,61749300,5332802084.6,5.25,4.31,7.27,82.05,83.618,78.4995,79.06133333333332,紫光国微
002049,2026-01-22 00:00:00,2026-01-22,87.6,85.02,87.99,84.74,40634800,3484262488.68,-1.55,-1.34,4.78,86.36,85.128,78.947,79.03033333333335,紫光国微
002049,2026-01-23 00:00:00,2026-01-23,85.01,87.92,88.23,84.68,52023900,4529965545.82,3.41,2.9,6.12,85.02,84.794,79.346,79.04916666666666,紫光国微
002049,2026-01-26 00:00:00,2026-01-26,87.93,84.29,87.95,84.03,40731800,3479119428.57,-4.13,-3.63,4.79,87.92,85.16999999999999,79.88050000000001,79.089,紫光国微
002049,2026-01-27 00:00:00,2026-01-27,83.83,85.8,86.4,82.12,38149900,3229153051.74,1.79,1.51,4.49,84.29,85.12800000000001,80.2975,79.09033333333333,紫光国微
002049,2026-01-28 00:00:00,2026-01-28,86.11,87.91,89.11,86.11,49527600,4351487652.57,2.46,2.11,5.83,85.8,85.878,80.7365,79.19633333333333,紫光国微
002049,2026-01-29 00:00:00,2026-01-29,87.28,84.26,87.86,84.08,36445600,3121600116.51,-4.15,-3.65,4.29,87.91,86.188,81.37449999999998,79.31866666666666,紫光国微
002049,2026-01-30 00:00:00,2026-01-30,83.39,84.11,85.38,81.79,31168200,2611849197.08,-0.18,-0.15,3.67,84.26,86.036,81.90150000000001,79.35683333333333,紫光国微
002049,2026-02-02 00:00:00,2026-02-02,83.08,79.78,83.85,79.76,33307600,2712423550.74,-5.15,-4.33,3.92,84.11,85.274,82.354,79.41066666666666,紫光国微
002049,2026-02-03 00:00:00,2026-02-03,81.1,81.29,81.3,79.69,21118800,1703146451.92,1.89,1.51,2.49,79.78,84.372,82.51849999999999,79.41166666666668,紫光国微
002049,2026-02-04 00:00:00,2026-02-04,80.3,78.8,80.35,77.8,26993100,2129928994.89,-3.06,-2.49,3.18,81.29,83.47,82.7905,79.39316666666667,紫光国微
002049,2026-02-05 00:00:00,2026-02-05,77.53,77.48,78.2,76.5,17751800,1371213326.34,-1.68,-1.32,2.09,78.8,81.648,82.87249999999999,79.29416666666665,紫光国微
002049,2026-02-06 00:00:00,2026-02-06,76.88,76.56,77.56,76.02,16690300,1281956559.83,-1.19,-0.92,1.96,77.48,80.292,82.92099999999999,79.13683333333333,紫光国微
002049,2026-02-09 00:00:00,2026-02-09,77.7,78.0,78.07,77.09,17575900,1365680687.93,1.88,1.44,2.07,76.56,78.78200000000001,82.85300000000001,78.95583333333333,紫光国微
002049,2026-02-10 00:00:00,2026-02-10,77.99,77.94,78.93,77.55,14852500,1162282189.85,-0.08,-0.06,1.75,78.0,78.426,82.7945,78.83699999999999,紫光国微
002049,2026-02-11 00:00:00,2026-02-11,77.79,77.31,77.97,77.21,12023700,932184595.55,-0.81,-0.63,1.42,77.94,77.756,82.6805,78.77366666666667,紫光国微
002049,2026-02-12 00:00:00,2026-02-12,77.41,78.51,78.66,77.41,16353000,1277353558.09,1.55,1.2,1.93,77.31,77.458,82.6055,78.67033333333332,紫光国微
002049,2026-02-13 00:00:00,2026-02-13,77.86,77.49,78.85,77.49,13679500,1069260672.44,-1.3,-1.02,1.61,78.51,77.664,82.1965,78.62899999999999,紫光国微
002049,2026-02-24 00:00:00,2026-02-24,78.28,78.83,79.15,77.6,16378600,1286158581.1,1.73,1.34,1.93,77.49,77.85,81.769,78.59066666666666,紫光国微
002049,2026-02-25 00:00:00,2026-02-25,78.83,78.72,79.41,78.07,18420200,1450077307.16,-0.14,-0.11,2.17,78.83,78.01599999999999,81.4855,78.5515,紫光国微
002049,2026-02-26 00:00:00,2026-02-26,79.3,80.18,80.51,78.57,21160000,1685549104.01,1.85,1.46,2.49,78.72,78.172,81.319,78.54383333333334,紫光国微
002049,2026-02-27 00:00:00,2026-02-27,79.38,79.7,80.0,78.52,15507400,1228318435.37,-0.6,-0.48,1.83,80.18,78.74600000000001,81.01,78.56633333333335,紫光国微
002049,2026-03-02 00:00:00,2026-03-02,78.8,79.95,80.45,78.4,21559500,1714520860.75,0.31,0.25,2.54,79.7,78.98400000000001,80.744,78.607,紫光国微
002049,2026-03-03 00:00:00,2026-03-03,79.94,75.13,80.17,75.08,27968500,2160778239.01,-6.03,-4.82,3.29,79.95,79.476,80.3455,78.67249999999999,紫光国微
002049,2026-03-04 00:00:00,2026-03-04,74.6,74.48,76.38,73.99,16249100,1222844931.13,-0.87,-0.65,1.91,75.13,78.736,79.8875,78.63216666666668,紫光国微
002049,2026-03-05 00:00:00,2026-03-05,75.88,74.91,76.18,74.67,14419100,1089526135.86,0.58,0.43,1.7,74.48,77.888,79.3215,78.626,紫光国微
002050,2025-09-02 00:00:00,2025-09-02,31.98,32.88,33.88,30.62,255717600,8301432215.0,3.49,1.11,6.94,31.77,,,,三花智控
002050,2025-09-03 00:00:00,2025-09-03,32.76,31.13,32.85,30.76,182525700,5789739714.4,-5.32,-1.75,4.95,32.88,,,,三花智控
002050,2025-09-04 00:00:00,2025-09-04,31.19,29.67,31.5,29.06,145612400,4404522530.6,-4.69,-1.46,3.95,31.13,,,,三花智控
002050,2025-09-05 00:00:00,2025-09-05,29.58,30.58,30.72,29.28,98319700,2974872905.31,3.07,0.91,2.67,29.67,,,,三花智控
002050,2025-09-08 00:00:00,2025-09-08,31.36,33.65,33.65,31.2,111060200,3699593199.73,10.04,3.07,3.01,30.58,31.206,,,三花智控
002050,2025-09-09 00:00:00,2025-09-09,34.03,33.92,34.76,33.4,329795000,11268115590.91,0.8,0.27,8.95,33.65,31.582,,,三花智控
002050,2025-09-10 00:00:00,2025-09-10,33.44,33.38,34.46,32.7,222098600,7482643240.54,-1.59,-0.54,6.03,33.92,31.79,,,三花智控
002050,2025-09-11 00:00:00,2025-09-11,33.21,34.64,34.79,32.68,208240600,7099437416.31,3.77,1.26,5.65,33.38,32.239999999999995,,,三花智控
002050,2025-09-12 00:00:00,2025-09-12,34.89,34.38,35.63,34.38,190702900,6684477988.63,-0.75,-0.26,5.18,34.64,33.233999999999995,,,三花智控
002050,2025-09-15 00:00:00,2025-09-15,34.68,35.54,36.76,34.33,229051000,8213318038.99,3.37,1.16,6.22,34.38,33.994,,,三花智控
002050,2025-09-16 00:00:00,2025-09-16,36.06,39.11,39.11,35.84,238019300,8960440857.42,10.05,3.57,6.46,35.54,34.372,,,三花智控
002050,2025-09-17 00:00:00,2025-09-17,40.87,41.78,42.06,40.19,368160600,15151664848.98,6.83,2.67,9.99,39.11,35.410000000000004,,,三花智控
002050,2025-09-18 00:00:00,2025-09-18,42.89,45.43,45.97,42.61,486457900,21610523782.2,8.74,3.65,13.2,41.78,37.089999999999996,,,三花智控
002050,2025-09-19 00:00:00,2025-09-19,43.28,41.53,43.78,40.88,381590800,16069807391.96,-8.58,-3.9,10.36,45.43,39.248000000000005,,,三花智控
002050,2025-09-22 00:00:00,2025-09-22,41.75,42.85,43.34,41.59,263197800,11211059682.52,3.18,1.32,7.14,41.53,40.678,,,三花智控
002050,2025-09-23 00:00:00,2025-09-23,42.68,44.91,45.59,42.38,332288100,14718508895.75,4.81,2.06,9.02,42.85,42.14,,,三花智控
002050,2025-09-24 00:00:00,2025-09-24,43.88,44.43,44.66,42.65,259925800,11370714195.69,-1.07,-0.48,7.05,44.91,43.3,,,三花智控
002050,2025-09-25 00:00:00,2025-09-25,44.87,43.93,45.28,42.7,212990100,9375430765.59,-1.13,-0.5,5.78,44.43,43.83,,,三花智控
002050,2025-09-26 00:00:00,2025-09-26,43.01,43.0,45.03,42.88,203279700,8954687749.23,-2.12,-0.93,5.52,43.93,43.529999999999994,,,三花智控
002050,2025-09-29 00:00:00,2025-09-29,43.46,46.48,47.27,43.43,282796500,12894257859.12,8.09,3.48,7.68,43.0,43.824,37.4255,,三花智控
002050,2025-09-30 00:00:00,2025-09-30,46.17,48.31,48.78,46.07,239081900,11410335975.36,3.94,1.83,6.49,46.48,44.55,38.161,,三花智控
002050,2025-10-09 00:00:00,2025-10-09,46.88,49.27,50.31,45.48,269667300,13009009113.03,1.99,0.96,7.32,48.31,45.23,38.9325,,三花智控
002050,2025-10-10 00:00:00,2025-10-10,48.38,45.42,49.47,44.88,282165300,13172376501.29,-7.81,-3.85,7.66,49.27,46.19799999999999,39.8395,,三花智控
002050,2025-10-13 00:00:00,2025-10-13,42.28,43.04,43.83,41.48,218278900,9357956899.91,-5.24,-2.38,5.92,45.42,46.495999999999995,40.626999999999995,,三花智控
002050,2025-10-14 00:00:00,2025-10-14,43.9,40.04,44.16,39.88,229231600,9576922021.59,-6.97,-3.0,6.22,43.04,46.504,41.25,,三花智控
002050,2025-10-15 00:00:00,2025-10-15,40.27,44.06,44.06,39.58,281352800,11979556741.66,10.04,4.02,7.64,40.04,45.215999999999994,41.5695,,三花智控
002050,2025-10-16 00:00:00,2025-10-16,41.88,42.8,43.85,41.73,234364300,10060467806.49,-2.86,-1.26,6.36,44.06,44.366,42.076499999999996,,三花智控
002050,2025-10-17 00:00:00,2025-10-17,43.56,43.2,44.77,41.89,236788200,10307481528.11,0.93,0.4,6.43,42.8,43.071999999999996,42.5475,,三花智控
002050,2025-10-20 00:00:00,2025-10-20,44.88,45.98,47.32,43.93,286096200,13186362719.46,6.44,2.78,7.77,43.2,42.628,42.9755,,三花智控
002050,2025-10-21 00:00:00,2025-10-21,45.88,46.81,47.32,45.18,248408200,11580092452.6,1.81,0.83,6.74,45.98,43.215999999999994,43.5555,,三花智控
002050,2025-10-22 00:00:00,2025-10-22,45.96,47.98,48.58,45.8,248734200,11801051936.18,2.5,1.17,6.75,46.81,44.56999999999999,44.119,,三花智控
002050,2025-10-23 00:00:00,2025-10-23,46.87,47.84,48.22,46.28,201340900,9551111286.63,-0.29,-0.14,5.46,47.98,45.354,44.5625,,三花智控
002050,2025-10-24 00:00:00,2025-10-24,47.98,48.51,49.88,46.84,259879400,12570980864.79,1.4,0.67,7.05,47.84,46.362,44.8655,,三花智控
002050,2025-10-27 00:00:00,2025-10-27,48.9,48.5,49.32,47.68,236809600,11494807453.17,-0.02,-0.01,6.43,48.51,47.42399999999999,45.0195,,三花智控
002050,2025-10-28 00:00:00,2025-10-28,48.88,52.49,53.36,48.61,354388600,18084854309.38,8.23,3.99,9.62,48.5,47.928,45.368,,三花智控
002050,2025-10-29 00:00:00,2025-10-29,51.78,52.87,53.26,51.58,242021500,12713249001.03,0.72,0.38,6.57,52.49,49.064,45.85,,三花智控
002050,2025-10-30 00:00:00,2025-10-30,52.88,51.1,53.13,50.95,214606500,11131161104.39,-3.35,-1.77,5.82,52.87,50.041999999999994,46.248000000000005,,三花智控
002050,2025-10-31 00:00:00,2025-10-31,50.7,49.81,52.38,49.68,222324400,11369306685.46,-2.52,-1.29,6.03,51.1,50.694,46.5815,,三花智控
002050,2025-11-03 00:00:00,2025-11-03,49.29,48.67,50.07,47.6,210825300,10242353795.94,-2.29,-1.14,5.72,49.81,50.95399999999999,46.8755,,三花智控
002050,2025-11-04 00:00:00,2025-11-04,48.68,46.83,49.02,46.15,190361400,8992197942.26,-3.78,-1.84,5.17,48.67,50.98799999999999,47.159000000000006,,三花智控
002050,2025-11-05 00:00:00,2025-11-05,45.6,46.5,47.25,45.22,162567000,7514152754.96,-0.7,-0.33,4.41,46.83,49.856,47.1765,,三花智控
002050,2025-11-06 00:00:00,2025-11-06,46.87,50.24,50.99,46.31,290436300,14070360346.79,8.04,3.74,7.88,46.5,48.582,47.086,,三花智控
002050,2025-11-07 00:00:00,2025-11-07,48.88,48.3,49.76,47.89,204313500,9991363346.92,-3.86,-1.94,5.55,50.24,48.410000000000004,47.134499999999996,,三花智控
002050,2025-11-10 00:00:00,2025-11-10,47.7,45.39,48.23,44.88,252867400,11675561541.28,-6.02,-2.91,6.86,48.3,48.108,47.278499999999994,,三花智控
002050,2025-11-11 00:00:00,2025-11-11,45.8,43.78,45.98,43.61,215674500,9591868411.77,-3.55,-1.61,5.85,45.39,47.452,47.396,,三花智控
002050,2025-11-12 00:00:00,2025-11-12,44.18,43.76,45.11,43.48,157720600,6990763427.06,-0.05,-0.02,4.28,43.78,46.842,47.583,,三花智控
002050,2025-11-13 00:00:00,2025-11-13,43.18,44.17,44.82,42.88,169868600,7452680458.44,0.94,0.41,4.61,43.76,46.294,47.568,,三花智控
002050,2025-11-14 00:00:00,2025-11-14,43.02,42.36,43.35,42.13,143217900,6132791700.3,-4.1,-1.81,3.89,44.17,45.08,47.6365,,三花智控
002050,2025-11-17 00:00:00,2025-11-17,41.54,41.73,42.76,41.38,137942800,5796973484.89,-1.49,-0.63,3.74,42.36,43.891999999999996,47.5945,,三花智控
002050,2025-11-18 00:00:00,2025-11-18,41.81,42.02,42.48,41.38,114617500,4828623866.49,0.69,0.29,3.11,41.73,43.16,47.382,,三花智控
002050,2025-11-19 00:00:00,2025-11-19,41.89,41.91,42.68,41.56,103350300,4355483138.55,-0.26,-0.11,2.81,42.02,42.808,47.1425,,三花智控
002050,2025-11-20 00:00:00,2025-11-20,42.22,41.05,42.35,40.96,103484500,4302588814.32,-2.05,-0.86,2.81,41.91,42.438,46.839,,三花智控
002050,2025-11-21 00:00:00,2025-11-21,40.39,41.78,42.76,40.21,212386000,8865881838.82,1.78,0.73,5.76,41.05,41.81399999999999,46.4995,,三花智控
002050,2025-11-24 00:00:00,2025-11-24,41.48,41.27,41.75,39.71,148139600,6064777125.61,-1.22,-0.51,4.02,41.78,41.69799999999999,46.163,,三花智控
002050,2025-11-25 00:00:00,2025-11-25,42.04,42.05,42.68,41.78,137428300,5813677757.4,1.89,0.78,3.73,41.27,41.606,45.8015,,三花智控
002050,2025-11-26 00:00:00,2025-11-26,41.47,43.07,43.72,40.87,206434200,8854635476.18,2.43,1.02,5.6,42.05,41.612,45.2795,,三花智控
002050,2025-11-27 00:00:00,2025-11-27,43.08,42.67,44.07,42.59,161451700,7003745593.65,-0.93,-0.4,4.38,43.07,41.844,44.7895,,三花智控
002050,2025-11-28 00:00:00,2025-11-28,42.24,42.86,43.3,41.88,113791500,4867661775.03,0.45,0.19,3.09,42.67,42.16799999999999,44.368,,三花智控
002050,2025-12-01 00:00:00,2025-12-01,42.98,43.67,44.05,42.87,130619700,5711522418.44,1.89,0.81,3.55,42.86,42.384,44.0205,,三花智控
002050,2025-12-02 00:00:00,2025-12-02,43.24,41.91,43.25,41.65,135775800,5765361558.91,-4.03,-1.76,3.69,43.67,42.86399999999999,43.7705,42.785,三花智控
002050,2025-12-03 00:00:00,2025-12-03,41.88,41.54,42.53,41.28,76233900,3186368108.57,-0.88,-0.37,2.07,41.91,42.836,43.5245,42.954,三花智控
002050,2025-12-04 00:00:00,2025-12-04,43.23,44.67,45.71,42.7,326372100,14481556409.13,7.53,3.13,8.86,41.54,42.529999999999994,43.2765,43.098333333333336,三花智控
002050,2025-12-05 00:00:00,2025-12-05,43.68,44.98,45.16,43.65,219363500,9786379536.3,0.69,0.31,5.95,44.67,42.92999999999999,42.998000000000005,43.32399999999999,三花智控
002050,2025-12-08 00:00:00,2025-12-08,45.03,46.68,46.88,44.38,256868100,11770969462.2,3.78,1.7,6.97,44.98,43.354,42.832,43.579166666666666,三花智控
002050,2025-12-09 00:00:00,2025-12-09,45.69,45.84,46.85,45.46,169581400,7835680866.32,-1.8,-0.84,4.6,46.68,43.955999999999996,42.896499999999996,43.8475,三花智控
002050,2025-12-10 00:00:00,2025-12-10,45.86,46.48,46.83,45.29,150833800,6996366778.1,1.4,0.64,4.09,45.84,44.742,42.9995,44.050666666666665,三花智控
002050,2025-12-11 00:00:00,2025-12-11,46.76,45.05,47.15,45.04,153621900,7067701535.24,-3.08,-1.43,4.17,46.48,45.73,43.1355,44.26,三花智控
002050,2025-12-12 00:00:00,2025-12-12,44.78,44.92,45.36,43.89,133592600,5983037125.61,-0.29,-0.13,3.63,45.05,45.806,43.179500000000004,44.4545,三花智控
002050,2025-12-15 00:00:00,2025-12-15,44.38,43.42,44.64,43.4,104410500,4594101490.93,-3.34,-1.5,2.83,44.92,45.794,43.3075,44.62583333333334,三花智控
002050,2025-12-16 00:00:00,2025-12-16,43.39,42.75,43.94,42.59,88380500,3824940525.96,-1.54,-0.67,2.4,43.42,45.141999999999996,43.392,44.776500000000006,三花智控
002050,2025-12-17 00:00:00,2025-12-17,43.01,43.9,44.04,42.95,109405000,4781633616.06,2.69,1.15,2.97,42.75,44.524,43.4285,44.89666666666667,三花智控
002050,2025-12-18 00:00:00,2025-12-18,43.16,42.76,44.11,42.67,92817600,4027898457.49,-2.6,-1.14,2.52,43.9,44.007999999999996,43.528,44.976499999999994,三花智控
002050,2025-12-19 00:00:00,2025-12-19,43.23,43.35,44.06,43.22,89847700,3929064536.11,1.38,0.59,2.44,42.76,43.55,43.6135,44.99283333333334,三花智控
002050,2025-12-22 00:00:00,2025-12-22,43.93,45.3,45.8,43.68,180121900,8100184634.36,4.5,1.95,4.89,43.35,43.236,43.692,44.95816666666666,三花智控
002050,2025-12-23 00:00:00,2025-12-23,45.67,44.76,45.67,44.58,133130200,6002618072.17,-1.19,-0.54,3.61,45.3,43.612,43.8935,45.021,三花智控
002050,2025-12-24 00:00:00,2025-12-24,44.76,44.96,45.27,44.53,88912800,4010597730.41,0.45,0.2,2.41,44.76,44.013999999999996,44.028999999999996,45.052833333333325,三花智控
002050,2025-12-25 00:00:00,2025-12-25,45.37,47.44,47.88,45.14,221716400,10382557564.41,5.52,2.48,6.02,44.96,44.226,44.1235,45.053666666666665,三花智控
002050,2025-12-26 00:00:00,2025-12-26,46.97,47.18,47.7,46.32,172036300,8096430504.94,-0.55,-0.26,4.67,47.44,45.162,44.361999999999995,45.103833333333334,三花智控
002050,2025-12-29 00:00:00,2025-12-29,47.28,47.61,49.01,46.97,201634200,9683861719.29,0.91,0.43,5.47,47.18,45.92799999999999,44.577999999999996,45.157999999999994,三花智控
002050,2025-12-30 00:00:00,2025-12-30,46.88,52.38,52.38,46.76,281110100,14133714654.22,10.02,4.77,7.63,47.61,46.39,44.775,45.23483333333333,三花智控
002050,2025-12-31 00:00:00,2025-12-31,54.06,55.19,56.37,52.28,413075000,22472647843.06,5.36,2.81,11.21,52.38,47.914,45.298500000000004,45.33316666666666,三花智控
002050,2026-01-05 00:00:00,2026-01-05,54.38,56.16,57.87,53.93,341347100,19212148092.26,1.76,0.97,9.27,55.19,49.959999999999994,45.981,45.44783333333333,三花智控
002050,2026-01-06 00:00:00,2026-01-06,55.87,56.72,58.76,55.46,318518400,18138552017.67,1.0,0.56,8.65,56.16,51.70399999999999,46.555499999999995,45.562666666666665,三花智控
002050,2026-01-07 00:00:00,2026-01-07,55.68,55.63,57.48,54.18,331454600,18491344799.28,-1.92,-1.09,9.0,56.72,53.61199999999999,47.1425,45.751,三花智控
002050,2026-01-08 00:00:00,2026-01-08,55.18,54.25,55.76,53.88,213838800,11739907062.95,-2.48,-1.38,5.8,55.63,55.215999999999994,47.589999999999996,45.960833333333326,三花智控
002050,2026-01-09 00:00:00,2026-01-09,54.09,57.02,57.76,54.06,279907100,15843319380.6,5.11,2.77,7.6,54.25,55.589999999999996,48.01049999999999,46.19766666666666,三花智控
002050,2026-01-12 00:00:00,2026-01-12,57.48,56.88,58.11,55.64,277943800,15827514843.07,-0.25,-0.14,7.54,57.02,55.955999999999996,48.5375,46.413666666666664,三花智控
002050,2026-01-13 00:00:00,2026-01-13,56.57,57.03,60.03,56.18,292998600,17033868714.32,0.26,0.15,7.95,56.88,56.1,49.129000000000005,46.64833333333333,三花智控
002050,2026-01-14 00:00:00,2026-01-14,56.19,54.74,57.52,54.23,308778900,17298989992.82,-4.02,-2.29,8.38,57.03,56.162,49.734500000000004,46.87883333333333,三花智控
002050,2026-01-15 00:00:00,2026-01-15,54.47,54.59,55.3,54.03,148415000,8100785562.56,-0.27,-0.15,4.03,54.74,55.983999999999995,50.3005,47.024833333333326,三花智控
002050,2026-01-16 00:00:00,2026-01-16,55.1,57.46,58.86,55.09,284067100,16284917315.54,5.26,2.87,7.71,54.59,56.052,50.8925,47.1545,三花智控
002050,2026-01-19 00:00:00,2026-01-19,58.22,58.56,60.77,57.33,273499400,16103344491.58,1.91,1.1,7.42,57.46,56.14,51.5705,47.3125,三花智控
002050,2026-01-20 00:00:00,2026-01-20,58.8,57.87,60.12,57.11,226414800,13234869333.83,-1.18,-0.69,6.15,58.56,56.476,52.3605,47.491166666666665,三花智控
002050,2026-01-21 00:00:00,2026-01-21,57.06,57.95,59.27,57.06,173283000,10087492319.51,0.14,0.08,4.7,57.87,56.64399999999999,53.0865,47.647166666666664,三花智控
002050,2026-01-22 00:00:00,2026-01-22,58.1,56.03,58.6,56.0,204284900,11604960717.77,-3.31,-1.92,5.54,57.95,57.28599999999999,53.71900000000001,47.80466666666667,三花智控
002050,2026-01-23 00:00:00,2026-01-23,55.06,54.04,55.65,53.77,282833400,15368857612.45,-3.55,-1.99,7.68,56.03,57.574,54.282500000000006,47.86366666666666,三花智控
002050,2026-01-26 00:00:00,2026-01-26,54.04,51.94,54.89,51.8,217672800,11495842188.71,-3.89,-2.1,5.91,54.04,56.89,54.7365,47.88316666666666,三花智控
002050,2026-01-27 00:00:00,2026-01-27,51.99,52.27,52.67,50.78,164608900,8533862641.97,0.64,0.33,4.47,51.94,55.565999999999995,54.9615,47.897166666666664,三花智控
002050,2026-01-28 00:00:00,2026-01-28,51.95,51.41,52.2,51.1,122087800,6287210455.18,-1.65,-0.86,3.31,52.27,54.446000000000005,55.21600000000001,47.93816666666667,三花智控
002050,2026-01-29 00:00:00,2026-01-29,51.5,50.07,51.75,50.01,136459500,6905879588.83,-2.61,-1.34,3.7,51.41,53.138,55.40599999999999,47.98383333333333,三花智控
002050,2026-01-30 00:00:00,2026-01-30,50.09,50.94,51.98,49.3,178798200,9054455986.09,1.74,0.87,4.85,50.07,51.94599999999999,55.29050000000001,48.03783333333333,三花智控
002050,2026-02-02 00:00:00,2026-02-02,50.42,50.74,52.69,50.37,181878700,9358079003.22,-0.39,-0.2,4.94,50.94,51.326,55.077999999999996,48.11183333333334,三花智控
002050,2026-02-03 00:00:00,2026-02-03,50.94,52.33,52.33,50.11,162758800,8399772966.18,3.13,1.59,4.42,50.74,51.086,54.806999999999995,48.12016666666666,三花智控
002050,2026-02-04 00:00:00,2026-02-04,51.9,51.66,51.99,51.06,110691800,5694679424.36,-1.28,-0.67,3.0,52.33,51.09799999999999,54.5875,48.187333333333335,三花智控
002050,2026-02-05 00:00:00,2026-02-05,50.51,50.09,50.89,49.86,91993400,4625737850.23,-3.04,-1.57,2.5,51.66,51.148,54.388999999999996,48.29183333333334,三花智控
002050,2026-02-06 00:00:00,2026-02-06,49.36,51.12,52.17,49.08,130806300,6691040678.59,2.06,1.03,3.55,50.09,51.152,54.181000000000004,48.397000000000006,三花智控
002050,2026-02-09 00:00:00,2026-02-09,51.7,51.58,51.79,51.01,96510200,4958475648.62,0.9,0.46,2.62,51.12,51.187999999999995,53.886,48.519666666666666,三花智控
002050,2026-02-10 00:00:00,2026-02-10,51.58,53.3,53.9,51.15,185190000,9752072387.5,3.33,1.72,5.03,51.58,51.355999999999995,53.620999999999995,48.643166666666666,三花智控
002050,2026-02-11 00:00:00,2026-02-11,52.6,52.16,53.2,52.0,97298700,5102572653.93,-2.14,-1.14,2.64,53.3,51.55,53.4345,48.825500000000005,三花智控
002050,2026-02-12 00:00:00,2026-02-12,52.0,52.67,53.1,51.77,85874400,4521258482.79,0.98,0.51,2.33,52.16,51.65,53.305499999999995,48.99933333333333,三花智控
002050,2026-02-13 00:00:00,2026-02-13,52.15,53.48,53.9,51.91,130707000,6977349027.16,1.54,0.81,3.55,52.67,52.166,53.20949999999999,49.176833333333335,三花智控
002050,2026-02-24 00:00:00,2026-02-24,55.02,52.73,55.02,52.36,142644400,7576283108.27,-1.4,-0.75,3.87,53.48,52.63799999999999,53.0105,49.369666666666674,三花智控
002050,2026-02-25 00:00:00,2026-02-25,52.74,52.15,52.8,51.3,130654600,6770428826.49,-1.1,-0.58,3.55,52.73,52.867999999999995,52.718999999999994,49.56433333333334,三花智控
002050,2026-02-26 00:00:00,2026-02-26,51.8,51.94,52.5,51.37,98106800,5089017297.85,-0.4,-0.21,2.66,52.15,52.63799999999999,52.43299999999999,49.73716666666666,三花智控
002050,2026-02-27 00:00:00,2026-02-27,51.68,51.21,51.93,51.12,91569500,4698511777.7,-1.41,-0.73,2.49,51.94,52.593999999999994,52.13250000000001,49.91499999999999,三花智控
002050,2026-03-02 00:00:00,2026-03-02,49.9,49.4,50.46,49.36,130220900,6472251738.05,-3.53,-1.81,3.53,51.21,52.302,51.89149999999999,50.06766666666667,三花智控
002050,2026-03-03 00:00:00,2026-03-03,49.39,46.58,49.88,46.49,147478800,7052847059.35,-5.71,-2.82,4.0,49.4,51.48599999999999,51.6595,50.17316666666667,三花智控
002050,2026-03-04 00:00:00,2026-03-04,45.95,47.5,47.97,45.8,109041100,5124019743.43,1.98,0.92,2.96,46.58,50.25599999999999,51.39149999999999,50.23833333333333,三花智控
002050,2026-03-05 00:00:00,2026-03-05,48.37,47.59,48.45,47.36,75543300,3611104046.02,0.19,0.09,2.05,47.5,49.326,51.153,50.315666666666665,三花智控
002074,2025-09-02 00:00:00,2025-09-02,41.3,40.2,42.47,39.58,265605900,10867738780.76,0.2,0.08,15.37,40.12,,,,国轩高科
002074,2025-09-03 00:00:00,2025-09-03,40.33,42.04,43.19,39.81,236489000,9907979839.64,4.58,1.84,13.69,40.2,,,,国轩高科
002074,2025-09-04 00:00:00,2025-09-04,42.0,40.6,44.5,39.71,252703300,10672197791.82,-3.43,-1.44,14.63,42.04,,,,国轩高科
002074,2025-09-05 00:00:00,2025-09-05,40.63,44.03,44.66,40.63,286119300,12410851256.72,8.45,3.43,16.56,40.6,,,,国轩高科
002074,2025-09-08 00:00:00,2025-09-08,44.0,44.62,46.24,41.99,287404600,12504217717.38,1.34,0.59,16.64,44.03,41.398,,,国轩高科
002074,2025-09-09 00:00:00,2025-09-09,43.03,47.47,49.0,42.8,281443900,12979988932.53,6.39,2.85,16.29,44.62,42.298,,,国轩高科
002074,2025-09-10 00:00:00,2025-09-10,46.0,46.76,47.6,45.23,210624900,9763487148.29,-1.5,-0.71,12.19,47.47,43.751999999999995,,,国轩高科
002074,2025-09-11 00:00:00,2025-09-11,46.06,47.0,47.9,44.51,192919200,8905105656.69,0.51,0.24,11.17,46.76,44.696,,,国轩高科
002074,2025-09-12 00:00:00,2025-09-12,47.51,47.22,49.83,46.7,212465600,10251246368.7,0.47,0.22,12.3,47.0,45.976,,,国轩高科
002074,2025-09-15 00:00:00,2025-09-15,47.23,45.96,48.79,45.45,206041600,9699762761.54,-2.67,-1.26,11.93,47.22,46.614,,,国轩高科
002074,2025-09-16 00:00:00,2025-09-16,45.46,46.4,46.6,45.2,148145000,6805672811.5,0.96,0.44,8.58,45.96,46.88199999999999,,,国轩高科
002074,2025-09-17 00:00:00,2025-09-17,45.94,45.22,46.5,44.6,142621800,6492995686.06,-2.54,-1.18,8.22,46.4,46.668,,,国轩高科
002074,2025-09-18 00:00:00,2025-09-18,45.15,44.5,46.41,43.9,163202000,7386127990.35,-1.59,-0.72,9.4,45.22,46.36,,,国轩高科
002074,2025-09-19 00:00:00,2025-09-19,44.46,43.9,45.3,43.88,110719300,4919518359.27,-1.35,-0.6,6.38,44.5,45.86,,,国轩高科
002074,2025-09-22 00:00:00,2025-09-22,43.99,44.57,44.92,43.63,77246100,3410385656.77,1.53,0.67,4.45,43.9,45.196,,,国轩高科
002074,2025-09-23 00:00:00,2025-09-23,44.65,44.27,45.66,43.37,117538100,5228740320.39,-0.67,-0.3,6.77,44.57,44.91799999999999,,,国轩高科
002074,2025-09-24 00:00:00,2025-09-24,43.88,45.05,45.48,43.3,134507900,5999261857.43,1.76,0.78,7.75,44.27,44.492000000000004,,,国轩高科
002074,2025-09-25 00:00:00,2025-09-25,44.61,46.24,46.49,44.44,149554100,6826628721.39,2.64,1.19,8.62,45.05,44.458000000000006,,,国轩高科
002074,2025-09-26 00:00:00,2025-09-26,45.5,44.01,46.66,44.0,103705000,4697049399.66,-4.82,-2.23,5.97,46.24,44.806,,,国轩高科
002074,2025-09-29 00:00:00,2025-09-29,44.4,45.79,46.47,44.4,112960300,5144091647.13,4.04,1.78,6.51,44.01,44.827999999999996,44.509,,国轩高科
002074,2025-09-30 00:00:00,2025-09-30,45.8,46.68,47.68,45.38,120255200,5609101472.02,1.94,0.89,6.93,45.79,45.072,44.792500000000004,,国轩高科
002074,2025-10-09 00:00:00,2025-10-09,47.39,49.3,49.6,46.53,130985500,6331034312.12,5.61,2.62,7.55,46.68,45.553999999999995,45.116499999999995,,国轩高科
002074,2025-10-10 00:00:00,2025-10-10,49.06,44.39,49.06,44.37,144920700,6656013886.39,-9.96,-4.91,8.35,49.3,46.403999999999996,45.479499999999994,,国轩高科
002074,2025-10-13 00:00:00,2025-10-13,41.25,42.9,43.36,41.25,87275100,3711440675.11,-3.36,-1.49,5.03,44.39,46.034000000000006,45.669,,国轩高科
002074,2025-10-14 00:00:00,2025-10-14,44.25,40.98,44.39,40.69,84100000,3575182006.42,-4.48,-1.92,4.84,42.9,45.812,45.6125,,国轩高科
002074,2025-10-15 00:00:00,2025-10-15,40.99,41.88,41.97,40.3,60113900,2470424093.45,2.2,0.9,3.46,40.98,44.85,45.4305,,国轩高科
002074,2025-10-16 00:00:00,2025-10-16,41.8,42.07,43.33,41.18,56027000,2362829086.53,0.45,0.19,3.23,41.88,43.89,45.150999999999996,,国轩高科
002074,2025-10-17 00:00:00,2025-10-17,42.05,40.52,42.64,40.4,49850200,2049487141.97,-3.68,-1.55,2.87,42.07,42.444,44.9165,,国轩高科
002074,2025-10-20 00:00:00,2025-10-20,41.27,42.03,43.2,40.98,59269200,2496572897.6,3.73,1.51,3.41,40.52,41.67,44.592499999999994,,国轩高科
002074,2025-10-21 00:00:00,2025-10-21,42.4,42.15,42.44,41.64,43632900,1834591842.91,0.29,0.12,2.51,42.03,41.496,44.333000000000006,,国轩高科
002074,2025-10-22 00:00:00,2025-10-22,42.14,41.57,42.15,41.16,31781500,1322458669.22,-1.38,-0.58,1.83,42.15,41.73,44.1425,,国轩高科
002074,2025-10-23 00:00:00,2025-10-23,41.27,41.67,41.76,40.37,39325500,1614262392.02,0.24,0.1,2.27,41.57,41.668,43.900999999999996,,国轩高科
002074,2025-10-24 00:00:00,2025-10-24,41.9,42.2,42.42,41.71,47004800,1977248162.36,1.27,0.53,2.71,41.67,41.588,43.7235,,国轩高科
002074,2025-10-27 00:00:00,2025-10-27,44.0,44.73,46.42,43.54,149486200,6761465395.45,6.0,2.53,8.61,42.2,41.924,43.6085,,国轩高科
002074,2025-10-28 00:00:00,2025-10-28,44.0,44.1,44.77,43.01,88897300,3898040930.84,-1.41,-0.63,5.12,44.73,42.464,43.65,,国轩高科
002074,2025-10-29 00:00:00,2025-10-29,43.89,46.0,46.2,43.82,114593300,5214299716.7,4.31,1.9,6.6,44.1,42.854,43.6265,,国轩高科
002074,2025-10-30 00:00:00,2025-10-30,46.08,45.81,47.32,45.62,131927200,6120154547.54,-0.41,-0.19,7.6,46.0,43.739999999999995,43.713,,国轩高科
002074,2025-10-31 00:00:00,2025-10-31,46.36,45.51,47.58,45.35,115444000,5362171725.72,-0.65,-0.3,6.65,45.81,44.568,43.751000000000005,,国轩高科
002074,2025-11-03 00:00:00,2025-11-03,44.6,43.83,44.6,42.12,105057700,4547230048.04,-3.69,-1.68,6.05,45.51,45.23,43.7145,,国轩高科
002074,2025-11-04 00:00:00,2025-11-04,43.56,42.19,43.83,41.9,54847400,2337706412.14,-3.74,-1.64,3.16,43.83,45.05,43.7055,,国轩高科
002074,2025-11-05 00:00:00,2025-11-05,41.31,43.27,43.88,41.24,64033300,2727123329.39,2.56,1.08,3.69,42.19,44.668,43.5255,,国轩高科
002074,2025-11-06 00:00:00,2025-11-06,43.36,43.73,44.65,43.13,55534000,2435635181.29,1.06,0.46,3.2,43.27,44.122,43.355000000000004,,国轩高科
002074,2025-11-07 00:00:00,2025-11-07,43.76,44.29,45.07,43.23,72689200,3219626954.16,1.28,0.56,4.19,43.73,43.706,43.076499999999996,,国轩高科
002074,2025-11-10 00:00:00,2025-11-10,44.54,43.27,44.93,42.86,63888300,2801094592.87,-2.3,-1.02,3.68,44.29,43.461999999999996,43.0715,,国轩高科
002074,2025-11-11 00:00:00,2025-11-11,43.42,42.66,44.37,42.6,53240100,2311983217.85,-1.41,-0.61,3.07,43.27,43.35,43.089999999999996,,国轩高科
002074,2025-11-12 00:00:00,2025-11-12,42.21,41.41,42.57,40.85,55910500,2318756032.46,-2.93,-1.25,3.22,42.66,43.444,43.174,,国轩高科
002074,2025-11-13 00:00:00,2025-11-13,41.39,43.4,44.1,41.3,90248000,3887772258.91,4.81,1.99,5.2,41.41,43.071999999999996,43.1505,,国轩高科
002074,2025-11-14 00:00:00,2025-11-14,43.0,42.88,43.98,42.4,55341800,2386647613.14,-1.2,-0.52,3.19,43.4,43.006,43.217,,国轩高科
002074,2025-11-17 00:00:00,2025-11-17,42.5,43.0,43.63,42.09,44999800,1929630874.77,0.28,0.12,2.59,42.88,42.724000000000004,43.335,,国轩高科
002074,2025-11-18 00:00:00,2025-11-18,42.87,42.02,43.48,41.65,51496300,2177310215.83,-2.28,-0.98,2.97,43.0,42.67,43.3835,,国轩高科
002074,2025-11-19 00:00:00,2025-11-19,41.7,40.9,42.56,40.49,49320900,2033057891.38,-2.67,-1.12,2.84,42.02,42.542,43.376999999999995,,国轩高科
002074,2025-11-20 00:00:00,2025-11-20,40.94,39.59,41.73,39.59,50568900,2052026364.6,-3.2,-1.31,2.91,40.9,42.44,43.3435,,国轩高科
002074,2025-11-21 00:00:00,2025-11-21,39.1,37.77,39.45,37.77,64075800,2454392780.74,-4.6,-1.82,3.69,39.59,41.678,43.2395,,国轩高科
002074,2025-11-24 00:00:00,2025-11-24,38.41,37.87,38.6,37.55,38375100,1455971705.1,0.26,0.1,2.21,37.77,40.656,43.018,,国轩高科
002074,2025-11-25 00:00:00,2025-11-25,38.03,38.25,38.57,37.81,38402200,1468941523.22,1.0,0.38,2.21,37.87,39.63,42.675,,国轩高科
002074,2025-11-26 00:00:00,2025-11-26,38.15,38.34,38.86,37.75,38145100,1461310024.48,0.24,0.09,2.2,38.25,38.876,42.3825,,国轩高科
002074,2025-11-27 00:00:00,2025-11-27,38.41,38.5,39.55,38.41,47119800,1833385711.09,0.42,0.16,2.71,38.34,38.364000000000004,41.9995,,国轩高科
002074,2025-11-28 00:00:00,2025-11-28,38.37,39.09,39.38,38.27,42087600,1641732855.41,1.53,0.59,2.42,38.5,38.146,41.634,,国轩高科
002074,2025-12-01 00:00:00,2025-12-01,39.33,39.28,39.55,38.91,34567600,1354664903.98,0.49,0.19,1.99,39.09,38.410000000000004,41.313,,国轩高科
002074,2025-12-02 00:00:00,2025-12-02,39.0,38.62,39.05,38.46,26256500,1015964785.91,-1.68,-0.66,1.51,39.28,38.692,41.0855,43.1,国轩高科
002074,2025-12-03 00:00:00,2025-12-03,38.67,38.0,38.95,37.9,24534300,938949882.02,-1.61,-0.62,1.41,38.62,38.766000000000005,40.907,43.075,国轩高科
002074,2025-12-04 00:00:00,2025-12-04,37.9,38.13,38.29,37.51,21156300,803099955.78,0.34,0.13,1.22,38.0,38.698,40.6435,43.03833333333333,国轩高科
002074,2025-12-05 00:00:00,2025-12-05,38.29,38.54,38.58,37.86,24725700,947015922.77,1.08,0.41,1.42,38.13,38.624,40.3635,42.973166666666664,国轩高科
002074,2025-12-08 00:00:00,2025-12-08,38.56,39.31,39.57,38.56,37040500,1450662217.97,2.0,0.77,2.13,38.54,38.513999999999996,40.076,42.938833333333335,国轩高科
002074,2025-12-09 00:00:00,2025-12-09,38.96,39.09,39.43,38.76,26082200,1018331398.26,-0.56,-0.22,1.5,39.31,38.519999999999996,39.878,42.86016666666667,国轩高科
002074,2025-12-10 00:00:00,2025-12-10,39.08,39.0,39.22,38.38,25575600,992816877.09,-0.23,-0.09,1.47,39.09,38.614,39.69950000000001,42.768,国轩高科
002074,2025-12-11 00:00:00,2025-12-11,39.14,38.5,39.8,38.49,35618400,1395747576.19,-1.28,-0.5,2.05,39.0,38.814,39.579,42.62683333333334,国轩高科
002074,2025-12-12 00:00:00,2025-12-12,38.56,38.7,38.94,37.9,34836900,1338166313.15,0.52,0.2,2.01,38.5,38.888,39.334,42.48916666666666,国轩高科
002074,2025-12-15 00:00:00,2025-12-15,38.63,38.03,38.87,37.88,25163000,961547276.5,-1.73,-0.67,1.45,38.7,38.92,39.125,42.35083333333333,国轩高科
002074,2025-12-16 00:00:00,2025-12-16,37.93,37.1,38.02,36.87,29824800,1110953860.94,-2.45,-0.93,1.72,38.03,38.664,38.8765,42.19766666666667,国轩高科
002074,2025-12-17 00:00:00,2025-12-17,37.26,38.27,38.38,37.26,31822700,1204476513.47,3.15,1.17,1.83,37.1,38.266000000000005,38.6305,42.05,国轩高科
002074,2025-12-18 00:00:00,2025-12-18,37.98,37.58,38.35,37.51,23684600,896211787.01,-1.8,-0.69,1.36,38.27,38.120000000000005,38.499,41.9145,国轩高科
002074,2025-12-19 00:00:00,2025-12-19,37.73,38.0,38.25,37.65,26534200,1007516337.63,1.12,0.42,1.53,37.58,37.936,38.3985,41.787166666666664,国轩高科
002074,2025-12-22 00:00:00,2025-12-22,38.16,38.59,38.84,38.16,31334700,1209232200.2,1.55,0.59,1.81,38.0,37.796,38.410000000000004,41.67883333333334,国轩高科
002074,2025-12-23 00:00:00,2025-12-23,38.61,39.32,39.98,38.6,56289700,2216115119.21,1.89,0.73,3.24,38.59,37.908,38.446000000000005,41.590333333333334,国轩高科
002074,2025-12-24 00:00:00,2025-12-24,39.2,39.34,39.59,39.01,34440000,1352634244.47,0.05,0.02,1.98,39.32,38.352,38.4995,41.502833333333335,国轩高科
002074,2025-12-25 00:00:00,2025-12-25,39.29,39.39,39.67,38.82,29796900,1166939000.13,0.13,0.05,1.72,39.34,38.565999999999995,38.5495,41.42066666666666,国轩高科
002074,2025-12-26 00:00:00,2025-12-26,39.64,40.08,40.74,39.35,58036300,2327236347.75,1.75,0.69,3.34,39.39,38.928000000000004,38.594,41.32633333333334,国轩高科
002074,2025-12-29 00:00:00,2025-12-29,40.31,39.48,40.31,39.12,39687300,1569196340.55,-1.5,-0.6,2.29,40.08,39.34400000000001,38.6435,41.22366666666667,国轩高科
002074,2025-12-30 00:00:00,2025-12-30,38.99,39.5,39.85,38.84,32033000,1261048443.73,0.05,0.02,1.85,39.48,39.522000000000006,38.6535,41.148166666666675,国轩高科
002074,2025-12-31 00:00:00,2025-12-31,39.65,39.11,39.85,39.0,26075400,1025327154.72,-0.99,-0.39,1.5,39.5,39.55800000000001,38.697500000000005,41.04333333333334,国轩高科
002074,2026-01-05 00:00:00,2026-01-05,38.99,40.29,40.42,38.99,49111900,1959710253.83,3.02,1.18,2.83,39.11,39.51199999999999,38.753,40.91716666666666,国轩高科
002074,2026-01-06 00:00:00,2026-01-06,40.5,40.91,41.4,40.38,53890500,2201143470.95,1.54,0.62,3.1,40.29,39.69199999999999,38.861000000000004,40.767,国轩高科
002074,2026-01-07 00:00:00,2026-01-07,41.01,41.13,42.29,40.77,55269900,2288209435.34,0.54,0.22,3.18,40.91,39.858000000000004,38.9795,40.708999999999996,国轩高科
002074,2026-01-08 00:00:00,2026-01-08,40.71,40.67,41.51,40.28,41448400,1693364957.8,-1.12,-0.46,2.39,41.13,40.188,39.070499999999996,40.679500000000004,国轩高科
002074,2026-01-09 00:00:00,2026-01-09,40.69,41.03,41.6,40.31,46095400,1892456484.0,0.89,0.36,2.65,40.67,40.422,39.1495,40.67433333333334,国轩高科
002074,2026-01-12 00:00:00,2026-01-12,40.75,40.08,40.75,39.38,74914000,2987545986.83,-2.32,-0.95,4.31,41.03,40.806,39.251,40.66016666666667,国轩高科
002074,2026-01-13 00:00:00,2026-01-13,40.0,39.6,40.69,39.41,58543500,2332327641.35,-1.2,-0.48,3.37,40.08,40.764,39.33,40.626999999999995,国轩高科
002074,2026-01-14 00:00:00,2026-01-14,39.5,40.0,41.18,39.31,74462000,3008124740.31,1.01,0.4,4.29,39.6,40.502,39.375,40.611666666666665,国轩高科
002074,2026-01-15 00:00:00,2026-01-15,39.9,40.96,41.5,39.72,69808500,2864070687.88,2.4,0.96,4.02,40.0,40.275999999999996,39.4735,40.57783333333334,国轩高科
002074,2026-01-16 00:00:00,2026-01-16,41.41,41.34,41.95,41.06,61622700,2553016482.11,0.93,0.38,3.55,40.96,40.334,39.6665,40.558,国轩高科
002074,2026-01-19 00:00:00,2026-01-19,41.35,41.32,41.69,40.62,44874500,1850535435.73,-0.05,-0.02,2.58,41.34,40.396,39.82000000000001,40.55416666666667,国轩高科
002074,2026-01-20 00:00:00,2026-01-20,41.29,39.97,41.5,39.51,62359100,2503575017.25,-3.27,-1.35,3.59,41.32,40.644,40.007,40.54833333333333,国轩高科
002074,2026-01-21 00:00:00,2026-01-21,39.85,40.48,41.14,39.61,43135400,1750513082.15,1.28,0.51,2.48,39.97,40.718,40.1055,40.51116666666667,国轩高科
002074,2026-01-22 00:00:00,2026-01-22,40.49,39.83,41.47,39.7,46406100,1864181640.07,-1.61,-0.65,2.67,40.48,40.814,40.2,40.440333333333335,国轩高科
002074,2026-01-23 00:00:00,2026-01-23,39.83,41.51,41.64,39.83,81802200,3352618732.56,4.22,1.68,4.71,39.83,40.588,40.2255,40.369166666666665,国轩高科
002074,2026-01-26 00:00:00,2026-01-26,42.0,40.36,42.1,40.16,58416000,2385108866.63,-2.77,-1.15,3.36,41.51,40.622,40.334,40.29433333333334,国轩高科
002074,2026-01-27 00:00:00,2026-01-27,40.06,39.0,40.29,38.01,71579700,2773929582.39,-3.37,-1.36,4.12,40.36,40.42999999999999,40.3825,40.2035,国轩高科
002074,2026-01-28 00:00:00,2026-01-28,39.0,38.46,39.09,38.07,44256900,1701250314.66,-1.38,-0.54,2.55,39.0,40.236000000000004,40.3285,40.095,国轩高科
002074,2026-01-29 00:00:00,2026-01-29,38.25,37.68,38.58,37.66,40179300,1523648000.41,-2.03,-0.78,2.31,38.46,39.832,40.277499999999996,40.0055,国轩高科
002074,2026-01-30 00:00:00,2026-01-30,37.55,37.98,38.1,36.9,41101200,1544636513.09,0.8,0.3,2.37,37.68,39.402,40.1865,39.93033333333334,国轩高科
002074,2026-02-02 00:00:00,2026-02-02,38.26,37.54,38.34,37.37,37750600,1425817127.81,-1.16,-0.44,2.17,37.98,38.696,40.129999999999995,39.84216666666667,国轩高科
002074,2026-02-03 00:00:00,2026-02-03,37.8,37.96,37.96,37.17,32150100,1209721027.99,1.12,0.42,1.85,37.54,38.132000000000005,39.9925,39.739000000000004,国轩高科
002074,2026-02-04 00:00:00,2026-02-04,37.59,37.95,38.08,37.21,30950800,1163861226.23,-0.03,-0.01,1.78,37.96,37.924,39.845,39.633500000000005,国轩高科
002074,2026-02-05 00:00:00,2026-02-05,37.61,37.14,37.8,37.05,25938600,966798118.9,-2.13,-0.81,1.49,37.95,37.822,39.686,39.54483333333334,国轩高科
002074,2026-02-06 00:00:00,2026-02-06,36.38,36.7,37.44,35.65,40925400,1498045027.57,-1.18,-0.44,2.36,37.14,37.714,39.509499999999996,39.45283333333334,国轩高科
002074,2026-02-09 00:00:00,2026-02-09,36.92,37.16,37.36,36.89,27145500,1007149766.36,1.25,0.46,1.56,36.7,37.458000000000006,39.293,39.37433333333333,国轩高科
002074,2026-02-10 00:00:00,2026-02-10,37.1,36.84,37.36,36.82,21706200,802395432.46,-0.86,-0.32,1.25,37.16,37.382,39.147000000000006,39.27033333333334,国轩高科
002074,2026-02-11 00:00:00,2026-02-11,36.84,37.39,37.93,36.7,38636200,1441561721.0,1.49,0.55,2.23,36.84,37.158,39.009,39.16966666666667,国轩高科
002074,2026-02-12 00:00:00,2026-02-12,37.02,37.18,37.35,36.77,26385500,979099567.06,-0.56,-0.21,1.52,37.39,37.046,38.8785,39.07616666666667,国轩高科
002074,2026-02-13 00:00:00,2026-02-13,37.0,36.91,37.46,36.77,23252800,863641548.58,-0.73,-0.27,1.34,37.18,37.054,38.689499999999995,38.9955,国轩高科
002074,2026-02-24 00:00:00,2026-02-24,37.3,37.69,37.94,37.21,30848800,1160346428.79,2.11,0.78,1.78,36.91,37.096,38.467999999999996,38.929,国轩高科
002074,2026-02-25 00:00:00,2026-02-25,37.69,38.42,38.53,37.62,41955100,1606184963.45,1.94,0.73,2.42,37.69,37.202,38.286500000000004,38.897333333333336,国轩高科
002074,2026-02-26 00:00:00,2026-02-26,38.53,38.07,38.62,37.83,31381000,1191991183.06,-0.91,-0.35,1.81,38.42,37.517999999999994,38.208999999999996,38.908166666666666,国轩高科
002074,2026-02-27 00:00:00,2026-02-27,37.73,37.9,38.0,37.66,22895000,866153470.36,-0.45,-0.17,1.32,38.07,37.654,38.088499999999996,38.911500000000004,国轩高科
002074,2026-03-02 00:00:00,2026-03-02,37.01,37.2,37.65,36.73,36429500,1352160072.14,-1.85,-0.7,2.1,37.9,37.798,37.992000000000004,38.90566666666667,国轩高科
002074,2026-03-03 00:00:00,2026-03-03,37.2,36.24,37.98,36.2,43811600,1622593307.97,-2.58,-0.96,2.52,37.2,37.856,37.7765,38.88666666666666,国轩高科
002074,2026-03-04 00:00:00,2026-03-04,35.9,35.91,36.63,35.74,28479400,1029060120.5,-0.91,-0.33,1.64,36.24,37.566,37.5705,38.849000000000004,国轩高科
002074,2026-03-05 00:00:00,2026-03-05,36.6,36.48,36.9,36.27,25661100,937756226.47,1.59,0.57,1.48,35.91,37.06400000000001,37.416000000000004,38.79600000000001,国轩高科
002179,2025-09-02 00:00:00,2025-09-02,42.7,41.55,42.8,40.86,30267600,1255635522.7,-2.65,-1.13,1.45,42.68,,,,中航光电
002179,2025-09-03 00:00:00,2025-09-03,41.56,39.62,41.56,39.59,27524600,1106435457.99,-4.65,-1.93,1.32,41.55,,,,中航光电
002179,2025-09-04 00:00:00,2025-09-04,39.65,38.89,39.91,38.65,23959700,937973152.5,-1.84,-0.73,1.15,39.62,,,,中航光电
002179,2025-09-05 00:00:00,2025-09-05,39.05,39.11,39.27,38.65,24735700,963432925.0,0.57,0.22,1.19,38.89,,,,中航光电
002179,2025-09-08 00:00:00,2025-09-08,39.12,39.71,39.88,38.65,18241500,717241219.2,1.53,0.6,0.88,39.11,40.37,,,中航光电
002179,2025-09-09 00:00:00,2025-09-09,39.56,39.31,39.71,39.0,12209400,480299742.3,-1.01,-0.4,0.59,39.71,39.775999999999996,,,中航光电
002179,2025-09-10 00:00:00,2025-09-10,39.3,38.92,39.48,38.71,10661000,416002636.56,-0.99,-0.39,0.51,39.31,39.328,,,中航光电
002179,2025-09-11 00:00:00,2025-09-11,38.92,39.55,39.55,38.66,14910300,583412867.01,1.62,0.63,0.72,38.92,39.188,,,中航光电
002179,2025-09-12 00:00:00,2025-09-12,39.55,39.31,39.59,39.17,17641500,693997930.64,-0.61,-0.24,0.85,39.55,39.32000000000001,,,中航光电
002179,2025-09-15 00:00:00,2025-09-15,39.34,38.9,39.37,38.82,13975000,544292697.06,-1.04,-0.41,0.67,39.31,39.36,,,中航光电
002179,2025-09-16 00:00:00,2025-09-16,38.9,38.99,39.03,38.62,10364300,402551986.44,0.23,0.09,0.5,38.9,39.198,,,中航光电
002179,2025-09-17 00:00:00,2025-09-17,39.09,39.79,39.85,38.98,19223900,756802292.19,2.05,0.8,0.92,38.99,39.134,,,中航光电
002179,2025-09-18 00:00:00,2025-09-18,39.65,40.37,41.36,39.5,29318100,1185500043.36,1.46,0.58,1.41,39.79,39.30800000000001,,,中航光电
002179,2025-09-19 00:00:00,2025-09-19,40.82,41.42,41.49,40.47,30396900,1252925219.77,2.6,1.05,1.46,40.37,39.471999999999994,,,中航光电
002179,2025-09-22 00:00:00,2025-09-22,41.49,41.54,41.91,40.93,23472500,973989029.99,0.29,0.12,1.13,41.42,39.894,,,中航光电
002179,2025-09-23 00:00:00,2025-09-23,41.5,41.42,41.89,40.74,21036700,868679410.99,-0.29,-0.12,1.01,41.54,40.422,,,中航光电
002179,2025-09-24 00:00:00,2025-09-24,41.1,41.4,41.58,40.8,14252400,588155945.95,-0.05,-0.02,0.68,41.42,40.908,,,中航光电
002179,2025-09-25 00:00:00,2025-09-25,41.36,40.51,41.36,40.28,19473600,791379485.51,-2.15,-0.89,0.94,41.4,41.23,,,中航光电
002179,2025-09-26 00:00:00,2025-09-26,40.4,40.22,41.24,40.05,19750000,801253745.13,-0.72,-0.29,0.95,40.51,41.258,,,中航光电
002179,2025-09-29 00:00:00,2025-09-29,40.65,40.88,41.23,40.23,17521300,713971119.1,1.64,0.66,0.84,40.22,41.017999999999994,40.1605,,中航光电
002179,2025-09-30 00:00:00,2025-09-30,40.76,41.27,41.79,40.55,20730400,856787563.61,0.95,0.39,1.0,40.88,40.886,40.0705,,中航光电
002179,2025-10-09 00:00:00,2025-10-09,41.72,40.99,41.72,40.16,25455700,1038534634.09,-0.68,-0.28,1.22,41.27,40.855999999999995,40.0565,,中航光电
002179,2025-10-10 00:00:00,2025-10-10,41.0,40.85,41.5,40.71,20199100,829502047.62,-0.34,-0.14,0.97,40.99,40.774,40.125,,中航光电
002179,2025-10-13 00:00:00,2025-10-13,40.0,40.87,41.12,39.9,16911700,685707738.94,0.05,0.02,0.81,40.85,40.842000000000006,40.223,,中航光电
002179,2025-10-14 00:00:00,2025-10-14,40.87,39.63,40.99,39.6,26785200,1073446510.06,-3.03,-1.24,1.29,40.87,40.971999999999994,40.311,,中航光电
002179,2025-10-15 00:00:00,2025-10-15,39.75,39.46,39.78,38.76,20306100,795267568.94,-0.43,-0.17,0.98,39.63,40.722,40.307,,中航光电
002179,2025-10-16 00:00:00,2025-10-16,39.52,39.23,40.04,39.11,13719300,540185301.34,-0.58,-0.23,0.66,39.46,40.36,40.314499999999995,,中航光电
002179,2025-10-17 00:00:00,2025-10-17,39.14,38.27,39.17,38.16,20232600,780041359.84,-2.45,-0.96,0.97,39.23,40.008,40.33,,中航光电
002179,2025-10-20 00:00:00,2025-10-20,38.44,37.89,38.55,37.68,21872000,832808733.07,-0.99,-0.38,1.05,38.27,39.492,40.266,,中航光电
002179,2025-10-21 00:00:00,2025-10-21,37.89,37.71,38.04,37.59,28180900,1062535408.57,-0.48,-0.18,1.35,37.89,38.896,40.195,,中航光电
002179,2025-10-22 00:00:00,2025-10-22,37.7,37.17,37.71,37.08,25103800,934787592.02,-1.43,-0.54,1.21,37.71,38.512,40.1355,,中航光电
002179,2025-10-23 00:00:00,2025-10-23,37.15,37.0,37.22,36.49,23664800,872180258.98,-0.46,-0.17,1.14,37.17,38.054,40.044500000000006,,中航光电
002179,2025-10-24 00:00:00,2025-10-24,37.23,37.45,37.79,37.23,23717200,889565355.01,1.22,0.45,1.14,37.0,37.608000000000004,39.904999999999994,,中航光电
002179,2025-10-27 00:00:00,2025-10-27,37.72,37.74,38.08,37.45,29718200,1120666955.26,0.77,0.29,1.43,37.45,37.444,39.759,,中航光电
002179,2025-10-28 00:00:00,2025-10-28,37.74,37.81,37.96,37.39,19143800,723084232.56,0.19,0.07,0.92,37.74,37.414,39.575,,中航光电
002179,2025-10-29 00:00:00,2025-10-29,37.82,37.78,37.91,37.62,15530900,586103477.46,-0.08,-0.03,0.75,37.81,37.434000000000005,39.38850000000001,,中航光电
002179,2025-10-30 00:00:00,2025-10-30,34.56,35.18,35.98,34.56,70171400,2472698708.46,-6.88,-2.6,3.37,37.78,37.556,39.2065,,中航光电
002179,2025-10-31 00:00:00,2025-10-31,35.01,35.1,35.33,34.97,24326900,854133225.22,-0.23,-0.08,1.17,35.18,37.192,38.8955,,中航光电
002179,2025-11-03 00:00:00,2025-11-03,35.1,35.01,35.29,34.5,25111700,874498235.3,-0.26,-0.09,1.21,35.1,36.721999999999994,38.625,,中航光电
002179,2025-11-04 00:00:00,2025-11-04,34.9,34.94,35.18,34.81,14920000,522243628.16,-0.2,-0.07,0.72,35.01,36.176,38.3645,,中航光电
002179,2025-11-05 00:00:00,2025-11-05,34.71,35.04,35.18,34.66,16053100,562648077.26,0.29,0.1,0.77,34.94,35.602,38.0675,,中航光电
002179,2025-11-06 00:00:00,2025-11-06,35.04,35.26,35.5,35.01,17522500,618435927.91,0.63,0.22,0.84,35.04,35.054,37.756,,中航光电
002179,2025-11-07 00:00:00,2025-11-07,35.18,34.91,35.2,34.71,19218000,670589782.99,-0.99,-0.35,0.92,35.26,35.07,37.4695,,中航光电
002179,2025-11-10 00:00:00,2025-11-10,34.91,35.33,35.33,34.83,20327000,714616466.36,1.2,0.42,0.98,34.91,35.032,37.1725,,中航光电
002179,2025-11-11 00:00:00,2025-11-11,35.39,35.71,36.09,35.37,22256000,794529909.87,1.08,0.38,1.07,35.33,35.09599999999999,36.8955,,中航光电
002179,2025-11-12 00:00:00,2025-11-12,35.7,36.14,36.18,35.58,20063800,722511756.99,1.2,0.43,0.96,35.71,35.24999999999999,36.6995,,中航光电
002179,2025-11-13 00:00:00,2025-11-13,36.1,35.87,36.1,35.61,19003600,679215645.13,-0.75,-0.27,0.91,36.14,35.47,36.533500000000004,,中航光电
002179,2025-11-14 00:00:00,2025-11-14,35.77,35.92,36.17,35.61,14103000,507393540.46,0.14,0.05,0.68,35.87,35.592,36.365500000000004,,中航光电
002179,2025-11-17 00:00:00,2025-11-17,36.25,36.12,36.54,36.01,16285400,590746266.79,0.56,0.2,0.78,35.92,35.794,36.248000000000005,,中航光电
002179,2025-11-18 00:00:00,2025-11-18,35.9,35.8,36.25,35.76,10790400,386951944.32,-0.89,-0.32,0.52,36.12,35.952,36.1595,,中航光电
002179,2025-11-19 00:00:00,2025-11-19,35.71,35.5,36.05,35.45,11845200,423025666.14,-0.84,-0.3,0.57,35.8,35.97,36.064,,中航光电
002179,2025-11-20 00:00:00,2025-11-20,35.69,34.98,35.69,34.92,12972400,455883322.82,-1.46,-0.52,0.62,35.5,35.842,35.98049999999999,,中航光电
002179,2025-11-21 00:00:00,2025-11-21,34.72,34.56,34.98,34.14,16563100,572499019.83,-1.2,-0.42,0.8,34.98,35.664,35.87949999999999,,中航光电
002179,2025-11-24 00:00:00,2025-11-24,34.66,35.39,35.53,34.55,14532200,509617439.02,2.4,0.83,0.7,34.56,35.391999999999996,35.735,,中航光电
002179,2025-11-25 00:00:00,2025-11-25,35.41,35.1,35.41,35.0,12048600,422827805.38,-0.82,-0.29,0.58,35.39,35.245999999999995,35.6175,,中航光电
002179,2025-11-26 00:00:00,2025-11-26,35.0,34.31,35.0,34.2,20372600,702706788.34,-2.25,-0.79,0.98,35.1,35.106,35.482,,中航光电
002179,2025-11-27 00:00:00,2025-11-27,34.33,33.93,34.34,33.85,14746200,502313911.19,-1.11,-0.38,0.71,34.31,34.868,35.308499999999995,,中航光电
002179,2025-11-28 00:00:00,2025-11-28,33.9,33.94,33.94,33.33,19071100,640372177.26,0.03,0.01,0.92,33.93,34.658,35.246,,中航光电
002179,2025-12-01 00:00:00,2025-12-01,33.97,34.21,34.24,33.96,12977100,443067568.29,0.8,0.27,0.62,33.94,34.534000000000006,35.188,,中航光电
002179,2025-12-02 00:00:00,2025-12-02,34.17,33.72,34.17,33.7,13156300,446312906.88,-1.43,-0.49,0.63,34.21,34.298,35.148,37.891,中航光电
002179,2025-12-03 00:00:00,2025-12-03,33.81,33.31,33.85,33.25,14660000,489798414.65,-1.22,-0.41,0.7,33.72,34.022000000000006,35.086999999999996,37.74166666666667,中航光电
002179,2025-12-04 00:00:00,2025-12-04,33.25,33.2,33.45,32.96,13520200,448533607.5,-0.33,-0.11,0.65,33.31,33.822,35.0005,37.60433333333333,中航光电
002179,2025-12-05 00:00:00,2025-12-05,33.17,33.49,33.51,33.0,13655500,454572253.57,0.87,0.29,0.66,33.2,33.676,34.8975,37.49733333333334,中航光电
002179,2025-12-08 00:00:00,2025-12-08,33.53,33.5,34.04,33.45,24465600,825811038.32,0.03,0.01,1.18,33.49,33.586,34.826499999999996,37.407333333333334,中航光电
002179,2025-12-09 00:00:00,2025-12-09,33.57,33.13,33.63,33.07,19993500,665284658.54,-1.1,-0.37,0.96,33.5,33.444,34.735,37.313833333333335,中航光电
002179,2025-12-10 00:00:00,2025-12-10,33.09,33.32,33.43,32.81,15291500,507615941.66,0.57,0.19,0.73,33.13,33.326,34.606,37.204166666666666,中航光电
002179,2025-12-11 00:00:00,2025-12-11,33.33,32.82,33.44,32.8,17714400,585046002.86,-1.5,-0.5,0.85,33.32,33.327999999999996,34.464999999999996,37.10433333333334,中航光电
002179,2025-12-12 00:00:00,2025-12-12,32.8,32.27,32.8,32.17,32697700,1057410718.88,-1.68,-0.55,1.57,32.82,33.252,34.3125,37.00266666666666,中航光电
002179,2025-12-15 00:00:00,2025-12-15,32.29,33.59,34.34,32.27,47929000,1599715146.12,4.09,1.32,2.3,32.27,33.008,34.13,36.88133333333333,中航光电
002179,2025-12-16 00:00:00,2025-12-16,33.4,32.89,33.49,32.63,25701400,845343756.3,-2.08,-0.7,1.24,33.59,33.025999999999996,34.0035,36.785999999999994,中航光电
002179,2025-12-17 00:00:00,2025-12-17,32.8,32.88,33.1,32.26,23058900,752138712.97,-0.03,-0.01,1.11,32.89,32.978,33.858000000000004,36.68583333333333,中航光电
002179,2025-12-18 00:00:00,2025-12-18,32.59,33.47,33.91,32.53,35309800,1180594116.75,1.79,0.59,1.7,32.88,32.89,33.727000000000004,36.583999999999996,中航光电
002179,2025-12-19 00:00:00,2025-12-19,33.48,34.14,34.35,33.48,32973200,1122967745.02,2.0,0.67,1.58,33.47,33.019999999999996,33.651500000000006,36.47866666666667,中航光电
002179,2025-12-22 00:00:00,2025-12-22,34.45,34.18,34.77,33.9,35149800,1205113040.38,0.12,0.04,1.69,34.14,33.394,33.6305,36.374833333333335,中航光电
002179,2025-12-23 00:00:00,2025-12-23,34.18,33.43,34.18,33.34,30830400,1037213958.23,-2.19,-0.75,1.48,34.18,33.512,33.57,36.25416666666667,中航光电
002179,2025-12-24 00:00:00,2025-12-24,33.3,33.75,33.9,33.21,23373400,786207151.14,0.96,0.32,1.12,33.43,33.62,33.4865,36.11900000000001,中航光电
002179,2025-12-25 00:00:00,2025-12-25,33.74,34.89,35.05,33.68,51592000,1786613933.71,3.38,1.14,2.48,33.75,33.794,33.4585,35.99116666666667,中航光电
002179,2025-12-26 00:00:00,2025-12-26,35.01,34.79,35.18,34.46,46733900,1623486042.26,-0.29,-0.1,2.25,34.89,34.078,33.5065,35.882666666666665,中航光电
002179,2025-12-29 00:00:00,2025-12-29,35.15,36.05,36.88,35.15,74497900,2669192349.95,3.62,1.26,3.58,34.79,34.208,33.549,35.787333333333336,中航光电
002179,2025-12-30 00:00:00,2025-12-30,35.69,35.46,36.02,35.28,46373700,1651877002.69,-1.64,-0.59,2.23,36.05,34.58200000000001,33.641,35.71783333333334,中航光电
002179,2025-12-31 00:00:00,2025-12-31,35.33,35.44,36.42,34.8,49969000,1772155261.6,-0.06,-0.02,2.4,35.46,34.988,33.728,35.627500000000005,中航光电
002179,2026-01-05 00:00:00,2026-01-05,36.05,35.77,36.39,35.28,66484200,2375221714.43,0.93,0.33,3.2,35.44,35.326,33.834500000000006,35.53033333333333,中航光电
002179,2026-01-06 00:00:00,2026-01-06,35.58,37.23,37.41,35.46,99855800,3656624474.58,4.08,1.46,4.76,35.77,35.501999999999995,33.963,35.443333333333335,中航光电
002179,2026-01-07 00:00:00,2026-01-07,37.5,37.08,38.58,36.67,96735900,3622234134.42,-0.4,-0.15,4.61,37.23,35.989999999999995,34.15,35.383,中航光电
002179,2026-01-08 00:00:00,2026-01-08,37.09,38.5,38.95,36.72,95875800,3638821375.63,3.83,1.42,4.57,37.08,36.196,34.32899999999999,35.319833333333335,中航光电
002179,2026-01-09 00:00:00,2026-01-09,38.82,38.89,40.38,38.5,124359000,4876998080.48,1.01,0.39,5.93,38.5,36.804,34.5975,35.30100000000001,中航光电
002179,2026-01-12 00:00:00,2026-01-12,39.97,40.58,40.97,39.9,110964000,4482077227.31,4.35,1.69,5.29,38.89,37.494,34.876,35.291500000000006,中航光电
002179,2026-01-13 00:00:00,2026-01-13,41.94,38.18,41.94,37.98,124043700,4850927536.33,-5.91,-2.4,5.91,40.58,38.456,35.263999999999996,35.314,中航光电
002179,2026-01-14 00:00:00,2026-01-14,37.97,38.08,39.33,37.58,84547500,3254624624.01,-0.26,-0.1,4.03,38.18,38.646,35.5595,35.3125,中航光电
002179,2026-01-15 00:00:00,2026-01-15,37.63,36.77,37.93,36.7,75958300,2813145684.44,-3.44,-1.31,3.62,38.08,38.846,35.784,35.31566666666666,中航光电
002179,2026-01-16 00:00:00,2026-01-16,37.16,36.84,37.2,36.5,45993100,1692443644.58,0.19,0.07,2.19,36.77,38.5,35.977999999999994,35.3,中航光电
002179,2026-01-19 00:00:00,2026-01-19,36.84,37.86,38.32,36.66,61877100,2318174690.48,2.77,1.02,2.95,36.84,38.09,36.176,35.2945,中航光电
002179,2026-01-20 00:00:00,2026-01-20,37.6,36.74,37.85,36.55,49933100,1846269236.24,-2.96,-1.12,2.38,37.86,37.546,36.3955,35.30883333333334,中航光电
002179,2026-01-21 00:00:00,2026-01-21,36.46,36.45,36.94,36.4,33974900,1245271765.24,-0.79,-0.29,1.62,36.74,37.258,36.5255,35.297,中航光电
002179,2026-01-22 00:00:00,2026-01-22,36.42,36.82,37.11,36.42,35158300,1294556906.16,1.02,0.37,1.68,36.45,36.932,36.638999999999996,35.2755,中航光电
002179,2026-01-23 00:00:00,2026-01-23,37.02,37.57,37.84,36.68,58507800,2188891496.14,2.04,0.75,2.79,36.82,36.942,36.808499999999995,35.259,中航光电
002179,2026-01-26 00:00:00,2026-01-26,37.59,36.06,37.59,36.02,62244200,2276596212.29,-4.02,-1.51,2.97,37.57,37.088,36.9995,35.2555,中航光电
002179,2026-01-27 00:00:00,2026-01-27,35.9,35.87,36.21,35.33,44983100,1609446611.93,-0.53,-0.19,2.14,36.06,36.728,37.058,35.27016666666667,中航光电
002179,2026-01-28 00:00:00,2026-01-28,36.2,35.2,36.26,35.18,43320200,1535617205.15,-1.87,-0.67,2.07,35.87,36.554,37.112,35.282999999999994,中航光电
002179,2026-01-29 00:00:00,2026-01-29,35.01,34.46,35.28,34.33,55206400,1914264260.31,-2.1,-0.74,2.63,35.2,36.303999999999995,37.069500000000005,35.28616666666667,中航光电
002179,2026-01-30 00:00:00,2026-01-30,34.38,34.29,34.58,33.77,31776600,1087609044.87,-0.49,-0.17,1.51,34.46,35.832,37.0195,35.27816666666667,中航光电
002179,2026-02-02 00:00:00,2026-02-02,34.5,33.99,34.82,33.96,26320900,905875135.93,-0.87,-0.3,1.25,34.29,35.176,36.962,35.26566666666667,中航光电
002179,2026-02-03 00:00:00,2026-02-03,34.39,34.99,35.0,34.19,31932300,1107483913.2,2.94,1.0,1.52,33.99,34.762,36.873000000000005,35.2445,中航光电
002179,2026-02-04 00:00:00,2026-02-04,34.8,35.01,35.25,34.71,25444400,889715710.12,0.06,0.02,1.21,34.99,34.586,36.760999999999996,35.24583333333333,中航光电
002179,2026-02-05 00:00:00,2026-02-05,34.86,34.83,35.28,34.71,17895900,625104016.52,-0.51,-0.18,0.85,35.01,34.548,36.657500000000006,35.2405,中航光电
002179,2026-02-06 00:00:00,2026-02-06,34.6,34.61,34.84,34.44,16573000,574335360.25,-0.63,-0.22,0.79,34.83,34.622,36.474000000000004,35.225833333333334,中航光电
002179,2026-02-09 00:00:00,2026-02-09,34.91,34.8,35.02,34.62,26518500,923321880.32,0.55,0.19,1.26,34.61,34.686,36.260000000000005,35.20033333333333,中航光电
002179,2026-02-10 00:00:00,2026-02-10,34.5,34.57,34.67,34.06,26626500,915461568.49,-0.66,-0.23,1.27,34.8,34.848,35.971,35.182500000000005,中航光电
002179,2026-02-11 00:00:00,2026-02-11,34.37,34.3,34.77,34.22,22536100,777212251.68,-0.78,-0.27,1.07,34.57,34.763999999999996,35.7905,35.16,中航光电
002179,2026-02-12 00:00:00,2026-02-12,34.28,34.51,34.64,34.19,18554200,639185434.11,0.61,0.21,0.88,34.3,34.622,35.6015,35.12966666666667,中航光电
002179,2026-02-13 00:00:00,2026-02-13,34.53,34.29,34.8,34.23,25838800,891056386.74,-0.64,-0.22,1.23,34.51,34.55799999999999,35.4885,35.10816666666667,中航光电
002179,2026-02-24 00:00:00,2026-02-24,34.52,34.88,35.02,34.44,25826600,898599974.24,1.72,0.59,1.23,34.29,34.494,35.361000000000004,35.088,中航光电
002179,2026-02-25 00:00:00,2026-02-25,34.98,35.22,35.31,34.8,25518200,896092916.23,0.97,0.34,1.22,34.88,34.510000000000005,35.212,35.08633333333333,中航光电
002179,2026-02-26 00:00:00,2026-02-26,35.4,35.86,36.02,34.96,40841200,1453011834.07,1.82,0.64,1.95,35.22,34.64,35.136,35.09733333333334,中航光电
002179,2026-02-27 00:00:00,2026-02-27,35.78,35.55,35.79,35.37,27655500,983247043.14,-0.86,-0.31,1.32,35.86,34.952,35.1065,35.105166666666676,中航光电
002179,2026-03-02 00:00:00,2026-03-02,35.98,36.46,36.49,35.66,58053800,2100538666.24,2.56,0.91,2.77,35.55,35.160000000000004,35.043,35.11266666666666,中航光电
002179,2026-03-03 00:00:00,2026-03-03,36.5,34.93,36.56,34.89,46491400,1653514447.05,-4.2,-1.53,2.22,36.46,35.594,34.9875,35.1485,中航光电
002179,2026-03-04 00:00:00,2026-03-04,34.56,35.07,35.27,34.45,27212600,949702149.83,0.4,0.14,1.3,34.93,35.604,34.931,35.165166666666664,中航光电
002179,2026-03-05 00:00:00,2026-03-05,35.22,35.01,35.4,34.76,26124900,916392501.25,-0.17,-0.06,1.25,35.07,35.574,34.891,35.184,中航光电
003816,2025-09-02 00:00:00,2025-09-02,3.78,3.79,3.8,3.75,150437600,568659309.5,0.26,0.01,0.38,3.78,,,,中国广核
003816,2025-09-03 00:00:00,2025-09-03,3.79,3.7,3.8,3.7,144190100,539748287.56,-2.37,-0.09,0.37,3.79,,,,中国广核
003816,2025-09-04 00:00:00,2025-09-04,3.71,3.67,3.72,3.63,204761200,749717643.11,-0.81,-0.03,0.52,3.7,,,,中国广核
003816,2025-09-05 00:00:00,2025-09-05,3.66,3.67,3.68,3.63,161144800,587907737.68,0.0,0.0,0.41,3.67,,,,中国广核
003816,2025-09-08 00:00:00,2025-09-08,3.67,3.7,3.72,3.66,144221100,533250131.69,0.82,0.03,0.37,3.67,3.722,,,中国广核
003816,2025-09-09 00:00:00,2025-09-09,3.7,3.7,3.71,3.67,114434400,422261767.04,0.0,0.0,0.29,3.7,3.7060000000000004,,,中国广核
003816,2025-09-10 00:00:00,2025-09-10,3.7,3.73,3.74,3.68,150263500,557231926.7,0.81,0.03,0.38,3.7,3.688,,,中国广核
003816,2025-09-11 00:00:00,2025-09-11,3.72,3.75,3.75,3.7,151320600,564339331.71,0.54,0.02,0.38,3.73,3.694,,,中国广核
003816,2025-09-12 00:00:00,2025-09-12,3.75,3.72,3.76,3.7,131009100,489107387.75,-0.8,-0.03,0.33,3.75,3.71,,,中国广核
003816,2025-09-15 00:00:00,2025-09-15,3.73,3.73,3.75,3.7,145034200,539848648.0,0.27,0.01,0.37,3.72,3.72,,,中国广核
003816,2025-09-16 00:00:00,2025-09-16,3.73,3.71,3.74,3.69,105966400,392823751.9,-0.54,-0.02,0.27,3.73,3.726,,,中国广核
003816,2025-09-17 00:00:00,2025-09-17,3.71,3.74,3.74,3.68,138246300,513707839.79,0.81,0.03,0.35,3.71,3.728,,,中国广核
003816,2025-09-18 00:00:00,2025-09-18,3.73,3.69,3.74,3.67,151688500,561143956.85,-1.34,-0.05,0.39,3.74,3.7299999999999995,,,中国广核
003816,2025-09-19 00:00:00,2025-09-19,3.68,3.64,3.68,3.63,152413800,555881611.78,-1.36,-0.05,0.39,3.69,3.718,,,中国广核
003816,2025-09-22 00:00:00,2025-09-22,3.64,3.6,3.65,3.58,148346800,534129027.24,-1.1,-0.04,0.38,3.64,3.7019999999999995,,,中国广核
003816,2025-09-23 00:00:00,2025-09-23,3.6,3.63,3.65,3.57,145771500,528160969.38,0.83,0.03,0.37,3.6,3.6759999999999997,,,中国广核
003816,2025-09-24 00:00:00,2025-09-24,3.63,3.64,3.67,3.62,111201800,404379933.77,0.28,0.01,0.28,3.63,3.66,,,中国广核
003816,2025-09-25 00:00:00,2025-09-25,3.63,3.63,3.65,3.6,94066200,340141511.89,-0.27,-0.01,0.24,3.64,3.6399999999999997,,,中国广核
003816,2025-09-26 00:00:00,2025-09-26,3.62,3.63,3.64,3.61,89295800,323866003.9,0.0,0.0,0.23,3.63,3.628,,,中国广核
003816,2025-09-29 00:00:00,2025-09-29,3.62,3.63,3.64,3.58,122608200,441989640.85,0.0,0.0,0.31,3.63,3.626,3.6925,,中国广核
003816,2025-09-30 00:00:00,2025-09-30,3.63,3.62,3.63,3.6,75265300,271884716.0,-0.28,-0.01,0.19,3.63,3.632,3.685,,中国广核
003816,2025-10-09 00:00:00,2025-10-09,3.64,3.82,3.82,3.64,446060900,1672534002.13,5.52,0.2,1.13,3.62,3.63,3.6765,,中国广核
003816,2025-10-10 00:00:00,2025-10-10,3.82,3.83,3.86,3.77,253609800,969829555.27,0.26,0.01,0.64,3.82,3.6659999999999995,3.6825,,中国广核
003816,2025-10-13 00:00:00,2025-10-13,3.78,3.83,3.85,3.74,259427600,984455039.81,0.0,0.0,0.66,3.83,3.7060000000000004,3.6905,,中国广核
003816,2025-10-14 00:00:00,2025-10-14,3.85,3.91,3.94,3.84,296462700,1157779105.05,2.09,0.08,0.75,3.83,3.746,3.6985,,中国广核
003816,2025-10-15 00:00:00,2025-10-15,3.92,3.95,3.99,3.88,280262200,1104348054.44,1.02,0.04,0.71,3.91,3.8020000000000005,3.7089999999999996,,中国广核
003816,2025-10-16 00:00:00,2025-10-16,3.95,4.02,4.03,3.92,264720200,1058207441.24,1.77,0.07,0.67,3.95,3.868,3.7215,,中国广核
003816,2025-10-17 00:00:00,2025-10-17,4.02,3.96,4.03,3.94,180671200,719199310.0,-1.49,-0.06,0.46,4.02,3.908,3.7359999999999998,,中国广核
003816,2025-10-20 00:00:00,2025-10-20,3.96,4.0,4.0,3.88,225939800,892254263.09,1.01,0.04,0.57,3.96,3.934,3.7465,,中国广核
003816,2025-10-21 00:00:00,2025-10-21,3.98,4.02,4.04,3.96,176474200,706971370.47,0.5,0.02,0.45,4.0,3.968,3.7605000000000004,,中国广核
003816,2025-10-22 00:00:00,2025-10-22,4.01,4.05,4.07,4.0,166013600,672965856.35,0.75,0.03,0.42,4.02,3.9899999999999998,3.775,,中国广核
003816,2025-10-23 00:00:00,2025-10-23,4.05,4.03,4.07,4.01,123855600,500439799.95,-0.49,-0.02,0.31,4.05,4.01,3.7919999999999994,,中国广核
003816,2025-10-24 00:00:00,2025-10-24,4.02,3.99,4.03,3.96,151745900,605186528.96,-0.99,-0.04,0.39,4.03,4.012,3.8064999999999998,,中国广核
003816,2025-10-27 00:00:00,2025-10-27,4.0,4.13,4.2,4.0,281043500,1159218765.88,3.51,0.14,0.71,3.99,4.018,3.8215000000000003,,中国广核
003816,2025-10-28 00:00:00,2025-10-28,4.12,4.07,4.16,4.06,155773900,639276313.04,-1.45,-0.06,0.4,4.13,4.044,3.846,,中国广核
003816,2025-10-29 00:00:00,2025-10-29,4.05,4.09,4.12,4.02,137825100,561421468.38,0.49,0.02,0.35,4.07,4.054,3.8694999999999995,,中国广核
003816,2025-10-30 00:00:00,2025-10-30,4.09,4.07,4.12,4.04,156706300,637732067.82,-0.49,-0.02,0.4,4.09,4.061999999999999,3.8924999999999996,,中国广核
003816,2025-10-31 00:00:00,2025-10-31,4.06,3.94,4.07,3.93,205877900,816218451.2,-3.19,-0.13,0.52,4.07,4.07,3.914,,中国广核
003816,2025-11-03 00:00:00,2025-11-03,3.97,4.01,4.02,3.94,137040400,546172662.64,1.78,0.07,0.35,3.94,4.0600000000000005,3.9295,,中国广核
003816,2025-11-04 00:00:00,2025-11-04,4.01,3.99,4.05,3.98,119703400,480225031.15,-0.5,-0.02,0.3,4.01,4.036,3.9485,,中国广核
003816,2025-11-05 00:00:00,2025-11-05,3.98,4.06,4.08,3.96,152827600,617074201.76,1.75,0.07,0.39,3.99,4.0200000000000005,3.9665,,中国广核
003816,2025-11-06 00:00:00,2025-11-06,4.08,4.11,4.15,4.07,152112300,626945539.95,1.23,0.05,0.39,4.06,4.014,3.9885000000000006,,中国广核
003816,2025-11-07 00:00:00,2025-11-07,4.12,4.11,4.17,4.1,129289400,534573793.14,0.0,0.0,0.33,4.11,4.022,4.003,,中国广核
003816,2025-11-10 00:00:00,2025-11-10,4.12,4.11,4.15,4.08,115098700,473775458.0,0.0,0.0,0.29,4.11,4.055999999999999,4.017,,中国广核
003816,2025-11-11 00:00:00,2025-11-11,4.12,4.12,4.15,4.09,111108400,458014658.2,0.24,0.01,0.28,4.11,4.0760000000000005,4.031000000000001,,中国广核
003816,2025-11-12 00:00:00,2025-11-12,4.12,4.13,4.14,4.09,125989300,519312414.5,0.24,0.01,0.32,4.12,4.101999999999999,4.041500000000001,,中国广核
003816,2025-11-13 00:00:00,2025-11-13,4.12,4.04,4.13,4.02,135359000,548340163.63,-2.18,-0.09,0.34,4.13,4.116,4.0505,,中国广核
003816,2025-11-14 00:00:00,2025-11-14,4.03,4.0,4.06,3.99,102152000,410930992.0,-0.99,-0.04,0.26,4.04,4.102,4.0515,,中国广核
003816,2025-11-17 00:00:00,2025-11-17,3.99,3.94,4.0,3.91,124642600,490693063.78,-1.5,-0.06,0.32,4.0,4.08,4.0535,,中国广核
003816,2025-11-18 00:00:00,2025-11-18,3.94,3.91,3.95,3.88,102413600,400342430.76,-0.76,-0.03,0.26,3.94,4.045999999999999,4.0505,,中国广核
003816,2025-11-19 00:00:00,2025-11-19,3.9,3.91,3.92,3.88,89958700,350619371.8,0.0,0.0,0.23,3.91,4.004,4.045,,中国广核
003816,2025-11-20 00:00:00,2025-11-20,3.91,3.89,3.94,3.88,95474200,373480973.5,-0.51,-0.02,0.24,3.91,3.96,4.038,,中国广核
003816,2025-11-21 00:00:00,2025-11-21,3.87,3.82,3.88,3.81,139454200,535968490.22,-1.8,-0.07,0.35,3.89,3.9300000000000006,4.031000000000001,,中国广核
003816,2025-11-24 00:00:00,2025-11-24,3.84,3.77,3.85,3.76,155770400,589575498.27,-1.31,-0.05,0.4,3.82,3.8940000000000006,4.0225,,中国广核
003816,2025-11-25 00:00:00,2025-11-25,3.77,3.78,3.79,3.76,93732300,353661016.48,0.27,0.01,0.24,3.77,3.8600000000000003,4.0045,,中国广核
003816,2025-11-26 00:00:00,2025-11-26,3.77,3.78,3.79,3.76,90837700,342779529.68,0.0,0.0,0.23,3.78,3.8339999999999996,3.9900000000000007,,中国广核
003816,2025-11-27 00:00:00,2025-11-27,3.77,3.79,3.82,3.76,92842100,351787655.83,0.26,0.01,0.24,3.78,3.808,3.9745000000000004,,中国广核
003816,2025-11-28 00:00:00,2025-11-28,3.8,3.77,3.8,3.74,110872800,417465945.87,-0.53,-0.02,0.28,3.79,3.7879999999999994,3.9604999999999997,,中国广核
003816,2025-12-01 00:00:00,2025-12-01,3.77,3.79,3.81,3.74,121900600,460006891.01,0.53,0.02,0.31,3.77,3.778,3.9519999999999995,,中国广核
003816,2025-12-02 00:00:00,2025-12-02,3.79,3.8,3.83,3.78,93890700,356935910.96,0.26,0.01,0.24,3.79,3.782,3.9410000000000003,3.860666666666667,中国广核
003816,2025-12-03 00:00:00,2025-12-03,3.8,3.85,3.89,3.79,155593300,598126568.06,1.32,0.05,0.4,3.8,3.786,3.9314999999999998,3.8609999999999998,中国广核
003816,2025-12-04 00:00:00,2025-12-04,3.85,3.83,3.87,3.81,93795400,360242113.4,-0.52,-0.02,0.24,3.85,3.8,3.9210000000000003,3.862,中国广核
003816,2025-12-05 00:00:00,2025-12-05,3.83,3.85,3.86,3.82,102866000,394944605.0,0.52,0.02,0.26,3.83,3.808,3.907,3.8641666666666667,中国广核
003816,2025-12-08 00:00:00,2025-12-08,3.86,3.8,3.88,3.8,129511200,495739725.0,-1.3,-0.05,0.33,3.85,3.8240000000000003,3.8939999999999997,3.867166666666667,中国广核
003816,2025-12-09 00:00:00,2025-12-09,3.81,3.79,3.85,3.78,127498300,485326320.77,-0.26,-0.01,0.32,3.8,3.8259999999999996,3.8785,3.869333333333333,中国广核
003816,2025-12-10 00:00:00,2025-12-10,3.79,3.81,3.83,3.78,94906300,361336185.33,0.53,0.02,0.24,3.79,3.8240000000000003,3.8619999999999997,3.870833333333333,中国广核
003816,2025-12-11 00:00:00,2025-12-11,3.81,3.79,3.84,3.79,97641100,372738426.88,-0.52,-0.02,0.25,3.81,3.816,3.846,3.872666666666667,中国广核
003816,2025-12-12 00:00:00,2025-12-12,3.8,3.85,3.86,3.78,137142500,525215714.14,1.58,0.06,0.35,3.79,3.808,3.8335,3.8736666666666664,中国广核
003816,2025-12-15 00:00:00,2025-12-15,3.86,3.87,3.88,3.84,122922100,475030279.72,0.52,0.02,0.31,3.85,3.808,3.8260000000000005,3.875333333333333,中国广核
003816,2025-12-16 00:00:00,2025-12-16,3.87,3.83,3.88,3.81,119827000,459135266.73,-1.03,-0.04,0.3,3.87,3.822,3.8224999999999993,3.8778333333333332,中国广核
003816,2025-12-17 00:00:00,2025-12-17,3.83,3.83,3.85,3.79,108757300,414709258.68,0.0,0.0,0.28,3.83,3.8300000000000005,3.8185000000000002,3.8795,中国广核
003816,2025-12-18 00:00:00,2025-12-18,3.82,3.83,3.85,3.8,68805800,263420069.55,0.0,0.0,0.17,3.83,3.8340000000000005,3.8145000000000002,3.8815,中国广核
003816,2025-12-19 00:00:00,2025-12-19,3.84,3.85,3.86,3.83,71896800,276663117.28,0.52,0.02,0.18,3.83,3.842,3.8115,3.883,中国广核
003816,2025-12-22 00:00:00,2025-12-22,3.85,3.84,3.86,3.83,85998400,330697152.41,-0.26,-0.01,0.22,3.85,3.842,3.8129999999999997,3.8856666666666664,中国广核
003816,2025-12-23 00:00:00,2025-12-23,3.84,3.82,3.87,3.81,95050300,364839027.38,-0.52,-0.02,0.24,3.84,3.836,3.8165,3.8890000000000002,中国广核
003816,2025-12-24 00:00:00,2025-12-24,3.82,3.84,3.85,3.81,85805400,328601228.48,0.52,0.02,0.22,3.82,3.8340000000000005,3.8184999999999993,3.8926666666666665,中国广核
003816,2025-12-25 00:00:00,2025-12-25,3.84,3.85,3.9,3.84,134776200,522247861.1,0.26,0.01,0.34,3.84,3.836,3.8214999999999995,3.896166666666667,中国广核
003816,2025-12-26 00:00:00,2025-12-26,3.86,3.86,3.87,3.84,83510000,322192468.78,0.26,0.01,0.21,3.85,3.84,3.8245000000000005,3.8996666666666666,中国广核
003816,2025-12-29 00:00:00,2025-12-29,3.86,3.82,3.87,3.81,114442800,438254997.7,-1.04,-0.04,0.29,3.86,3.8419999999999996,3.8290000000000006,3.9035,中国广核
003816,2025-12-30 00:00:00,2025-12-30,3.81,3.76,3.82,3.75,175325800,660610651.14,-1.57,-0.06,0.45,3.82,3.8379999999999996,3.8305,3.9066666666666667,中国广核
003816,2025-12-31 00:00:00,2025-12-31,3.76,3.76,3.77,3.75,75373900,283211372.25,0.0,0.0,0.19,3.76,3.8259999999999996,3.8285000000000005,3.9088333333333334,中国广核
003816,2026-01-05 00:00:00,2026-01-05,3.76,3.77,3.78,3.75,105464700,397106392.71,0.27,0.01,0.27,3.76,3.81,3.8239999999999994,3.911166666666667,中国广核
003816,2026-01-06 00:00:00,2026-01-06,3.78,3.82,3.82,3.77,133326400,506616848.64,1.33,0.05,0.34,3.77,3.7939999999999996,3.821,3.9103333333333334,中国广核
003816,2026-01-07 00:00:00,2026-01-07,3.82,3.85,3.89,3.81,136386900,525959411.86,0.79,0.03,0.35,3.82,3.786,3.8195,3.910166666666667,中国广核
003816,2026-01-08 00:00:00,2026-01-08,3.85,3.93,3.95,3.84,170753700,667153390.26,2.08,0.08,0.43,3.85,3.7919999999999994,3.822,3.9105,中国广核
003816,2026-01-09 00:00:00,2026-01-09,3.93,3.9,3.93,3.88,135824600,529660336.48,-0.76,-0.03,0.35,3.93,3.8260000000000005,3.8289999999999997,3.910833333333333,中国广核
003816,2026-01-12 00:00:00,2026-01-12,3.9,3.92,3.95,3.87,170315200,666257577.76,0.51,0.02,0.43,3.9,3.854,3.8335,3.9099999999999997,中国广核
003816,2026-01-13 00:00:00,2026-01-13,3.93,3.88,3.94,3.87,169281800,660209893.95,-1.02,-0.04,0.43,3.92,3.8839999999999995,3.84,3.908333333333333,中国广核
003816,2026-01-14 00:00:00,2026-01-14,3.88,3.85,3.9,3.84,152627200,591150604.72,-0.77,-0.03,0.39,3.88,3.896,3.8415,3.9070000000000005,中国广核
003816,2026-01-15 00:00:00,2026-01-15,3.84,3.83,3.86,3.82,106880700,409840058.9,-0.52,-0.02,0.27,3.85,3.896,3.8405,3.9045,中国广核
003816,2026-01-16 00:00:00,2026-01-16,3.84,3.85,3.91,3.83,159853200,617781382.34,0.52,0.02,0.41,3.83,3.876,3.8404999999999996,3.9013333333333335,中国广核
003816,2026-01-19 00:00:00,2026-01-19,3.85,3.88,3.9,3.83,137043700,531685964.0,0.78,0.03,0.35,3.85,3.8659999999999997,3.8415,3.898,中国广核
003816,2026-01-20 00:00:00,2026-01-20,3.88,3.94,3.94,3.88,201405500,789312768.51,1.55,0.06,0.51,3.88,3.8579999999999997,3.844,3.8954999999999997,中国广核
003816,2026-01-21 00:00:00,2026-01-21,3.93,3.88,3.95,3.88,146894600,572759999.9,-1.52,-0.06,0.37,3.94,3.87,3.8485,3.8946666666666667,中国广核
003816,2026-01-22 00:00:00,2026-01-22,3.9,3.91,3.97,3.89,177109100,695179819.24,0.77,0.03,0.45,3.88,3.876,3.8504999999999994,3.8905000000000003,中国广核
003816,2026-01-23 00:00:00,2026-01-23,3.91,3.88,3.92,3.87,151819600,589436244.02,-0.77,-0.03,0.39,3.91,3.8920000000000003,3.8550000000000004,3.887833333333333,中国广核
003816,2026-01-26 00:00:00,2026-01-26,3.88,3.9,3.92,3.85,169924600,660650283.34,0.52,0.02,0.43,3.88,3.8979999999999997,3.857,3.884333333333333,中国广核
003816,2026-01-27 00:00:00,2026-01-27,3.89,3.84,3.89,3.83,161201400,620760643.84,-1.54,-0.06,0.41,3.9,3.902,3.8594999999999997,3.8815,中国广核
003816,2026-01-28 00:00:00,2026-01-28,3.84,3.86,3.88,3.82,157672900,607861026.63,0.52,0.02,0.4,3.84,3.882,3.8584999999999994,3.879833333333333,中国广核
003816,2026-01-29 00:00:00,2026-01-29,3.86,3.85,3.86,3.78,197913500,755666250.18,-0.26,-0.01,0.5,3.86,3.878,3.8604999999999996,3.8773333333333335,中国广核
003816,2026-01-30 00:00:00,2026-01-30,3.85,3.85,3.88,3.82,141813100,547045888.12,0.0,0.0,0.36,3.85,3.8659999999999997,3.8649999999999998,3.875,中国广核
003816,2026-02-02 00:00:00,2026-02-02,3.87,3.87,3.94,3.85,249566000,972841536.28,0.52,0.02,0.63,3.85,3.8600000000000003,3.8695,3.8714999999999997,中国广核
003816,2026-02-03 00:00:00,2026-02-03,3.87,3.84,3.88,3.81,187806000,720641065.1,-0.78,-0.03,0.48,3.87,3.854,3.8745,3.8675,中国广核
003816,2026-02-04 00:00:00,2026-02-04,3.84,3.92,3.93,3.83,283874700,1108815702.15,2.08,0.08,0.72,3.84,3.854,3.8755,3.863,中国广核
003816,2026-02-05 00:00:00,2026-02-05,3.92,3.92,3.95,3.9,158610500,622139014.77,0.0,0.0,0.4,3.92,3.8660000000000005,3.8790000000000004,3.8598333333333334,中国广核
003816,2026-02-06 00:00:00,2026-02-06,3.91,3.92,3.95,3.91,130625000,513057845.24,0.0,0.0,0.33,3.92,3.88,3.8785,3.8565,中国广核
003816,2026-02-09 00:00:00,2026-02-09,3.93,3.92,3.95,3.91,106771000,418702224.55,0.0,0.0,0.27,3.92,3.8939999999999997,3.8794999999999993,3.853,中国广核
003816,2026-02-10 00:00:00,2026-02-10,3.92,3.9,3.93,3.9,71565400,279906976.36,-0.51,-0.02,0.18,3.92,3.904,3.8795,3.851,中国广核
003816,2026-02-11 00:00:00,2026-02-11,3.91,3.89,3.92,3.88,78962500,307898905.08,-0.26,-0.01,0.2,3.9,3.9159999999999995,3.8805,3.849333333333333,中国广核
003816,2026-02-12 00:00:00,2026-02-12,3.9,3.88,3.91,3.87,97874400,380845525.25,-0.26,-0.01,0.25,3.89,3.91,3.8825000000000003,3.8485,中国广核
003816,2026-02-13 00:00:00,2026-02-13,3.87,3.83,3.88,3.83,152200700,585756391.7,-1.29,-0.05,0.39,3.88,3.9019999999999997,3.8850000000000002,3.848,中国广核
003816,2026-02-24 00:00:00,2026-02-24,3.85,3.91,3.92,3.84,163097000,634342374.92,2.09,0.08,0.41,3.83,3.8840000000000003,3.8839999999999995,3.8466666666666667,中国广核
003816,2026-02-25 00:00:00,2026-02-25,3.91,3.91,3.94,3.9,145639400,570793622.68,0.0,0.0,0.37,3.91,3.882,3.8854999999999995,3.847,中国广核
003816,2026-02-26 00:00:00,2026-02-26,3.91,3.92,3.94,3.9,133950900,525666944.64,0.26,0.01,0.34,3.91,3.8840000000000003,3.8840000000000003,3.8485,中国广核
003816,2026-02-27 00:00:00,2026-02-27,3.93,3.95,3.98,3.92,272812500,1078511119.3,0.77,0.03,0.69,3.92,3.8899999999999997,3.8860000000000006,3.851,中国广核
003816,2026-03-02 00:00:00,2026-03-02,3.95,4.06,4.09,3.94,271664100,1097133360.92,2.78,0.11,0.69,3.95,3.904000000000001,3.8879999999999995,3.8538333333333337,中国广核
003816,2026-03-03 00:00:00,2026-03-03,4.06,4.02,4.1,4.01,249041900,1009129196.04,-0.99,-0.04,0.63,4.06,3.95,3.897,3.8585000000000003,中国广核
003816,2026-03-04 00:00:00,2026-03-04,4.01,4.05,4.08,3.95,238163700,960675860.78,0.75,0.03,0.61,4.02,3.972,3.9029999999999996,3.862333333333333,中国广核
003816,2026-03-05 00:00:00,2026-03-05,4.08,4.12,4.15,4.07,247373500,1017770927.63,1.73,0.07,0.63,4.05,4.0,3.9135000000000004,3.867,中国广核
300014,2025-09-02 00:00:00,2025-09-02,55.57,56.87,57.65,55.06,73658300,4163060519.0,2.23,1.24,3.96,55.63,,,,亿纬锂能
300014,2025-09-03 00:00:00,2025-09-03,57.62,63.77,65.32,57.61,138471800,8807374417.0,12.13,6.9,7.44,56.87,,,,亿纬锂能
300014,2025-09-04 00:00:00,2025-09-04,65.84,66.66,72.53,65.04,156146100,10675393310.0,4.53,2.89,8.39,63.77,,,,亿纬锂能
300014,2025-09-05 00:00:00,2025-09-05,67.76,77.76,78.66,66.76,170591800,12356689926.0,16.65,11.1,9.16,66.66,,,,亿纬锂能
300014,2025-09-08 00:00:00,2025-09-08,80.76,74.71,80.76,72.74,181300500,13770722124.0,-3.92,-3.05,9.74,77.76,64.138,,,亿纬锂能
300014,2025-09-09 00:00:00,2025-09-09,72.86,71.99,74.64,71.36,105174700,7673808137.0,-3.64,-2.72,5.65,74.71,67.954,,,亿纬锂能
300014,2025-09-10 00:00:00,2025-09-10,69.76,69.91,71.06,68.76,109163200,7640217855.0,-2.89,-2.08,5.86,71.99,70.978,,,亿纬锂能
300014,2025-09-11 00:00:00,2025-09-11,69.66,71.46,72.47,67.89,105915500,7531031669.0,2.22,1.55,5.69,69.91,72.206,,,亿纬锂能
300014,2025-09-12 00:00:00,2025-09-12,71.76,73.57,76.74,70.76,123035100,9069020997.0,2.95,2.11,6.61,71.46,73.166,,,亿纬锂能
300014,2025-09-15 00:00:00,2025-09-15,75.75,73.68,80.7,73.42,134113000,10341216903.0,0.15,0.11,7.2,73.57,72.328,,,亿纬锂能
300014,2025-09-16 00:00:00,2025-09-16,74.23,73.54,74.68,71.49,89619900,6552349824.0,-0.19,-0.14,4.81,73.68,72.12199999999999,,,亿纬锂能
300014,2025-09-17 00:00:00,2025-09-17,72.87,73.96,75.64,71.75,90227900,6650829895.0,0.57,0.42,4.85,73.54,72.432,,,亿纬锂能
300014,2025-09-18 00:00:00,2025-09-18,72.82,70.48,73.6,69.18,98905500,7074245182.0,-4.71,-3.48,5.31,73.96,73.24199999999999,,,亿纬锂能
300014,2025-09-19 00:00:00,2025-09-19,70.44,71.41,73.86,70.3,78637600,5683157478.0,1.32,0.93,4.22,70.48,73.046,,,亿纬锂能
300014,2025-09-22 00:00:00,2025-09-22,71.3,71.81,72.78,70.6,45667900,3261788132.0,0.56,0.4,2.45,71.41,72.614,,,亿纬锂能
300014,2025-09-23 00:00:00,2025-09-23,71.81,73.81,76.88,71.79,107949100,8032203461.0,2.79,2.0,5.8,71.81,72.24,,,亿纬锂能
300014,2025-09-24 00:00:00,2025-09-24,73.71,76.34,77.48,71.87,98480000,7395224099.0,3.43,2.53,5.29,73.81,72.294,,,亿纬锂能
300014,2025-09-25 00:00:00,2025-09-25,76.04,81.28,83.88,76.03,123246200,9845963099.0,6.47,4.94,6.62,76.34,72.77000000000001,,,亿纬锂能
300014,2025-09-26 00:00:00,2025-09-26,79.79,77.27,82.02,77.2,73576300,5831090735.0,-4.93,-4.01,3.95,81.28,74.92999999999999,,,亿纬锂能
300014,2025-09-29 00:00:00,2025-09-29,79.99,83.68,86.7,79.99,108181700,8996813854.0,8.3,6.41,5.81,77.27,76.102,71.2955,,亿纬锂能
300014,2025-09-30 00:00:00,2025-09-30,83.0,91.0,91.98,82.6,108835800,9460973093.0,8.75,7.32,5.85,83.68,78.476,72.698,,亿纬锂能
300014,2025-10-09 00:00:00,2025-10-09,91.14,90.27,94.44,88.1,90705300,8251319325.0,-0.8,-0.73,4.87,91.0,81.91400000000002,74.4045,,亿纬锂能
300014,2025-10-10 00:00:00,2025-10-10,88.1,80.38,88.29,79.89,100875200,8349247168.0,-10.96,-9.89,5.42,90.27,84.7,75.7295,,亿纬锂能
300014,2025-10-13 00:00:00,2025-10-13,76.2,83.37,83.98,76.0,81811000,6654543690.0,3.72,2.99,4.4,80.38,84.52000000000001,76.4155,,亿纬锂能
300014,2025-10-14 00:00:00,2025-10-14,83.45,79.05,85.64,77.58,83185000,6780073046.0,-5.18,-4.32,4.47,83.37,85.74000000000001,76.696,,亿纬锂能
300014,2025-10-15 00:00:00,2025-10-15,79.0,81.23,81.49,76.75,57065700,4512034261.0,2.76,2.18,3.07,79.05,84.814,76.913,,亿纬锂能
300014,2025-10-16 00:00:00,2025-10-16,80.28,83.75,84.87,79.36,75827300,6285723165.0,3.1,2.52,4.07,81.23,82.85999999999999,77.375,,亿纬锂能
300014,2025-10-17 00:00:00,2025-10-17,82.58,76.29,83.0,76.28,72655200,5685654456.0,-8.91,-7.46,3.9,83.75,81.556,78.06700000000001,,亿纬锂能
300014,2025-10-20 00:00:00,2025-10-20,77.65,76.49,79.29,75.63,55596700,4300772880.0,0.26,0.2,2.99,76.29,80.738,78.30850000000001,,亿纬锂能
300014,2025-10-21 00:00:00,2025-10-21,77.36,78.65,79.18,76.31,53823700,4211584669.0,2.82,2.16,2.89,76.49,79.362,78.45450000000001,,亿纬锂能
300014,2025-10-22 00:00:00,2025-10-22,77.63,77.62,79.2,76.0,41614000,3221627112.0,-1.31,-1.03,2.24,78.65,79.282,78.703,,亿纬锂能
300014,2025-10-23 00:00:00,2025-10-23,77.21,78.49,78.81,75.64,46681500,3611502681.0,1.12,0.87,2.51,77.62,78.56,78.90700000000001,,亿纬锂能
300014,2025-10-24 00:00:00,2025-10-24,78.56,80.25,80.3,77.5,69748100,5526123197.0,2.24,1.76,3.75,78.49,77.50800000000001,79.1335,,亿纬锂能
300014,2025-10-27 00:00:00,2025-10-27,80.0,76.89,80.61,75.0,117168900,9065184819.0,-4.19,-3.36,6.29,80.25,78.3,79.622,,亿纬锂能
300014,2025-10-28 00:00:00,2025-10-28,76.92,77.53,79.44,76.92,67526700,5276363071.0,0.83,0.64,3.63,76.89,78.38,79.89599999999999,,亿纬锂能
300014,2025-10-29 00:00:00,2025-10-29,77.03,83.59,83.99,77.03,97432700,7933145837.0,7.82,6.06,5.23,77.53,78.156,80.18199999999999,,亿纬锂能
300014,2025-10-30 00:00:00,2025-10-30,83.6,83.8,86.93,81.85,105576400,8888047358.0,0.25,0.21,5.67,83.59,79.35,80.671,,亿纬锂能
300014,2025-10-31 00:00:00,2025-10-31,83.75,83.18,88.24,83.1,87981500,7533521237.0,-0.74,-0.62,4.73,83.8,80.412,81.04400000000001,,亿纬锂能
300014,2025-11-03 00:00:00,2025-11-03,82.04,83.45,85.5,80.5,71284900,5925419056.0,0.32,0.27,3.83,83.18,80.998,81.139,,亿纬锂能
300014,2025-11-04 00:00:00,2025-11-04,82.6,79.28,83.78,78.68,63061000,5075180952.0,-5.0,-4.17,3.39,83.45,82.31,81.44800000000001,,亿纬锂能
300014,2025-11-05 00:00:00,2025-11-05,77.0,85.65,86.37,76.5,90266600,7484557680.0,8.03,6.37,4.85,79.28,82.66,81.22800000000001,,亿纬锂能
300014,2025-11-06 00:00:00,2025-11-06,85.5,85.16,86.3,84.19,55968700,4761527209.0,-0.57,-0.49,3.01,85.65,83.072,80.9605,,亿纬锂能
300014,2025-11-07 00:00:00,2025-11-07,85.0,87.37,88.8,83.2,79957300,6925882068.0,2.6,2.21,4.3,85.16,83.34400000000001,80.70500000000001,,亿纬锂能
300014,2025-11-10 00:00:00,2025-11-10,88.4,83.85,89.9,82.77,80364200,6904356443.0,-4.03,-3.52,4.32,87.37,84.182,81.05449999999999,,亿纬锂能
300014,2025-11-11 00:00:00,2025-11-11,84.24,84.01,87.6,83.35,56879200,4872398862.0,0.19,0.16,3.06,83.85,84.262,81.0785,,亿纬锂能
300014,2025-11-12 00:00:00,2025-11-12,82.51,80.02,82.88,79.0,55623200,4481707472.0,-4.75,-3.99,2.99,84.01,85.208,81.3265,,亿纬锂能
300014,2025-11-13 00:00:00,2025-11-13,80.5,87.37,89.89,80.4,108190700,9303407680.0,9.19,7.35,5.81,80.02,84.08200000000001,81.26599999999999,,亿纬锂能
300014,2025-11-14 00:00:00,2025-11-14,85.9,82.6,86.88,82.51,69129500,5792523474.0,-5.46,-4.77,3.71,87.37,84.524,81.44699999999999,,亿纬锂能
300014,2025-11-17 00:00:00,2025-11-17,82.88,83.45,86.0,82.2,52429000,4389000617.0,1.03,0.85,2.82,82.6,83.57,81.7625,,亿纬锂能
300014,2025-11-18 00:00:00,2025-11-18,83.46,78.6,85.2,77.77,76129200,6095573553.0,-5.81,-4.85,4.09,83.45,83.49000000000001,82.1105,,亿纬锂能
300014,2025-11-19 00:00:00,2025-11-19,78.2,79.0,80.65,78.0,42856700,3394887575.0,0.51,0.4,2.3,78.6,82.408,82.108,,亿纬锂能
300014,2025-11-20 00:00:00,2025-11-20,79.05,76.3,79.58,76.0,49469400,3832954984.0,-3.42,-2.7,2.66,79.0,82.204,82.17699999999999,,亿纬锂能
300014,2025-11-21 00:00:00,2025-11-21,74.1,71.74,75.0,71.74,54240100,3952398196.0,-5.98,-4.56,2.91,76.3,79.99,82.0675,,亿纬锂能
300014,2025-11-24 00:00:00,2025-11-24,72.27,71.47,72.98,70.16,42801400,3060839473.0,-0.38,-0.27,2.3,71.74,77.81800000000001,81.642,,亿纬锂能
300014,2025-11-25 00:00:00,2025-11-25,72.5,72.5,73.96,71.96,34936500,2545042513.0,1.44,1.03,1.88,71.47,75.422,81.37100000000001,,亿纬锂能
300014,2025-11-26 00:00:00,2025-11-26,72.74,72.37,73.89,71.88,34939800,2535541988.0,-0.18,-0.13,1.88,72.5,74.202,81.1195,,亿纬锂能
300014,2025-11-27 00:00:00,2025-11-27,72.35,71.69,74.8,71.58,48015400,3502816709.0,-0.94,-0.68,2.54,72.37,72.876,80.55850000000001,,亿纬锂能
300014,2025-11-28 00:00:00,2025-11-28,70.01,71.41,72.57,69.24,45640000,3247527995.0,-0.39,-0.28,2.42,71.69,71.954,79.953,,亿纬锂能
300014,2025-12-01 00:00:00,2025-12-01,71.79,72.38,73.37,71.32,37921900,2746154812.0,1.36,0.97,2.01,71.41,71.88799999999999,79.36449999999999,,亿纬锂能
300014,2025-12-02 00:00:00,2025-12-02,71.8,70.65,71.82,70.11,32469700,2295665184.0,-2.39,-1.73,1.72,72.38,72.07000000000001,78.81099999999999,77.18483333333333,亿纬锂能
300014,2025-12-03 00:00:00,2025-12-03,70.65,69.22,71.4,68.88,31146800,2176304567.0,-2.02,-1.43,1.65,70.65,71.7,78.3795,77.43516666666666,亿纬锂能
300014,2025-12-04 00:00:00,2025-12-04,69.22,69.52,69.76,67.96,28582700,1970653515.0,0.43,0.3,1.51,69.22,71.07000000000001,77.558,77.641,亿纬锂能
300014,2025-12-05 00:00:00,2025-12-05,70.25,69.13,70.25,68.5,30888900,2136309989.0,-0.56,-0.39,1.64,69.52,70.636,76.776,77.73683333333332,亿纬锂能
300014,2025-12-08 00:00:00,2025-12-08,69.14,72.1,72.88,69.0,48927500,3485793451.0,4.3,2.97,2.43,69.13,70.17999999999999,75.864,77.77799999999999,亿纬锂能
300014,2025-12-09 00:00:00,2025-12-09,72.0,71.48,73.0,70.94,32112200,2305187980.0,-0.86,-0.62,1.6,72.1,70.124,75.2765,77.68366666666667,亿纬锂能
300014,2025-12-10 00:00:00,2025-12-10,72.39,71.21,72.4,69.85,30080000,2131679118.0,-0.38,-0.27,1.49,71.48,70.28999999999999,74.65,77.62983333333334,亿纬锂能
300014,2025-12-11 00:00:00,2025-12-11,71.3,70.51,73.5,70.5,38754300,2792817511.0,-0.98,-0.7,1.92,71.21,70.688,74.2095,77.61683333333332,亿纬锂能
300014,2025-12-12 00:00:00,2025-12-12,71.0,71.0,72.09,69.4,33387500,2359982724.0,0.69,0.49,1.66,70.51,70.886,73.3665,77.62683333333332,亿纬锂能
300014,2025-12-15 00:00:00,2025-12-15,70.96,69.01,71.86,68.68,30731300,2142657121.0,-2.8,-1.99,1.53,71.0,71.25999999999999,72.7865,77.61916666666666,亿纬锂能
300014,2025-12-16 00:00:00,2025-12-16,69.0,67.73,69.34,66.66,27140700,1834569555.0,-1.85,-1.28,1.35,69.01,70.64200000000001,72.0645,77.54316666666666,亿纬锂能
300014,2025-12-17 00:00:00,2025-12-17,68.35,69.96,70.25,67.99,33891000,2344747008.0,3.29,2.23,1.68,67.73,69.89200000000001,71.521,77.44399999999999,亿纬锂能
300014,2025-12-18 00:00:00,2025-12-18,69.06,68.55,70.15,68.48,24583800,1700929217.0,-2.02,-1.41,1.22,69.96,69.64200000000001,71.06899999999999,77.38433333333333,亿纬锂能
300014,2025-12-19 00:00:00,2025-12-19,69.13,68.56,69.19,67.5,27480800,1878957483.0,0.01,0.01,1.36,68.55,69.25,70.6815,77.29416666666665,亿纬锂能
300014,2025-12-22 00:00:00,2025-12-22,68.67,69.01,69.64,68.4,27484600,1895976887.0,0.66,0.45,1.37,68.56,68.76200000000001,70.52250000000001,77.26216666666667,亿纬锂能
300014,2025-12-23 00:00:00,2025-12-23,69.04,70.82,71.99,68.8,54800500,3873593202.0,2.62,1.81,2.72,69.01,68.762,70.3995,77.22216666666667,亿纬锂能
300014,2025-12-24 00:00:00,2025-12-24,70.47,71.12,71.42,69.72,38668800,2733711754.0,0.42,0.3,1.92,70.82,69.38000000000001,70.3155,77.20566666666667,亿纬锂能
300014,2025-12-25 00:00:00,2025-12-25,70.28,70.86,71.1,69.5,34883000,2451357505.0,-0.37,-0.26,1.73,71.12,69.612,70.25300000000001,77.16083333333333,亿纬锂能
300014,2025-12-26 00:00:00,2025-12-26,71.7,71.8,73.38,70.72,63668600,4578468659.0,1.33,0.94,3.16,70.86,70.074,70.2115,77.0695,亿纬锂能
300014,2025-12-29 00:00:00,2025-12-29,71.33,68.62,71.33,68.32,63794800,4400272400.0,-4.43,-3.18,3.17,71.8,70.72200000000001,70.231,76.91149999999999,亿纬锂能
300014,2025-12-30 00:00:00,2025-12-30,67.51,67.7,68.15,66.18,56641500,3801785533.0,-1.34,-0.92,2.81,68.62,70.64399999999999,70.043,76.76733333333333,亿纬锂能
300014,2025-12-31 00:00:00,2025-12-31,67.76,65.76,68.3,65.6,45288500,3007863447.0,-2.87,-1.94,2.26,67.7,70.02000000000001,69.8955,76.50099999999999,亿纬锂能
300014,2026-01-05 00:00:00,2026-01-05,65.79,68.97,69.37,65.79,62363800,4251257553.0,4.88,3.21,3.12,65.76,68.94800000000001,69.7225,76.08033333333333,亿纬锂能
300014,2026-01-06 00:00:00,2026-01-06,69.47,69.6,70.5,68.58,49033900,3409530683.0,0.91,0.63,2.45,68.97,68.57,69.69500000000001,75.72533333333334,亿纬锂能
300014,2026-01-07 00:00:00,2026-01-07,70.02,69.69,71.54,68.78,57277200,4018424370.0,0.13,0.09,2.86,69.6,68.13000000000001,69.7185,75.54566666666666,亿纬锂能
300014,2026-01-08 00:00:00,2026-01-08,69.0,69.0,70.19,68.24,43076800,2978425336.0,-0.99,-0.69,2.15,69.69,68.34400000000001,69.598,75.31766666666667,亿纬锂能
300014,2026-01-09 00:00:00,2026-01-09,69.0,69.24,70.12,68.1,42953500,2979320712.0,0.35,0.24,2.15,69.0,68.604,69.474,75.15016666666666,亿纬锂能
300014,2026-01-12 00:00:00,2026-01-12,68.5,68.21,69.65,66.18,73788000,4990171042.0,-1.49,-1.03,3.69,69.24,69.3,69.3755,74.95033333333332,亿纬锂能
300014,2026-01-13 00:00:00,2026-01-13,68.21,66.63,69.78,66.36,71106600,4804167337.0,-2.32,-1.58,3.56,68.21,69.148,69.2605,74.69133333333333,亿纬锂能
300014,2026-01-14 00:00:00,2026-01-14,66.66,67.16,69.07,66.39,72381300,4903244387.0,0.8,0.53,3.62,66.63,68.554,69.042,74.53033333333333,亿纬锂能
300014,2026-01-15 00:00:00,2026-01-15,66.9,67.9,69.27,66.6,54993900,3754251473.0,1.1,0.74,2.75,67.16,68.04799999999999,68.9495,74.37483333333333,亿纬锂能
300014,2026-01-16 00:00:00,2026-01-16,68.26,68.69,69.8,68.21,61456400,4236922310.0,1.16,0.79,3.07,67.9,67.828,68.958,74.19566666666668,亿纬锂能
300014,2026-01-19 00:00:00,2026-01-19,68.8,68.0,69.36,67.7,44753200,3060933526.0,-1.0,-0.69,2.24,68.69,67.71799999999999,68.89450000000001,74.04683333333334,亿纬锂能
300014,2026-01-20 00:00:00,2026-01-20,68.25,66.02,68.5,65.38,57955200,3850527291.0,-2.91,-1.98,2.9,68.0,67.676,68.86699999999999,73.872,亿纬锂能
300014,2026-01-21 00:00:00,2026-01-21,65.69,66.84,67.98,65.48,48397000,3254229833.0,1.24,0.82,2.42,66.02,67.554,68.74,73.63483333333333,亿纬锂能
300014,2026-01-22 00:00:00,2026-01-22,66.9,64.85,68.3,64.59,68616700,4499736428.0,-2.98,-1.99,3.43,66.84,67.49000000000001,68.63149999999999,73.46733333333333,亿纬锂能
300014,2026-01-23 00:00:00,2026-01-23,64.8,66.75,66.88,64.68,66667000,4408057608.0,2.93,1.9,3.33,64.85,66.88,68.333,73.256,亿纬锂能
300014,2026-01-26 00:00:00,2026-01-26,68.03,65.78,68.5,65.75,60623200,4054680161.0,-1.45,-0.97,3.03,66.75,66.49199999999999,68.11449999999999,72.97533333333334,亿纬锂能
300014,2026-01-27 00:00:00,2026-01-27,65.28,64.2,65.68,62.33,61316100,3910015107.0,-2.4,-1.58,3.07,65.78,66.048,67.8605,72.675,亿纬锂能
300014,2026-01-28 00:00:00,2026-01-28,63.8,62.24,63.83,61.2,66670300,4149028331.0,-3.05,-1.96,3.33,64.2,65.684,67.4805,72.35866666666666,亿纬锂能
300014,2026-01-29 00:00:00,2026-01-29,62.0,60.71,62.25,60.59,47216200,2887816073.0,-2.46,-1.53,2.36,62.24,64.76400000000001,67.1615,72.00516666666667,亿纬锂能
300014,2026-01-30 00:00:00,2026-01-30,60.71,63.79,64.1,59.58,88280200,5501607911.0,5.07,3.08,4.41,60.71,63.936,66.81199999999998,71.69566666666668,亿纬锂能
300014,2026-02-02 00:00:00,2026-02-02,65.31,62.93,66.07,62.82,58855800,3779257926.0,-1.35,-0.86,2.94,63.79,63.34400000000001,66.7135,71.33133333333333,亿纬锂能
300014,2026-02-03 00:00:00,2026-02-03,63.61,63.13,63.8,61.8,40503400,2537243018.0,0.32,0.2,2.03,62.93,62.774,66.41149999999999,70.96083333333333,亿纬锂能
300014,2026-02-04 00:00:00,2026-02-04,62.69,63.95,64.17,62.09,41407300,2615721536.0,1.3,0.82,2.07,63.13,62.56,66.088,70.55683333333333,亿纬锂能
300014,2026-02-05 00:00:00,2026-02-05,63.21,61.58,63.4,61.01,41872600,2589037839.0,-3.71,-2.37,2.09,63.95,62.902,65.801,70.22516666666665,亿纬锂能
300014,2026-02-06 00:00:00,2026-02-06,60.97,63.53,64.36,60.89,51191500,3241119566.0,3.17,1.95,2.56,61.58,63.076,65.42999999999999,69.85133333333334,亿纬锂能
300014,2026-02-09 00:00:00,2026-02-09,63.78,64.19,64.63,63.3,36119500,2305955607.0,1.04,0.66,1.81,63.53,63.024,65.1445,69.5765,亿纬锂能
300014,2026-02-10 00:00:00,2026-02-10,63.96,63.37,64.8,63.22,26399100,1682325266.0,-1.28,-0.82,1.32,64.19,63.275999999999996,64.9435,69.19016666666667,亿纬锂能
300014,2026-02-11 00:00:00,2026-02-11,63.22,63.79,64.8,62.9,30898100,1978418467.0,0.66,0.42,1.55,63.37,63.324,64.78049999999999,68.86966666666667,亿纬锂能
300014,2026-02-12 00:00:00,2026-02-12,63.79,65.08,65.38,63.66,45113900,2926226175.0,2.02,1.29,2.26,63.79,63.291999999999994,64.612,68.54199999999999,亿纬锂能
300014,2026-02-13 00:00:00,2026-02-13,65.0,63.78,65.0,63.73,31403600,2018374937.0,-2.0,-1.3,1.57,65.08,63.992,64.471,68.31666666666666,亿纬锂能
300014,2026-02-24 00:00:00,2026-02-24,64.93,64.48,66.07,64.22,35303400,2295203649.0,1.1,0.7,1.77,63.78,64.042,64.2255,68.063,亿纬锂能
300014,2026-02-25 00:00:00,2026-02-25,64.5,65.46,66.5,64.2,49491400,3247118912.0,1.52,0.98,2.47,64.48,64.1,64.0495,67.866,亿纬锂能
300014,2026-02-26 00:00:00,2026-02-26,66.01,62.16,66.1,62.02,75092800,4718210246.0,-5.04,-3.3,3.75,65.46,64.518,64.0215,67.76133333333333,亿纬锂能
300014,2026-02-27 00:00:00,2026-02-27,61.66,62.33,62.6,61.6,31064100,1927169123.0,0.27,0.17,1.55,62.16,64.192,63.7875,67.60616666666667,亿纬锂能
300014,2026-03-02 00:00:00,2026-03-02,61.2,61.41,63.2,61.02,39058000,2414485707.0,-1.48,-0.92,1.95,62.33,63.64200000000001,63.661500000000004,67.43666666666667,亿纬锂能
300014,2026-03-03 00:00:00,2026-03-03,62.46,61.57,64.32,61.52,66152400,4157206370.0,0.26,0.16,3.31,61.41,63.16799999999999,63.394499999999994,67.25399999999999,亿纬锂能
300014,2026-03-04 00:00:00,2026-03-04,60.6,60.82,61.98,60.08,37158100,2262801920.0,-1.22,-0.75,1.86,61.57,62.586,63.184000000000005,67.08533333333334,亿纬锂能
300014,2026-03-05 00:00:00,2026-03-05,61.6,60.54,61.94,60.18,34225000,2080429203.0,-0.46,-0.28,1.71,60.82,61.658,63.015,66.90883333333333,亿纬锂能
300015,2025-09-02 00:00:00,2025-09-02,13.2,12.92,13.29,12.84,121231000,1586077286.0,-2.27,-0.3,1.53,13.22,,,,爱尔眼科
300015,2025-09-03 00:00:00,2025-09-03,12.96,12.58,13.08,12.54,123585800,1586926152.0,-2.63,-0.34,1.56,12.92,,,,爱尔眼科
300015,2025-09-04 00:00:00,2025-09-04,12.6,12.57,12.95,12.43,157886500,2018948675.0,-0.08,-0.01,1.99,12.58,,,,爱尔眼科
300015,2025-09-05 00:00:00,2025-09-05,12.57,12.84,12.85,12.42,112111300,1425054867.0,2.15,0.27,1.41,12.57,,,,爱尔眼科
300015,2025-09-08 00:00:00,2025-09-08,12.79,13.02,13.2,12.75,141713500,1857025823.0,1.4,0.18,1.79,12.84,12.825999999999999,,,爱尔眼科
300015,2025-09-09 00:00:00,2025-09-09,12.95,12.79,12.97,12.7,89597000,1156203370.0,-1.77,-0.23,1.13,13.02,12.786,,,爱尔眼科
300015,2025-09-10 00:00:00,2025-09-10,12.79,12.67,12.86,12.65,70737100,906190136.0,-0.94,-0.12,0.89,12.79,12.76,,,爱尔眼科
300015,2025-09-11 00:00:00,2025-09-11,12.63,13.04,13.07,12.5,160440000,2081221789.0,2.92,0.37,2.02,12.67,12.778,,,爱尔眼科
300015,2025-09-12 00:00:00,2025-09-12,13.0,12.81,13.07,12.77,102880000,1332596126.0,-1.76,-0.23,1.3,13.04,12.872,,,爱尔眼科
300015,2025-09-15 00:00:00,2025-09-15,12.8,12.83,12.93,12.77,71268900,919595303.0,0.16,0.02,0.9,12.81,12.866,,,爱尔眼科
300015,2025-09-16 00:00:00,2025-09-16,12.84,12.72,12.86,12.64,73323000,938306936.0,-0.86,-0.11,0.92,12.83,12.828,,,爱尔眼科
300015,2025-09-17 00:00:00,2025-09-17,12.72,12.8,12.81,12.66,76326700,978841510.0,0.63,0.08,0.96,12.72,12.814000000000002,,,爱尔眼科
300015,2025-09-18 00:00:00,2025-09-18,12.79,12.51,12.79,12.38,140463900,1783563429.0,-2.27,-0.29,1.77,12.8,12.84,,,爱尔眼科
300015,2025-09-19 00:00:00,2025-09-19,12.45,12.4,12.54,12.34,76184900,952805639.0,-0.88,-0.11,0.96,12.51,12.734,,,爱尔眼科
300015,2025-09-22 00:00:00,2025-09-22,12.34,12.29,12.4,12.22,59337400,733532456.0,-0.89,-0.11,0.75,12.4,12.652,,,爱尔眼科
300015,2025-09-23 00:00:00,2025-09-23,12.28,12.22,12.3,11.97,87382400,1066446902.0,-0.57,-0.07,1.1,12.29,12.544,,,爱尔眼科
300015,2025-09-24 00:00:00,2025-09-24,12.27,12.4,12.41,12.17,74242100,919326081.0,1.47,0.18,0.94,12.22,12.443999999999999,,,爱尔眼科
300015,2025-09-25 00:00:00,2025-09-25,12.39,12.31,12.44,12.3,55914900,696543505.0,-0.73,-0.09,0.71,12.4,12.364,,,爱尔眼科
300015,2025-09-26 00:00:00,2025-09-26,12.28,12.27,12.38,12.18,55640100,687883376.0,-0.32,-0.04,0.7,12.31,12.324000000000002,,,爱尔眼科
300015,2025-09-29 00:00:00,2025-09-29,12.27,12.34,12.37,12.1,66384200,816394600.0,0.57,0.07,0.84,12.27,12.298,12.6605,,爱尔眼科
300015,2025-09-30 00:00:00,2025-09-30,12.33,12.26,12.4,12.26,56914500,705968145.0,-0.65,-0.08,0.72,12.34,12.308000000000002,12.6165,,爱尔眼科
300015,2025-10-09 00:00:00,2025-10-09,12.25,12.69,12.69,12.15,129815900,1631317603.0,3.51,0.43,1.64,12.26,12.316,12.5835,,爱尔眼科
300015,2025-10-10 00:00:00,2025-10-10,12.69,12.58,12.71,12.5,73682900,934443979.0,-0.87,-0.11,0.93,12.69,12.373999999999999,12.589,,爱尔眼科
300015,2025-10-13 00:00:00,2025-10-13,12.31,12.44,12.48,12.24,74072300,920842863.0,-1.11,-0.14,0.93,12.58,12.428,12.589500000000001,,爱尔眼科
300015,2025-10-14 00:00:00,2025-10-14,12.47,12.58,12.75,12.44,96287300,1219948677.0,1.13,0.14,1.21,12.44,12.462,12.569500000000001,,爱尔眼科
300015,2025-10-15 00:00:00,2025-10-15,12.58,12.6,12.64,12.44,84959800,1073076432.0,0.16,0.02,1.07,12.58,12.51,12.5475,,爱尔眼科
300015,2025-10-16 00:00:00,2025-10-16,12.56,12.44,12.61,12.39,56336900,707541535.0,-1.27,-0.16,0.71,12.6,12.578,12.538,,爱尔眼科
300015,2025-10-17 00:00:00,2025-10-17,12.39,12.47,12.6,12.29,87104400,1092205645.0,0.24,0.03,1.1,12.44,12.528,12.526499999999999,,爱尔眼科
300015,2025-10-20 00:00:00,2025-10-20,12.49,12.26,12.54,12.2,71312600,884296995.0,-1.68,-0.21,0.9,12.47,12.506,12.498,,爱尔眼科
300015,2025-10-21 00:00:00,2025-10-21,12.27,12.25,12.29,12.2,55165700,679162467.0,-0.08,-0.01,0.7,12.26,12.47,12.4705,,爱尔眼科
300015,2025-10-22 00:00:00,2025-10-22,12.21,12.12,12.23,12.1,50441100,617014988.0,-1.06,-0.13,0.64,12.25,12.404,12.441500000000001,,爱尔眼科
300015,2025-10-23 00:00:00,2025-10-23,12.12,12.19,12.2,12.06,39674400,484316945.0,0.58,0.07,0.5,12.12,12.308000000000002,12.4115,,爱尔眼科
300015,2025-10-24 00:00:00,2025-10-24,12.19,12.14,12.27,12.13,43858100,537701484.0,-0.41,-0.05,0.55,12.19,12.258,12.381,,爱尔眼科
300015,2025-10-27 00:00:00,2025-10-27,12.17,12.24,12.25,12.16,55076200,677375474.0,0.82,0.1,0.69,12.14,12.192,12.3625,,爱尔眼科
300015,2025-10-28 00:00:00,2025-10-28,12.1,12.16,12.21,11.99,74908700,912419723.0,-0.65,-0.08,0.94,12.24,12.187999999999999,12.3545,,爱尔眼科
300015,2025-10-29 00:00:00,2025-10-29,12.14,12.09,12.15,12.02,59480200,722334124.0,-0.58,-0.07,0.75,12.16,12.17,12.348,,爱尔眼科
300015,2025-10-30 00:00:00,2025-10-30,12.09,12.03,12.21,12.0,67851700,826537420.0,-0.5,-0.06,0.86,12.09,12.164000000000001,12.3415,,爱尔眼科
300015,2025-10-31 00:00:00,2025-10-31,12.06,12.17,12.23,12.03,67860000,830400252.0,1.16,0.14,0.86,12.03,12.132,12.323,,爱尔眼科
300015,2025-11-03 00:00:00,2025-11-03,12.17,12.13,12.21,12.04,51226400,623383896.0,-0.33,-0.04,0.65,12.17,12.138,12.315999999999999,,爱尔眼科
300015,2025-11-04 00:00:00,2025-11-04,12.11,11.96,12.11,11.94,62244500,752370957.0,-1.4,-0.17,0.78,12.13,12.116000000000001,12.309,,爱尔眼科
300015,2025-11-05 00:00:00,2025-11-05,11.92,11.97,12.04,11.89,38729500,466987508.0,0.08,0.01,0.49,11.96,12.076,12.29,,爱尔眼科
300015,2025-11-06 00:00:00,2025-11-06,11.96,11.98,11.99,11.92,38151000,459446720.0,0.08,0.01,0.48,11.97,12.052000000000001,12.2755,,爱尔眼科
300015,2025-11-07 00:00:00,2025-11-07,11.95,11.98,12.04,11.92,36560200,440988057.0,0.0,0.0,0.46,11.98,12.042000000000002,12.24,,爱尔眼科
300015,2025-11-10 00:00:00,2025-11-10,11.98,12.39,12.46,11.96,125028400,1543890774.0,3.42,0.41,1.58,11.98,12.004000000000001,12.209999999999999,,爱尔眼科
300015,2025-11-11 00:00:00,2025-11-11,12.39,12.32,12.39,12.24,57656500,714195931.0,-0.56,-0.07,0.73,12.39,12.056000000000001,12.2075,,爱尔眼科
300015,2025-11-12 00:00:00,2025-11-12,12.37,12.2,12.37,12.17,48503500,598471073.0,-0.97,-0.12,0.61,12.32,12.128,12.194500000000001,,爱尔眼科
300015,2025-11-13 00:00:00,2025-11-13,12.22,12.23,12.27,12.18,48236000,592877932.0,0.25,0.03,0.61,12.2,12.174000000000001,12.1745,,爱尔眼科
300015,2025-11-14 00:00:00,2025-11-14,12.2,12.17,12.4,12.17,56896500,703016876.0,-0.49,-0.06,0.72,12.23,12.224,12.164000000000001,,爱尔眼科
300015,2025-11-17 00:00:00,2025-11-17,12.15,12.07,12.18,12.03,45424800,552585659.0,-0.82,-0.1,0.57,12.17,12.262,12.149,,爱尔眼科
300015,2025-11-18 00:00:00,2025-11-18,12.06,12.05,12.11,12.02,38875800,471549619.0,-0.17,-0.02,0.49,12.07,12.198,12.1395,,爱尔眼科
300015,2025-11-19 00:00:00,2025-11-19,12.05,11.94,12.08,11.92,46210800,556829073.0,-0.91,-0.11,0.58,12.05,12.144,12.1295,,爱尔眼科
300015,2025-11-20 00:00:00,2025-11-20,11.95,11.83,11.99,11.83,48071500,575884145.0,-0.92,-0.11,0.61,11.94,12.091999999999999,12.1205,,爱尔眼科
300015,2025-11-21 00:00:00,2025-11-21,11.82,11.61,11.87,11.52,71588700,840457639.0,-1.86,-0.22,0.9,11.83,12.012,12.1025,,爱尔眼科
300015,2025-11-24 00:00:00,2025-11-24,11.64,11.47,11.71,11.47,68399900,797317184.0,-1.21,-0.14,0.86,11.61,11.9,12.076,,爱尔眼科
300015,2025-11-25 00:00:00,2025-11-25,11.49,11.51,11.54,11.37,48996900,566604783.0,0.35,0.04,0.62,11.47,11.78,12.0375,,爱尔眼科
300015,2025-11-26 00:00:00,2025-11-26,11.47,11.35,11.55,11.32,61794100,711723306.0,-1.39,-0.16,0.78,11.51,11.672,12.004999999999999,,爱尔眼科
300015,2025-11-27 00:00:00,2025-11-27,11.34,11.32,11.39,11.23,38959800,444069891.0,-0.26,-0.03,0.49,11.35,11.554,11.968,,爱尔眼科
300015,2025-11-28 00:00:00,2025-11-28,11.33,11.42,11.45,11.27,35016100,400258761.0,0.88,0.1,0.44,11.32,11.452,11.932500000000001,,爱尔眼科
300015,2025-12-01 00:00:00,2025-12-01,11.4,11.49,11.5,11.37,44886800,517223149.0,0.61,0.07,0.57,11.42,11.414,11.895,,爱尔眼科
300015,2025-12-02 00:00:00,2025-12-02,11.47,11.42,11.48,11.41,25321100,291443198.0,-0.61,-0.07,0.32,11.49,11.418000000000001,11.863000000000001,12.2775,爱尔眼科
300015,2025-12-03 00:00:00,2025-12-03,11.42,11.27,11.45,11.25,33741000,384366583.0,-1.31,-0.15,0.43,11.42,11.4,11.836,12.2475,爱尔眼科
300015,2025-12-04 00:00:00,2025-12-04,11.31,11.15,11.31,11.13,35225600,396847162.0,-1.06,-0.12,0.44,11.27,11.384,11.801,12.22,爱尔眼科
300015,2025-12-05 00:00:00,2025-12-05,11.15,11.22,11.22,11.05,46796300,524800120.0,0.63,0.07,0.59,11.15,11.35,11.7595,12.196166666666667,爱尔眼科
300015,2025-12-08 00:00:00,2025-12-08,11.23,11.32,11.44,11.23,39893000,455785499.0,0.89,0.1,0.5,11.22,11.309999999999999,11.7215,12.173666666666668,爱尔眼科
300015,2025-12-09 00:00:00,2025-12-09,11.33,11.22,11.33,11.19,32251000,365616309.0,-0.88,-0.1,0.41,11.32,11.276,11.668000000000001,12.148333333333333,爱尔眼科
300015,2025-12-10 00:00:00,2025-12-10,11.21,11.15,11.22,11.06,41547600,465617068.0,-0.62,-0.07,0.52,11.22,11.236,11.613,12.118333333333334,爱尔眼科
300015,2025-12-11 00:00:00,2025-12-11,11.15,10.93,11.15,10.93,50120500,555640091.0,-1.97,-0.22,0.63,11.15,11.212,11.560500000000001,12.091,爱尔眼科
300015,2025-12-12 00:00:00,2025-12-12,10.92,11.03,11.06,10.83,54652900,603273359.0,0.91,0.1,0.69,10.93,11.168000000000001,11.495500000000002,12.062000000000001,爱尔眼科
300015,2025-12-15 00:00:00,2025-12-15,11.0,10.96,11.06,10.95,38361300,425226530.0,-0.63,-0.07,0.48,11.03,11.13,11.438500000000001,12.028500000000001,爱尔眼科
300015,2025-12-16 00:00:00,2025-12-16,10.93,10.89,11.04,10.85,49212900,542270177.0,-0.64,-0.07,0.62,10.96,11.058000000000002,11.383,11.997666666666667,爱尔眼科
300015,2025-12-17 00:00:00,2025-12-17,10.85,11.16,11.19,10.84,69595000,775996363.0,2.48,0.27,0.87,10.89,10.992,11.325,11.965333333333335,爱尔眼科
300015,2025-12-18 00:00:00,2025-12-18,11.11,11.11,11.17,11.09,32474200,363992412.0,-0.45,-0.05,0.41,11.16,10.994,11.286,11.939333333333334,爱尔眼科
300015,2025-12-19 00:00:00,2025-12-19,11.11,11.28,11.35,11.11,51223400,580421800.0,1.53,0.17,0.64,11.11,11.03,11.25,11.911166666666668,爱尔眼科
300015,2025-12-22 00:00:00,2025-12-22,11.26,11.26,11.32,11.22,31960100,362501793.0,-0.18,-0.02,0.4,11.28,11.080000000000002,11.2335,11.890666666666666,爱尔眼科
300015,2025-12-23 00:00:00,2025-12-23,11.27,11.05,11.27,11.02,50659900,566806105.0,-1.87,-0.21,0.64,11.26,11.139999999999999,11.223,11.871666666666666,爱尔眼科
300015,2025-12-24 00:00:00,2025-12-24,11.05,11.04,11.09,10.98,36302200,403385273.0,-0.09,-0.01,0.46,11.05,11.172,11.2,11.851,爱尔眼科
300015,2025-12-25 00:00:00,2025-12-25,11.07,11.06,11.09,10.97,38858900,431610929.0,0.18,0.02,0.49,11.04,11.148,11.1845,11.831333333333333,爱尔眼科
300015,2025-12-26 00:00:00,2025-12-26,11.06,11.05,11.11,11.01,31654100,352831923.0,-0.09,-0.01,0.4,11.06,11.138,11.1715,11.809,爱尔眼科
300015,2025-12-29 00:00:00,2025-12-29,11.04,10.95,11.05,10.93,38497100,425714343.0,-0.9,-0.1,0.48,11.05,11.092,11.153,11.788,爱尔眼科
300015,2025-12-30 00:00:00,2025-12-30,10.91,10.95,11.03,10.85,43572500,479619150.0,0.0,0.0,0.55,10.95,11.03,11.126000000000001,11.765999999999998,爱尔眼科
300015,2025-12-31 00:00:00,2025-12-31,10.92,10.9,11.0,10.88,35181000,386627568.0,-0.46,-0.05,0.44,10.95,11.01,11.102500000000001,11.742833333333333,爱尔眼科
300015,2026-01-05 00:00:00,2026-01-05,10.89,11.1,11.12,10.88,63207700,703338607.0,1.83,0.2,0.79,10.9,10.982000000000001,11.084,11.720166666666668,爱尔眼科
300015,2026-01-06 00:00:00,2026-01-06,11.11,11.32,11.4,11.11,92991000,1056892591.0,1.98,0.22,1.17,11.1,10.99,11.0815,11.693666666666667,爱尔眼科
300015,2026-01-07 00:00:00,2026-01-07,11.32,11.18,11.33,11.13,59793100,675019149.0,-1.24,-0.14,0.75,11.32,11.044,11.0865,11.672666666666666,爱尔眼科
300015,2026-01-08 00:00:00,2026-01-08,11.17,11.23,11.29,11.11,50105800,565653263.0,0.45,0.05,0.63,11.18,11.09,11.0795,11.651666666666667,爱尔眼科
300015,2026-01-09 00:00:00,2026-01-09,11.22,11.34,11.4,11.2,62389500,711407542.0,0.98,0.11,0.78,11.23,11.145999999999999,11.08,11.629166666666666,爱尔眼科
300015,2026-01-12 00:00:00,2026-01-12,11.33,11.55,11.57,11.32,92347300,1068969695.0,1.85,0.21,1.16,11.34,11.234,11.0895,11.608166666666667,爱尔眼科
300015,2026-01-13 00:00:00,2026-01-13,11.58,11.76,12.07,11.46,198029000,2357529506.0,1.82,0.21,2.49,11.55,11.324,11.1205,11.593333333333334,爱尔眼科
300015,2026-01-14 00:00:00,2026-01-14,11.73,11.64,11.96,11.51,147882300,1751361125.0,-1.02,-0.12,1.86,11.76,11.412,11.157,11.5815,爱尔眼科
300015,2026-01-15 00:00:00,2026-01-15,11.62,11.67,11.95,11.56,100442800,1180512577.0,0.26,0.03,1.26,11.64,11.504,11.191,11.571166666666667,爱尔眼科
300015,2026-01-16 00:00:00,2026-01-16,11.7,11.38,11.72,11.35,93083800,1068134650.0,-2.49,-0.29,1.17,11.67,11.592,11.23,11.5615,爱尔眼科
300015,2026-01-19 00:00:00,2026-01-19,11.32,11.33,11.45,11.27,61809700,701102689.0,-0.44,-0.05,0.78,11.38,11.6,11.241,11.549166666666668,爱尔眼科
300015,2026-01-20 00:00:00,2026-01-20,11.33,11.32,11.4,11.28,56674300,641750640.0,-0.09,-0.01,0.71,11.33,11.556000000000001,11.251999999999999,11.534833333333333,爱尔眼科
300015,2026-01-21 00:00:00,2026-01-21,11.31,11.2,11.33,11.19,67879300,763606286.0,-1.06,-0.12,0.85,11.32,11.468,11.254000000000001,11.521166666666666,爱尔眼科
300015,2026-01-22 00:00:00,2026-01-22,11.23,11.18,11.26,11.15,55774800,624850775.0,-0.18,-0.02,0.7,11.2,11.38,11.251,11.503833333333334,爱尔眼科
300015,2026-01-23 00:00:00,2026-01-23,11.18,11.3,11.34,11.18,76134300,859538513.0,1.07,0.12,0.96,11.18,11.282,11.2575,11.4875,爱尔眼科
300015,2026-01-26 00:00:00,2026-01-26,11.32,11.31,11.41,11.2,87892200,993009643.0,0.09,0.01,1.1,11.3,11.266,11.2705,11.474333333333334,爱尔眼科
300015,2026-01-27 00:00:00,2026-01-27,11.3,11.12,11.32,11.08,72259900,806452772.0,-1.68,-0.19,0.91,11.31,11.262,11.283,11.462333333333333,爱尔眼科
300015,2026-01-28 00:00:00,2026-01-28,11.11,11.03,11.15,11.02,72564300,803896703.0,-0.81,-0.09,0.91,11.12,11.222,11.2865,11.444833333333333,爱尔眼科
300015,2026-01-29 00:00:00,2026-01-29,11.03,11.41,11.44,10.93,128256100,1441292309.0,3.45,0.38,1.61,11.03,11.187999999999999,11.2905,11.4265,爱尔眼科
300015,2026-01-30 00:00:00,2026-01-30,11.32,11.07,11.39,11.02,123091900,1375758272.0,-2.98,-0.34,1.55,11.41,11.234,11.313500000000001,11.417333333333334,爱尔眼科
300015,2026-02-02 00:00:00,2026-02-02,11.08,10.9,11.22,10.86,103356200,1139943267.0,-1.54,-0.17,1.3,11.07,11.187999999999999,11.322,11.402333333333333,爱尔眼科
300015,2026-02-03 00:00:00,2026-02-03,10.95,11.04,11.06,10.88,61842700,678283737.0,1.28,0.14,0.78,10.9,11.106,11.312000000000001,11.384333333333334,爱尔眼科
300015,2026-02-04 00:00:00,2026-02-04,11.0,11.23,11.29,10.95,85059900,946498991.0,1.72,0.19,1.07,11.04,11.09,11.298,11.368666666666666,爱尔眼科
300015,2026-02-05 00:00:00,2026-02-05,11.25,11.51,11.64,11.22,170492300,1957323779.0,2.49,0.28,2.14,11.23,11.129999999999999,11.3005,11.349333333333334,爱尔眼科
300015,2026-02-06 00:00:00,2026-02-06,11.0,11.07,11.18,10.91,166622400,1845138941.0,-3.82,-0.44,2.09,11.51,11.15,11.3145,11.335833333333333,爱尔眼科
300015,2026-02-09 00:00:00,2026-02-09,10.96,10.74,10.96,10.56,199614500,2134038620.0,-2.98,-0.33,2.51,11.07,11.15,11.301,11.317,爱尔眼科
300015,2026-02-10 00:00:00,2026-02-10,10.7,10.7,10.75,10.63,77455400,827177894.0,-0.37,-0.04,0.97,10.74,11.117999999999999,11.2605,11.292166666666668,爱尔眼科
300015,2026-02-11 00:00:00,2026-02-11,10.7,10.72,10.79,10.67,61764400,663238865.0,0.19,0.02,0.78,10.7,11.05,11.2075,11.267666666666665,爱尔眼科
300015,2026-02-12 00:00:00,2026-02-12,10.7,10.61,10.72,10.6,59274900,630088159.0,-1.03,-0.11,0.75,10.72,10.948,11.1615,11.245166666666668,爱尔眼科
300015,2026-02-13 00:00:00,2026-02-13,10.59,10.33,10.62,10.31,120439500,1257444727.0,-2.64,-0.28,1.51,10.61,10.768,11.108500000000001,11.221166666666667,爱尔眼科
300015,2026-02-24 00:00:00,2026-02-24,10.54,10.64,10.67,10.49,84081000,890505359.0,3.0,0.31,1.06,10.33,10.62,11.056000000000001,11.194333333333335,爱尔眼科
300015,2026-02-25 00:00:00,2026-02-25,10.65,10.7,10.76,10.61,66932000,715472537.0,0.56,0.06,0.84,10.64,10.6,11.0215,11.1745,爱尔眼科
300015,2026-02-26 00:00:00,2026-02-26,10.69,10.59,10.7,10.56,44332500,469950188.0,-1.03,-0.11,0.56,10.7,10.6,10.9905,11.159333333333333,爱尔眼科
300015,2026-02-27 00:00:00,2026-02-27,10.57,10.6,10.62,10.54,39154900,414480319.0,0.09,0.01,0.49,10.59,10.574,10.96,11.144666666666666,爱尔眼科
300015,2026-03-02 00:00:00,2026-03-02,10.46,10.39,10.52,10.34,71435800,743465511.0,-1.98,-0.21,0.9,10.6,10.572,10.931000000000001,11.1295,爱尔眼科
300015,2026-03-03 00:00:00,2026-03-03,10.39,10.34,10.52,10.31,81721500,850068528.0,-0.48,-0.05,1.03,10.39,10.584,10.885499999999999,11.1135,爱尔眼科
300015,2026-03-04 00:00:00,2026-03-04,10.26,10.15,10.3,10.13,55829500,569758203.0,-1.84,-0.19,0.7,10.34,10.524000000000001,10.837,11.097166666666668,爱尔眼科
300015,2026-03-05 00:00:00,2026-03-05,10.26,10.18,10.29,10.15,45062800,459778851.0,0.3,0.03,0.57,10.15,10.414,10.788499999999999,11.076,爱尔眼科
300866,2025-09-02 00:00:00,2025-09-02,142.72,141.56,144.35,137.9,5182300,733149485.0,-1.93,-2.79,1.72,144.35,,,,安克创新
300866,2025-09-03 00:00:00,2025-09-03,141.3,135.99,141.3,134.8,7229600,994163593.0,-3.93,-5.57,2.39,141.56,,,,安克创新
300866,2025-09-04 00:00:00,2025-09-04,136.11,130.93,137.88,129.3,6152000,816303904.0,-3.72,-5.06,2.04,135.99,,,,安克创新
300866,2025-09-05 00:00:00,2025-09-05,133.2,136.49,136.74,131.9,5815300,789173892.0,4.25,5.56,1.93,130.93,,,,安克创新
300866,2025-09-08 00:00:00,2025-09-08,136.43,133.4,138.3,131.91,5878500,790491960.0,-2.26,-3.09,1.95,136.49,137.864,,,安克创新
300866,2025-09-09 00:00:00,2025-09-09,133.29,134.1,137.08,131.32,4267700,576328060.0,0.52,0.7,1.41,133.4,135.674,,,安克创新
300866,2025-09-10 00:00:00,2025-09-10,134.08,136.49,137.5,133.52,4229600,576224705.0,1.78,2.39,1.4,134.1,134.18200000000002,,,安克创新
300866,2025-09-11 00:00:00,2025-09-11,136.0,136.8,137.69,134.23,3387800,461069621.0,0.23,0.31,1.12,136.49,134.282,,,安克创新
300866,2025-09-12 00:00:00,2025-09-12,137.0,134.48,138.25,133.82,4110200,556113468.0,-1.7,-2.32,1.36,136.8,135.456,,,安克创新
300866,2025-09-15 00:00:00,2025-09-15,133.18,131.76,134.11,130.15,5048900,663666119.0,-2.02,-2.72,1.67,134.48,135.054,,,安克创新
300866,2025-09-16 00:00:00,2025-09-16,131.76,130.98,132.27,129.36,4403900,576091263.0,-0.59,-0.78,1.46,131.76,134.726,,,安克创新
300866,2025-09-17 00:00:00,2025-09-17,130.77,134.25,135.39,130.23,4741600,636144264.0,2.5,3.27,1.57,130.98,134.102,,,安克创新
300866,2025-09-18 00:00:00,2025-09-18,134.25,136.96,141.79,133.59,8609400,1188745007.0,2.02,2.71,2.85,134.25,133.654,,,安克创新
300866,2025-09-19 00:00:00,2025-09-19,136.87,137.17,139.15,135.3,3989300,546317574.0,0.15,0.21,1.32,136.96,133.686,,,安克创新
300866,2025-09-22 00:00:00,2025-09-22,137.16,126.25,140.35,122.0,14119400,1828090411.0,-7.96,-10.92,4.68,137.17,134.224,,,安克创新
300866,2025-09-23 00:00:00,2025-09-23,121.0,123.08,125.57,120.06,11904200,1456929331.0,-2.51,-3.17,3.94,126.25,133.122,,,安克创新
300866,2025-09-24 00:00:00,2025-09-24,122.1,129.0,130.18,121.13,8121500,1037719962.0,4.81,5.92,2.69,123.08,131.54199999999997,,,安克创新
300866,2025-09-25 00:00:00,2025-09-25,128.0,126.23,128.65,125.05,5542300,702277206.0,-2.15,-2.77,1.84,129.0,130.49200000000002,,,安克创新
300866,2025-09-26 00:00:00,2025-09-26,126.23,124.2,127.96,124.18,4070900,512258078.0,-1.61,-2.03,1.35,126.23,128.34599999999998,,,安克创新
300866,2025-09-29 00:00:00,2025-09-29,124.2,125.24,125.89,122.56,3412800,424813076.0,0.84,1.04,1.13,124.2,125.752,133.2235,,安克创新
300866,2025-09-30 00:00:00,2025-09-30,125.3,121.73,125.82,120.78,5227400,637746523.0,-2.8,-3.51,1.73,125.24,125.55,132.268,,安克创新
300866,2025-10-09 00:00:00,2025-10-09,122.44,124.15,125.81,120.92,5487800,677280651.0,1.99,2.42,1.82,121.73,125.28,131.2765,,安克创新
300866,2025-10-10 00:00:00,2025-10-10,123.16,121.01,125.08,120.23,4071100,501390007.0,-2.53,-3.14,1.35,124.15,124.30999999999999,130.6845,,安克创新
300866,2025-10-13 00:00:00,2025-10-13,118.84,118.17,122.55,115.0,6067400,721162526.0,-2.35,-2.84,2.01,121.01,123.266,130.1885,,安克创新
300866,2025-10-14 00:00:00,2025-10-14,118.55,114.58,121.8,114.14,5194400,609430145.0,-3.04,-3.59,1.72,118.17,122.05999999999999,129.27249999999998,,安克创新
300866,2025-10-15 00:00:00,2025-10-15,116.78,119.98,119.98,114.62,4297400,506473944.0,4.71,5.4,1.42,114.58,119.928,128.3315,,安克创新
300866,2025-10-16 00:00:00,2025-10-16,119.28,118.67,121.18,117.87,2900200,345862558.0,-1.09,-1.31,0.96,119.98,119.578,127.62549999999999,,安克创新
300866,2025-10-17 00:00:00,2025-10-17,118.93,114.77,119.88,114.51,3281500,380352228.0,-3.29,-3.9,1.09,118.67,118.482,126.7345,,安克创新
300866,2025-10-20 00:00:00,2025-10-20,115.55,119.46,120.5,115.52,4146700,493027801.0,4.09,4.69,1.37,114.77,117.23400000000001,125.633,,安克创新
300866,2025-10-21 00:00:00,2025-10-21,119.98,120.47,120.5,117.62,3915300,467125665.0,0.85,1.01,1.3,119.46,117.492,124.88199999999999,,安克创新
300866,2025-10-22 00:00:00,2025-10-22,120.79,122.14,123.59,119.11,3567700,436158655.0,1.39,1.67,1.18,120.47,118.67,124.3175,,安克创新
300866,2025-10-23 00:00:00,2025-10-23,121.6,123.0,123.29,119.82,2097600,255725329.0,0.7,0.86,0.69,122.14,119.102,123.87550000000002,,安克创新
300866,2025-10-24 00:00:00,2025-10-24,123.86,123.01,123.86,119.32,3270200,395883377.0,0.01,0.01,1.08,123.0,119.96799999999999,123.31300000000002,,安克创新
300866,2025-10-27 00:00:00,2025-10-27,123.39,124.0,125.2,123.11,3742300,464629029.0,0.8,0.99,1.24,123.01,121.61600000000001,122.6155,,安克创新
300866,2025-10-28 00:00:00,2025-10-28,124.0,125.88,127.5,123.44,4273500,537548392.0,1.52,1.88,1.42,124.0,122.524,121.957,,安克创新
300866,2025-10-29 00:00:00,2025-10-29,125.88,123.16,126.97,121.32,4059200,497408530.0,-2.16,-2.72,1.34,125.88,123.606,121.9385,,安克创新
300866,2025-10-30 00:00:00,2025-10-30,123.0,112.95,123.11,110.98,13376700,1542359106.0,-8.29,-10.21,4.43,123.16,123.80999999999999,121.9425,,安克创新
300866,2025-10-31 00:00:00,2025-10-31,114.28,116.9,117.99,113.62,8496900,990624899.0,3.5,3.95,2.81,112.95,121.8,121.14000000000001,,安克创新
300866,2025-11-03 00:00:00,2025-11-03,116.58,113.83,116.85,113.0,5232600,599264544.0,-2.63,-3.07,1.73,116.9,120.578,120.67350000000002,,安克创新
300866,2025-11-04 00:00:00,2025-11-04,113.9,112.1,115.56,110.9,3351500,377240825.0,-1.52,-1.73,1.11,113.83,118.54400000000001,120.15500000000002,,安克创新
300866,2025-11-05 00:00:00,2025-11-05,110.85,113.24,114.0,109.06,3701700,416457075.0,1.02,1.14,1.23,112.1,115.78800000000001,119.498,,安克创新
300866,2025-11-06 00:00:00,2025-11-06,113.95,115.5,116.8,113.05,3161200,364252487.0,2.0,2.26,1.05,113.24,113.804,119.0735,,安克创新
300866,2025-11-07 00:00:00,2025-11-07,115.0,110.9,115.15,110.5,4784300,533582199.0,-3.98,-4.6,1.58,115.5,114.314,118.64099999999999,,安克创新
300866,2025-11-10 00:00:00,2025-11-10,110.89,110.59,111.33,108.4,3113000,340843020.0,-0.28,-0.31,1.03,110.9,113.114,118.13550000000001,,安克创新
300866,2025-11-11 00:00:00,2025-11-11,111.56,109.3,111.7,107.78,3604300,392869079.0,-1.17,-1.29,1.19,110.59,112.46599999999998,117.7565,,安克创新
300866,2025-11-12 00:00:00,2025-11-12,109.5,109.68,110.27,108.4,2692200,294584427.0,0.35,0.38,0.89,109.3,111.90599999999999,117.49249999999999,,安克创新
300866,2025-11-13 00:00:00,2025-11-13,109.66,110.21,110.55,108.38,3818900,417647419.0,0.48,0.53,1.26,109.68,111.194,116.9775,,安克创新
300866,2025-11-14 00:00:00,2025-11-14,109.64,107.7,111.0,107.7,3705900,404128546.0,-2.28,-2.51,1.23,110.21,110.13600000000001,116.5545,,安克创新
300866,2025-11-17 00:00:00,2025-11-17,108.02,104.97,108.38,104.08,4941700,521456788.0,-2.53,-2.73,1.64,107.7,109.49600000000001,116.201,,安克创新
300866,2025-11-18 00:00:00,2025-11-18,104.95,104.2,106.23,103.82,3205000,335459545.0,-0.73,-0.77,1.06,104.97,108.372,115.47650000000002,,安克创新
300866,2025-11-19 00:00:00,2025-11-19,104.59,103.8,105.5,103.0,2888500,300961050.0,-0.38,-0.4,0.96,104.2,107.352,114.66300000000001,,安克创新
300866,2025-11-20 00:00:00,2025-11-20,104.3,103.52,105.43,103.1,2564600,267020804.0,-0.27,-0.28,0.85,103.8,106.176,113.74600000000001,,安克创新
300866,2025-11-21 00:00:00,2025-11-21,103.7,103.11,104.36,101.1,3986000,409911642.0,-0.4,-0.41,1.32,103.52,104.83800000000001,112.772,,安克创新
300866,2025-11-24 00:00:00,2025-11-24,103.45,103.2,104.75,102.38,4212400,435487696.0,0.09,0.09,1.4,103.11,103.92,111.777,,安克创新
300866,2025-11-25 00:00:00,2025-11-25,104.03,106.25,106.96,103.23,6111400,645086952.0,2.96,3.05,2.02,103.2,103.56599999999999,110.73700000000001,,安克创新
300866,2025-11-26 00:00:00,2025-11-26,104.96,106.4,107.92,104.04,5288500,561906824.0,0.14,0.15,1.75,106.25,103.976,109.75550000000001,,安克创新
300866,2025-11-27 00:00:00,2025-11-27,106.5,110.7,113.6,105.38,8851300,975555168.0,4.04,4.3,2.93,106.4,104.49600000000001,108.91750000000002,,安克创新
300866,2025-11-28 00:00:00,2025-11-28,110.7,110.53,111.5,107.41,6120100,670432137.0,-0.15,-0.17,2.03,110.7,105.93199999999999,108.80499999999999,,安克创新
300866,2025-12-01 00:00:00,2025-12-01,113.51,111.18,113.64,108.35,6646300,732700557.0,0.59,0.65,2.2,110.53,107.41600000000001,108.4865,,安克创新
300866,2025-12-02 00:00:00,2025-12-02,110.99,107.93,111.22,107.31,4532800,492145378.0,-2.92,-3.25,1.5,111.18,109.01200000000001,108.354,120.5775,安克创新
300866,2025-12-03 00:00:00,2025-12-03,108.15,109.95,112.03,107.8,6617800,732969775.0,1.87,2.02,2.19,107.93,109.348,108.1455,119.97049999999999,安克创新
300866,2025-12-04 00:00:00,2025-12-04,109.95,109.72,111.25,109.21,3984300,439290406.0,-0.21,-0.23,1.32,109.95,110.05800000000002,107.98100000000002,119.44366666666666,安克创新
300866,2025-12-05 00:00:00,2025-12-05,109.97,111.17,111.6,109.11,3959000,438258369.0,1.32,1.45,1.31,109.72,109.862,107.69200000000001,119.00583333333334,安克创新
300866,2025-12-08 00:00:00,2025-12-08,111.2,108.49,111.21,107.55,6007100,652016933.0,-2.41,-2.68,1.99,111.17,109.99000000000001,107.7055,118.6765,安克创新
300866,2025-12-09 00:00:00,2025-12-09,108.15,107.71,108.78,106.41,3920000,420778984.0,-0.72,-0.78,1.3,108.49,109.452,107.60049999999998,118.20983333333334,安克创新
300866,2025-12-10 00:00:00,2025-12-10,107.02,109.4,109.65,106.0,4596300,497644477.0,1.57,1.69,1.52,107.71,109.40799999999999,107.521,117.78166666666667,安克创新
300866,2025-12-11 00:00:00,2025-12-11,109.0,108.03,111.8,107.9,4875100,533752925.0,-1.25,-1.37,1.61,109.4,109.298,107.50699999999999,117.37000000000002,安克创新
300866,2025-12-12 00:00:00,2025-12-12,107.2,110.7,111.0,106.81,10718700,1169161651.0,2.47,2.67,3.55,108.03,108.96,107.398,116.89566666666666,安克创新
300866,2025-12-15 00:00:00,2025-12-15,109.9,110.7,115.0,108.51,7166000,801866680.0,0.0,0.0,2.37,110.7,108.86599999999999,107.548,116.46066666666667,安克创新
300866,2025-12-16 00:00:00,2025-12-16,109.92,108.7,111.18,108.39,3451100,377372712.0,-1.81,-2.0,1.14,110.7,109.30799999999999,107.8345,116.06433333333332,安克创新
300866,2025-12-17 00:00:00,2025-12-17,108.4,110.26,110.89,106.81,3578600,389239634.0,1.44,1.56,1.19,108.7,109.506,108.05949999999999,115.67999999999999,安克创新
300866,2025-12-18 00:00:00,2025-12-18,109.12,110.22,110.87,107.88,3712100,406284692.0,-0.04,-0.04,1.23,110.26,109.678,108.38250000000001,115.33466666666666,安克创新
300866,2025-12-19 00:00:00,2025-12-19,110.22,116.63,116.98,108.8,7199500,819406726.0,5.82,6.41,2.38,110.22,110.11600000000001,108.7175,114.93416666666667,安克创新
300866,2025-12-22 00:00:00,2025-12-22,116.6,114.65,116.62,113.63,6229800,714894365.0,-1.7,-1.98,2.06,116.63,111.30199999999999,109.39349999999999,114.59533333333334,安克创新
300866,2025-12-23 00:00:00,2025-12-23,114.0,118.36,118.98,113.63,6129800,713452905.0,3.24,3.71,2.03,114.65,112.09200000000001,109.96600000000001,114.22,安克创新
300866,2025-12-24 00:00:00,2025-12-24,117.8,118.02,118.35,116.23,4693300,550918756.0,-0.29,-0.34,1.55,118.36,114.024,110.57150000000001,114.08850000000001,安克创新
300866,2025-12-25 00:00:00,2025-12-25,117.56,115.02,118.0,115.01,3982900,461623710.0,-2.54,-3.0,1.32,118.02,115.576,111.1525,114.00416666666666,安克创新
300866,2025-12-26 00:00:00,2025-12-26,114.8,113.63,114.98,113.28,3747300,426782005.0,-1.21,-1.39,1.24,115.02,116.53600000000002,111.36850000000001,113.77116666666667,安克创新
300866,2025-12-29 00:00:00,2025-12-29,113.63,111.52,114.79,111.0,4051300,455992869.0,-1.86,-2.11,1.34,113.63,115.936,111.52350000000001,113.56116666666667,安克创新
300866,2025-12-30 00:00:00,2025-12-30,111.0,113.45,114.8,110.87,3994200,453085425.0,1.73,1.93,1.32,111.52,115.30999999999999,111.54050000000002,113.34983333333334,安克创新
300866,2025-12-31 00:00:00,2025-12-31,113.45,114.39,114.99,112.45,3092100,351019927.0,0.83,0.94,1.01,113.45,114.328,111.81649999999999,113.15333333333334,安克创新
300866,2026-01-05 00:00:00,2026-01-05,114.28,114.79,115.13,112.85,4324300,493060642.0,0.35,0.4,1.41,114.39,113.602,112.0385,113.031,安克创新
300866,2026-01-06 00:00:00,2026-01-06,115.0,111.59,116.2,111.08,7179900,809936150.0,-2.79,-3.2,2.34,114.79,113.556,112.29199999999999,112.875,安克创新
300866,2026-01-07 00:00:00,2026-01-07,111.15,108.66,111.4,107.49,6318600,686439865.0,-2.63,-2.93,2.06,111.59,113.148,112.31300000000002,112.718,安克创新
300866,2026-01-08 00:00:00,2026-01-08,108.16,107.43,108.2,106.26,4163200,446560498.0,-1.13,-1.23,1.35,108.66,112.576,112.32149999999999,112.5595,安克创新
300866,2026-01-09 00:00:00,2026-01-09,107.38,106.2,107.38,105.6,5380200,571174895.0,-1.14,-1.23,1.75,107.43,111.372,112.3075,112.44033333333333,安克创新
300866,2026-01-12 00:00:00,2026-01-12,105.31,106.02,106.42,104.51,6295300,663857897.0,-0.17,-0.18,2.05,106.2,109.734,112.1475,112.21066666666667,安克创新
300866,2026-01-13 00:00:00,2026-01-13,105.93,103.98,107.4,103.55,5773200,607462850.0,-1.92,-2.04,1.88,106.02,107.98000000000002,112.047,111.99983333333333,安克创新
300866,2026-01-14 00:00:00,2026-01-14,103.99,105.81,109.03,103.59,5511100,583434006.0,1.76,1.83,1.79,103.98,106.458,111.71099999999998,111.82,安克创新
300866,2026-01-15 00:00:00,2026-01-15,105.0,104.98,105.64,103.88,3957700,413895337.0,-0.78,-0.83,1.29,105.81,105.888,111.4665,111.59249999999999,安克创新
300866,2026-01-16 00:00:00,2026-01-16,105.86,110.7,112.49,105.69,11419600,1256894109.0,5.45,5.72,3.71,104.98,105.398,111.2805,111.33433333333333,安克创新
300866,2026-01-19 00:00:00,2026-01-19,111.76,107.95,111.76,107.89,7197500,789982158.0,-2.48,-2.75,2.34,110.7,106.298,111.30250000000001,111.14366666666666,安克创新
300866,2026-01-20 00:00:00,2026-01-20,109.0,108.06,111.8,107.2,6688900,734454595.0,0.1,0.11,2.18,107.95,106.68400000000001,111.18900000000001,110.89283333333333,安克创新
300866,2026-01-21 00:00:00,2026-01-21,107.25,107.85,108.4,105.82,4638500,498245147.0,-0.19,-0.21,1.51,108.06,107.5,110.76050000000001,110.64366666666666,安克创新
300866,2026-01-22 00:00:00,2026-01-22,108.0,105.94,110.08,105.71,4583600,489613410.0,-1.77,-1.91,1.49,107.85,107.90799999999999,110.42049999999999,110.37449999999998,安克创新
300866,2026-01-23 00:00:00,2026-01-23,105.77,105.05,106.28,104.5,4209900,441679612.0,-0.84,-0.89,1.37,105.94,108.1,109.7995,110.04216666666666,安克创新
300866,2026-01-26 00:00:00,2026-01-26,105.41,103.11,105.49,102.42,4895400,508364637.0,-1.85,-1.94,1.59,105.05,106.97,109.151,109.74033333333334,安克创新
300866,2026-01-27 00:00:00,2026-01-27,103.11,103.05,104.1,101.56,3912600,401535193.0,-0.06,-0.06,1.27,103.11,106.002,108.55549999999998,109.57633333333334,安克创新
300866,2026-01-28 00:00:00,2026-01-28,103.06,100.45,103.85,100.28,4467100,454664424.0,-2.52,-2.6,1.45,103.05,105.0,108.02649999999998,109.3455,安克创新
300866,2026-01-29 00:00:00,2026-01-29,100.01,102.0,102.87,99.36,4343500,440717700.0,1.54,1.55,1.41,100.45,103.51999999999998,107.473,109.1225,安克创新
300866,2026-01-30 00:00:00,2026-01-30,100.98,99.58,100.98,97.7,5936100,587285398.0,-2.37,-2.42,1.93,102.0,102.73200000000001,106.90050000000001,108.95416666666667,安克创新
300866,2026-02-02 00:00:00,2026-02-02,99.16,98.72,101.24,98.51,3833700,381810634.0,-0.86,-0.86,1.25,99.58,101.638,106.16000000000001,108.7265,安克创新
300866,2026-02-03 00:00:00,2026-02-03,99.5,99.48,99.87,97.45,3265800,321990918.0,0.77,0.76,1.06,98.72,100.76,105.35650000000001,108.44683333333334,安克创新
300866,2026-02-04 00:00:00,2026-02-04,98.8,101.78,101.98,98.6,3732700,375879555.0,2.31,2.3,1.21,99.48,100.046,104.751,108.25649999999999,安克创新
300866,2026-02-05 00:00:00,2026-02-05,101.77,104.26,104.98,101.4,5701000,591726418.0,2.44,2.48,1.85,101.78,100.312,104.407,108.10966666666668,安克创新
300866,2026-02-06 00:00:00,2026-02-06,102.6,102.72,103.88,102.0,2424100,249291215.0,-1.48,-1.54,0.79,104.26,100.764,104.2485,108.02566666666667,安克创新
300866,2026-02-09 00:00:00,2026-02-09,104.05,103.13,104.26,101.51,3904700,400246083.0,0.4,0.41,1.27,102.72,101.39200000000001,104.07450000000001,107.90966666666667,安克创新
300866,2026-02-10 00:00:00,2026-02-10,103.83,101.81,103.91,101.41,2375600,242713354.0,-1.28,-1.32,0.77,103.13,102.274,103.92999999999999,107.79166666666667,安克创新
300866,2026-02-11 00:00:00,2026-02-11,101.35,101.26,102.0,100.75,1880600,190454432.0,-0.54,-0.55,0.61,101.81,102.73999999999998,103.82149999999999,107.6935,安克创新
300866,2026-02-12 00:00:00,2026-02-12,101.3,100.73,101.88,100.37,1731100,174742561.0,-0.52,-0.53,0.56,101.26,102.63600000000001,103.59400000000001,107.63166666666666,安克创新
300866,2026-02-13 00:00:00,2026-02-13,100.47,98.69,100.86,98.66,2108600,210411911.0,-2.03,-2.04,0.69,100.73,101.93,103.3815,107.57383333333334,安克创新
300866,2026-02-24 00:00:00,2026-02-24,100.09,99.51,101.88,99.51,1998300,201022642.0,0.83,0.82,0.65,98.69,101.124,102.78099999999999,107.48866666666666,安克创新
300866,2026-02-25 00:00:00,2026-02-25,99.6,98.81,100.11,98.37,3356600,332167783.0,-0.7,-0.7,1.09,99.51,100.4,102.35900000000001,107.42183333333334,安克创新
300866,2026-02-26 00:00:00,2026-02-26,98.81,97.71,99.27,96.3,4628100,449451702.0,-1.11,-1.1,1.51,98.81,99.8,101.8965,107.35016666666667,安克创新
300866,2026-02-27 00:00:00,2026-02-27,97.02,96.77,97.7,96.11,4989100,483046583.0,-0.96,-0.94,1.62,97.71,99.09,101.3895,107.25866666666666,安克创新
300866,2026-03-02 00:00:00,2026-03-02,95.18,93.91,95.48,92.53,5849400,549163653.0,-2.96,-2.86,1.9,96.77,98.298,100.93100000000001,107.10066666666667,安克创新
300866,2026-03-03 00:00:00,2026-03-03,95.6,97.1,101.3,95.6,8935700,884921128.0,3.4,3.19,2.91,93.91,97.342,100.374,106.8925,安克创新
300866,2026-03-04 00:00:00,2026-03-04,96.6,95.1,99.48,95.0,3740600,359907000.0,-2.06,-2.0,1.22,97.1,96.85999999999999,100.0735,106.66583333333334,安克创新
300866,2026-03-05 00:00:00,2026-03-05,96.39,94.8,96.68,94.6,2365600,226179284.0,-0.32,-0.3,0.77,95.1,96.118,99.676,106.40866666666666,安克创新
300979,2025-09-02 00:00:00,2025-09-02,51.54,50.57,51.54,49.96,3834200,197970225.0,-1.98,-1.02,0.33,51.59,,,,华利集团
300979,2025-09-03 00:00:00,2025-09-03,50.61,51.01,51.51,50.38,2584200,134292883.0,0.87,0.44,0.22,50.57,,,,华利集团
300979,2025-09-04 00:00:00,2025-09-04,50.98,51.51,51.7,50.55,2726300,142641963.0,0.98,0.5,0.23,51.01,,,,华利集团
300979,2025-09-05 00:00:00,2025-09-05,52.99,52.93,53.5,51.86,5957900,320958016.0,2.76,1.42,0.51,51.51,,,,华利集团
300979,2025-09-08 00:00:00,2025-09-08,52.95,55.55,55.88,52.76,7797200,434242962.0,4.95,2.62,0.67,52.93,51.522000000000006,,,华利集团
300979,2025-09-09 00:00:00,2025-09-09,54.95,54.46,55.14,53.73,4267400,236795924.0,-1.96,-1.09,0.37,55.55,52.314,,,华利集团
300979,2025-09-10 00:00:00,2025-09-10,54.35,53.88,54.62,53.62,2228600,122362091.0,-1.07,-0.58,0.19,54.46,53.092,,,华利集团
300979,2025-09-11 00:00:00,2025-09-11,53.75,53.54,53.91,52.92,2944800,160271335.0,-0.63,-0.34,0.25,53.88,53.66600000000001,,,华利集团
300979,2025-09-12 00:00:00,2025-09-12,53.54,52.97,53.87,52.61,2911500,157449965.0,-1.06,-0.57,0.25,53.54,54.072,,,华利集团
300979,2025-09-15 00:00:00,2025-09-15,52.38,52.75,53.08,51.57,2605000,139206703.0,-0.42,-0.22,0.22,52.97,54.08,,,华利集团
300979,2025-09-16 00:00:00,2025-09-16,52.7,52.7,52.98,52.05,2003500,107036840.0,-0.09,-0.05,0.17,52.75,53.52,,,华利集团
300979,2025-09-17 00:00:00,2025-09-17,52.96,54.66,54.66,52.76,3755300,202200924.0,3.72,1.96,0.32,52.7,53.16799999999999,,,华利集团
300979,2025-09-18 00:00:00,2025-09-18,54.58,53.4,54.58,52.65,3267800,174550010.0,-2.31,-1.26,0.28,54.66,53.324,,,华利集团
300979,2025-09-19 00:00:00,2025-09-19,53.37,55.9,56.66,53.3,4450800,244648162.0,4.68,2.5,0.38,53.4,53.29600000000001,,,华利集团
300979,2025-09-22 00:00:00,2025-09-22,55.3,54.92,56.3,54.26,2911300,159826071.0,-1.75,-0.98,0.25,55.9,53.882000000000005,,,华利集团
300979,2025-09-23 00:00:00,2025-09-23,54.9,55.54,55.54,54.09,2302200,126034039.0,1.13,0.62,0.2,54.92,54.315999999999995,,,华利集团
300979,2025-09-24 00:00:00,2025-09-24,55.27,54.58,55.51,54.16,2801700,152703331.0,-1.73,-0.96,0.24,55.54,54.88399999999999,,,华利集团
300979,2025-09-25 00:00:00,2025-09-25,54.44,54.51,54.95,53.9,1871700,101864892.0,-0.13,-0.07,0.16,54.58,54.867999999999995,,,华利集团
300979,2025-09-26 00:00:00,2025-09-26,54.4,53.67,54.4,53.64,1596800,85952355.0,-1.54,-0.84,0.14,54.51,55.089999999999996,,,华利集团
300979,2025-09-29 00:00:00,2025-09-29,53.51,53.69,53.76,52.71,2187200,116214938.0,0.04,0.02,0.19,53.67,54.644000000000005,53.532000000000004,,华利集团
300979,2025-09-30 00:00:00,2025-09-30,53.5,53.02,53.96,52.97,1985800,106134415.0,-1.25,-0.67,0.17,53.69,54.398,53.637,,华利集团
300979,2025-10-09 00:00:00,2025-10-09,53.02,53.07,53.71,52.73,1930400,102354722.0,0.09,0.05,0.17,53.02,53.894000000000005,53.7595,,华利集团
300979,2025-10-10 00:00:00,2025-10-10,52.98,53.54,54.49,52.96,2182500,117427273.0,0.89,0.47,0.19,53.07,53.592000000000006,53.8625,,华利集团
300979,2025-10-13 00:00:00,2025-10-13,51.3,52.4,52.76,51.3,1645700,86062816.0,-2.13,-1.14,0.14,53.54,53.398,53.964,,华利集团
300979,2025-10-14 00:00:00,2025-10-14,52.5,52.9,53.15,51.8,2294500,120392751.0,0.95,0.5,0.2,52.4,53.144000000000005,53.9375,,华利集团
300979,2025-10-15 00:00:00,2025-10-15,52.78,52.12,53.04,51.6,2596400,135332571.0,-1.47,-0.78,0.22,52.9,52.986000000000004,53.80499999999999,,华利集团
300979,2025-10-16 00:00:00,2025-10-16,52.08,50.98,52.08,50.8,2341200,120254341.0,-2.19,-1.14,0.2,52.12,52.806,53.688,,华利集团
300979,2025-10-17 00:00:00,2025-10-17,50.87,50.08,51.15,50.08,1763100,89018490.0,-1.77,-0.9,0.15,50.98,52.388,53.54299999999999,,华利集团
300979,2025-10-20 00:00:00,2025-10-20,50.26,50.87,51.13,49.97,1521900,77091100.0,1.58,0.79,0.13,50.08,51.69599999999999,53.370000000000005,,华利集团
300979,2025-10-21 00:00:00,2025-10-21,50.87,52.13,52.19,50.42,2440900,125559441.0,2.48,1.26,0.21,50.87,51.39,53.265,,华利集团
300979,2025-10-22 00:00:00,2025-10-22,51.7,53.49,53.91,51.6,3174000,168486696.0,2.61,1.36,0.27,52.13,51.236000000000004,53.234,,华利集团
300979,2025-10-23 00:00:00,2025-10-23,53.49,54.85,55.5,53.25,4124100,225195272.0,2.54,1.36,0.35,53.49,51.510000000000005,53.2735,,华利集团
300979,2025-10-24 00:00:00,2025-10-24,55.05,54.74,55.75,54.55,2138900,117555568.0,-0.2,-0.11,0.18,54.85,52.284000000000006,53.283,,华利集团
300979,2025-10-27 00:00:00,2025-10-27,55.75,55.76,56.28,55.11,2587400,144497003.0,1.86,1.02,0.22,54.74,53.21600000000001,53.35,,华利集团
300979,2025-10-28 00:00:00,2025-10-28,55.93,55.27,56.0,54.92,1928000,106623360.0,-0.88,-0.49,0.17,55.76,54.194,53.343,,华利集团
300979,2025-10-29 00:00:00,2025-10-29,55.54,55.24,55.54,53.93,1852100,101428985.0,-0.05,-0.03,0.16,55.27,54.822,53.3605,,华利集团
300979,2025-10-30 00:00:00,2025-10-30,54.77,56.76,57.33,54.04,4207600,237949712.0,2.75,1.52,0.36,55.24,55.172000000000004,53.3455,,华利集团
300979,2025-10-31 00:00:00,2025-10-31,56.4,59.15,61.58,56.4,6948500,412251492.0,4.21,2.39,0.6,56.76,55.553999999999995,53.454499999999996,,华利集团
300979,2025-11-03 00:00:00,2025-11-03,59.12,59.31,59.81,58.2,3000800,176188197.0,0.27,0.16,0.26,59.15,56.436,53.6865,,华利集团
300979,2025-11-04 00:00:00,2025-11-04,58.87,59.56,60.2,57.86,3512600,207318235.0,0.42,0.25,0.3,59.31,57.146,53.96849999999999,,华利集团
300979,2025-11-05 00:00:00,2025-11-05,59.59,58.25,59.8,57.93,2107800,123120332.0,-2.2,-1.31,0.18,59.56,58.004,54.262,,华利集团
300979,2025-11-06 00:00:00,2025-11-06,58.25,58.82,59.15,58.2,1568700,92175277.0,0.98,0.57,0.13,58.25,58.605999999999995,54.5235,,华利集团
300979,2025-11-07 00:00:00,2025-11-07,58.65,58.22,59.29,58.18,1420900,83209255.0,-1.02,-0.6,0.12,58.82,59.01800000000001,54.811,,华利集团
300979,2025-11-10 00:00:00,2025-11-10,58.19,60.85,60.85,57.89,2128100,126835937.0,4.52,2.63,0.18,58.22,58.83200000000001,55.045,,华利集团
300979,2025-11-11 00:00:00,2025-11-11,60.37,58.59,60.37,58.17,2474300,145679007.0,-3.71,-2.26,0.21,60.85,59.14,55.467499999999994,,华利集团
300979,2025-11-12 00:00:00,2025-11-12,58.61,59.57,61.08,58.38,2410800,144467394.0,1.67,0.98,0.21,58.59,58.946000000000005,55.751999999999995,,华利集团
300979,2025-11-13 00:00:00,2025-11-13,59.72,60.37,61.23,59.1,1966400,118057057.0,1.34,0.8,0.17,59.57,59.21,56.1245,,华利集团
300979,2025-11-14 00:00:00,2025-11-14,60.87,59.81,61.94,59.81,1833000,111531438.0,-0.93,-0.56,0.16,60.37,59.52,56.593999999999994,,华利集团
300979,2025-11-17 00:00:00,2025-11-17,60.2,60.25,61.03,58.41,2354700,140773280.0,0.74,0.44,0.2,59.81,59.838,57.08050000000001,,华利集团
300979,2025-11-18 00:00:00,2025-11-18,60.2,59.64,60.42,58.72,1428100,84898635.0,-1.01,-0.61,0.12,60.25,59.717999999999996,57.5495,,华利集团
300979,2025-11-19 00:00:00,2025-11-19,59.6,58.8,60.12,58.68,1176900,69551294.0,-1.41,-0.84,0.1,59.64,59.928,57.925,,华利集团
300979,2025-11-20 00:00:00,2025-11-20,59.01,58.82,59.48,58.4,1145400,67629269.0,0.03,0.02,0.1,58.8,59.774,58.1905,,华利集团
300979,2025-11-21 00:00:00,2025-11-21,59.5,58.76,60.0,58.5,2360300,139557271.0,-0.1,-0.06,0.2,58.82,59.464,58.388999999999996,,华利集团
300979,2025-11-24 00:00:00,2025-11-24,58.78,59.39,59.65,58.5,1582000,93503138.0,1.07,0.63,0.14,58.76,59.254,58.589999999999996,,华利集团
300979,2025-11-25 00:00:00,2025-11-25,59.4,58.65,59.61,58.19,1782000,104444131.0,-1.25,-0.74,0.15,59.39,59.081999999999994,58.77149999999999,,华利集团
300979,2025-11-26 00:00:00,2025-11-26,58.59,60.03,60.68,58.58,2075500,124568703.0,2.35,1.38,0.18,58.65,58.884,58.9405,,华利集团
300979,2025-11-27 00:00:00,2025-11-27,60.18,61.19,61.52,59.4,2136500,130068303.0,1.93,1.16,0.18,60.03,59.129999999999995,59.17999999999999,,华利集团
300979,2025-11-28 00:00:00,2025-11-28,61.35,61.1,61.7,60.2,2297500,140248842.0,-0.15,-0.09,0.2,61.19,59.604,59.4015,,华利集团
300979,2025-12-01 00:00:00,2025-12-01,61.18,63.2,63.8,60.6,2878100,180978601.0,3.44,2.1,0.25,61.1,60.072,59.499,,华利集团
300979,2025-12-02 00:00:00,2025-12-02,62.85,62.0,63.74,61.88,1456800,91087775.0,-1.9,-1.2,0.12,63.2,60.834,59.69350000000001,55.73133333333333,华利集团
300979,2025-12-03 00:00:00,2025-12-03,61.99,63.3,64.36,61.99,2098500,132632939.0,2.1,1.3,0.18,62.0,61.504,59.8155,55.904833333333336,华利集团
300979,2025-12-04 00:00:00,2025-12-04,63.59,62.69,63.84,62.0,1709700,107157456.0,-0.96,-0.61,0.15,63.3,62.158,60.068,56.117,华利集团
300979,2025-12-05 00:00:00,2025-12-05,62.6,58.87,63.23,56.84,7117300,416931906.0,-6.09,-3.82,0.61,62.69,62.458000000000006,60.2615,56.31166666666666,华利集团
300979,2025-12-08 00:00:00,2025-12-08,58.3,57.8,58.79,57.2,2200200,127409164.0,-1.82,-1.07,0.19,58.87,62.012,60.294,56.434333333333335,华利集团
300979,2025-12-09 00:00:00,2025-12-09,57.93,57.55,58.3,56.9,2036000,116968444.0,-0.43,-0.25,0.17,57.8,60.931999999999995,60.14150000000001,56.515499999999996,华利集团
300979,2025-12-10 00:00:00,2025-12-10,56.9,58.27,58.55,56.9,1872400,108582727.0,1.25,0.72,0.16,57.55,60.041999999999994,60.0895,56.54883333333334,华利集团
300979,2025-12-11 00:00:00,2025-12-11,58.48,57.98,58.85,57.69,1307100,76039712.0,-0.5,-0.29,0.11,58.27,59.03599999999999,60.0245,56.61233333333334,华利集团
300979,2025-12-12 00:00:00,2025-12-12,58.09,59.81,60.7,57.61,3380500,200219205.0,3.16,1.83,0.29,57.98,58.093999999999994,59.90500000000001,56.68066666666667,华利集团
300979,2025-12-15 00:00:00,2025-12-15,59.56,58.61,61.26,58.21,3290100,195026656.0,-2.01,-1.2,0.28,59.81,58.282000000000004,59.904999999999994,56.78516666666667,华利集团
300979,2025-12-16 00:00:00,2025-12-16,58.6,55.73,58.71,55.73,2353900,133384112.0,-4.91,-2.88,0.2,58.61,58.443999999999996,59.82299999999999,56.879166666666656,华利集团
300979,2025-12-17 00:00:00,2025-12-17,55.88,56.25,57.0,55.8,1418200,80085864.0,0.93,0.52,0.12,55.73,58.08,59.6275,56.92883333333332,华利集团
300979,2025-12-18 00:00:00,2025-12-18,56.3,55.21,56.82,55.18,1514100,84199705.0,-1.85,-1.04,0.13,56.25,57.676,59.5,56.98799999999999,华利集团
300979,2025-12-19 00:00:00,2025-12-19,55.38,54.85,55.55,54.55,1470900,80752930.0,-0.65,-0.36,0.13,55.21,57.122,59.31949999999999,56.997166666666665,华利集团
300979,2025-12-22 00:00:00,2025-12-22,54.7,53.29,55.19,52.61,3295400,175839771.0,-2.84,-1.56,0.28,54.85,56.129999999999995,59.124,57.02133333333334,华利集团
300979,2025-12-23 00:00:00,2025-12-23,53.11,52.68,53.33,52.28,2873000,151835627.0,-1.14,-0.61,0.25,53.29,55.065999999999995,58.819,56.977833333333336,华利集团
300979,2025-12-24 00:00:00,2025-12-24,52.65,52.18,53.0,51.83,2834500,147913188.0,-0.95,-0.5,0.24,52.68,54.455999999999996,58.52049999999999,56.9405,华利集团
300979,2025-12-25 00:00:00,2025-12-25,52.24,52.43,52.6,51.83,2279600,119149234.0,0.48,0.25,0.2,52.18,53.641999999999996,58.128,56.884499999999996,华利集团
300979,2025-12-26 00:00:00,2025-12-26,52.35,52.71,53.14,52.1,2165000,113924849.0,0.53,0.28,0.19,52.43,53.086,57.69,56.84866666666667,华利集团
300979,2025-12-29 00:00:00,2025-12-29,52.71,51.33,52.98,51.2,3315600,171308863.0,-2.62,-1.38,0.28,52.71,52.658,57.270500000000006,56.81866666666667,华利集团
300979,2025-12-30 00:00:00,2025-12-30,51.33,50.95,51.5,50.69,2542300,129612667.0,-0.74,-0.38,0.22,51.33,52.266,56.677,56.77966666666667,华利集团
300979,2025-12-31 00:00:00,2025-12-31,50.95,50.21,51.3,50.17,3311400,167149516.0,-1.45,-0.74,0.28,50.95,51.92,56.1245,56.734,华利集团
300979,2026-01-05 00:00:00,2026-01-05,50.3,51.27,51.42,49.9,3306100,168260369.0,2.11,1.06,0.28,50.21,51.525999999999996,55.470000000000006,56.68716666666667,华利集团
300979,2026-01-06 00:00:00,2026-01-06,51.27,50.62,51.37,50.24,4698800,238162004.0,-1.27,-0.65,0.4,51.27,51.294,54.899,56.65716666666666,华利集团
300979,2026-01-07 00:00:00,2026-01-07,50.62,49.95,50.62,49.86,3922100,196271681.0,-1.32,-0.67,0.34,50.62,50.876,54.4865,56.6085,华利集团
300979,2026-01-08 00:00:00,2026-01-08,49.92,50.16,50.19,49.48,3385900,168807784.0,0.42,0.21,0.29,49.95,50.6,54.093999999999994,56.56766666666667,华利集团
300979,2026-01-09 00:00:00,2026-01-09,50.11,50.5,50.53,49.91,3879000,195274531.0,0.68,0.34,0.33,50.16,50.442,53.7245,56.522,华利集团
300979,2026-01-12 00:00:00,2026-01-12,50.54,50.75,50.85,50.32,2746100,139036698.0,0.5,0.25,0.24,50.5,50.5,53.336,56.495,华利集团
300979,2026-01-13 00:00:00,2026-01-13,50.78,51.1,51.38,50.41,4480400,229043656.0,0.69,0.35,0.38,50.75,50.396,52.9745,56.491166666666665,华利集团
300979,2026-01-14 00:00:00,2026-01-14,51.2,51.2,51.84,50.62,3528500,180791890.0,0.2,0.1,0.3,51.1,50.492000000000004,52.539,56.50816666666666,华利集团
300979,2026-01-15 00:00:00,2026-01-15,51.25,51.45,51.76,51.02,2937400,151092748.0,0.49,0.25,0.25,51.2,50.742000000000004,52.168499999999995,56.51366666666667,华利集团
300979,2026-01-16 00:00:00,2026-01-16,51.82,50.5,51.84,50.19,3494900,177181158.0,-1.85,-0.95,0.3,51.45,51.0,51.954499999999996,56.50233333333333,华利集团
300979,2026-01-19 00:00:00,2026-01-19,50.21,50.49,50.84,50.21,1787900,90427515.0,-0.02,-0.01,0.15,50.5,51.0,51.666999999999994,56.4525,华利集团
300979,2026-01-20 00:00:00,2026-01-20,50.6,51.49,51.6,50.53,3213100,164875347.0,1.98,1.0,0.28,50.49,50.948,51.431000000000004,56.37983333333333,华利集团
300979,2026-01-21 00:00:00,2026-01-21,51.5,50.86,51.5,50.54,3551000,180384100.0,-1.22,-0.63,0.3,51.49,51.026,51.263,56.32566666666666,华利集团
300979,2026-01-22 00:00:00,2026-01-22,50.84,49.62,50.88,49.58,4408700,221095970.0,-2.44,-1.24,0.38,50.86,50.958,51.14149999999999,56.244,华利集团
300979,2026-01-23 00:00:00,2026-01-23,49.7,49.08,49.9,49.03,4482400,220902185.0,-1.09,-0.54,0.38,49.62,50.592,50.9885,56.149833333333326,华利集团
300979,2026-01-26 00:00:00,2026-01-26,49.11,49.28,49.47,48.75,3348500,164770880.0,0.41,0.2,0.29,49.08,50.30800000000001,50.8335,56.04716666666666,华利集团
300979,2026-01-27 00:00:00,2026-01-27,49.17,48.34,49.17,48.23,3426200,166359691.0,-1.91,-0.94,0.29,49.28,50.065999999999995,50.676,55.9225,华利集团
300979,2026-01-28 00:00:00,2026-01-28,48.3,48.55,48.58,47.6,3813100,183227823.0,0.43,0.21,0.33,48.34,49.436,50.457499999999996,55.742333333333335,华利集团
300979,2026-01-29 00:00:00,2026-01-29,48.3,48.96,49.24,48.11,2822700,137741689.0,0.84,0.41,0.24,48.55,48.974000000000004,50.3185,55.562999999999995,华利集团
300979,2026-01-30 00:00:00,2026-01-30,48.96,48.17,49.46,48.17,3412800,166683324.0,-1.61,-0.79,0.29,48.96,48.842,50.219,55.38633333333333,华利集团
300979,2026-02-02 00:00:00,2026-02-02,48.07,48.86,49.66,47.91,3716500,182605947.0,1.43,0.69,0.32,48.17,48.66,50.117000000000004,55.218333333333334,华利集团
300979,2026-02-03 00:00:00,2026-02-03,49.3,49.12,49.47,48.37,2546400,124306851.0,0.53,0.26,0.22,48.86,48.576,49.9965,55.05233333333334,华利集团
300979,2026-02-04 00:00:00,2026-02-04,48.99,50.17,50.17,48.89,3163200,157138297.0,2.14,1.05,0.27,49.12,48.732000000000006,49.921499999999995,54.900666666666666,华利集团
300979,2026-02-05 00:00:00,2026-02-05,50.2,51.04,51.35,50.1,4581000,233457981.0,1.73,0.87,0.39,50.17,49.056,49.932500000000005,54.72266666666667,华利集团
300979,2026-02-06 00:00:00,2026-02-06,50.85,50.41,51.04,50.21,2306200,116431097.0,-1.23,-0.63,0.2,51.04,49.471999999999994,49.9765,54.59683333333333,华利集团
300979,2026-02-09 00:00:00,2026-02-09,50.87,50.5,50.87,50.2,1856400,93667441.0,0.18,0.09,0.16,50.41,49.92,49.971999999999994,54.44416666666667,华利集团
300979,2026-02-10 00:00:00,2026-02-10,50.5,50.61,50.8,50.16,1600400,80911629.0,0.22,0.11,0.14,50.5,50.248,49.959500000000006,54.27966666666667,华利集团
300979,2026-02-11 00:00:00,2026-02-11,50.54,49.44,50.75,49.44,2310900,115379595.0,-2.31,-1.17,0.2,50.61,50.54600000000001,49.935,54.126333333333335,华利集团
300979,2026-02-12 00:00:00,2026-02-12,49.5,48.79,49.51,48.67,1551600,75887448.0,-1.31,-0.65,0.13,49.44,50.4,49.846999999999994,53.94616666666666,华利集团
300979,2026-02-13 00:00:00,2026-02-13,48.79,48.31,48.95,48.31,1220100,59311366.0,-0.98,-0.48,0.1,48.79,49.95,49.714,53.76533333333334,华利集团
300979,2026-02-24 00:00:00,2026-02-24,48.92,48.98,49.21,48.2,1712000,83533060.0,1.39,0.67,0.15,48.31,49.53,49.604499999999994,53.590500000000006,华利集团
300979,2026-02-25 00:00:00,2026-02-25,48.97,48.86,49.09,48.55,1694600,82814739.0,-0.24,-0.12,0.15,48.98,49.226,49.528999999999996,53.426500000000004,华利集团
300979,2026-02-26 00:00:00,2026-02-26,48.86,47.49,48.86,47.11,4370500,208934588.0,-2.8,-1.37,0.37,48.86,48.876,49.3975,53.26149999999999,华利集团
300979,2026-02-27 00:00:00,2026-02-27,47.56,47.65,47.68,47.21,1191800,56619473.0,0.34,0.16,0.1,47.49,48.486000000000004,49.229,53.06316666666667,华利集团
300979,2026-03-02 00:00:00,2026-03-02,47.2,47.65,47.77,46.69,2365500,111875233.0,0.0,0.0,0.2,47.65,48.257999999999996,49.1305,52.87983333333333,华利集团
300979,2026-03-03 00:00:00,2026-03-03,47.65,47.23,48.18,47.1,2398500,114319121.0,-0.88,-0.42,0.21,47.65,48.126,49.059,52.673500000000004,华利集团
300979,2026-03-04 00:00:00,2026-03-04,47.02,46.74,47.11,46.33,1729000,80847115.0,-1.04,-0.49,0.15,47.23,47.775999999999996,48.9565,52.44083333333334,华利集团
300979,2026-03-05 00:00:00,2026-03-05,47.2,46.37,47.25,46.21,2179000,101300954.0,-0.79,-0.37,0.19,46.74,47.352,48.8765,52.2015,华利集团
600029,2025-09-02 00:00:00,2025-09-02,5.96,5.91,5.99,5.88,40556700,240147669.0,-1.01,-0.06,0.32,5.97,,,,南方航空
600029,2025-09-03 00:00:00,2025-09-03,5.91,5.83,5.93,5.82,47850700,279853755.0,-1.35,-0.08,0.38,5.91,,,,南方航空
600029,2025-09-04 00:00:00,2025-09-04,5.82,5.84,5.86,5.79,50043900,291131445.0,0.17,0.01,0.39,5.83,,,,南方航空
600029,2025-09-05 00:00:00,2025-09-05,5.84,5.88,5.89,5.81,45843800,268216763.0,0.68,0.04,0.36,5.84,,,,南方航空
600029,2025-09-08 00:00:00,2025-09-08,5.89,6.14,6.17,5.87,112712300,683511154.0,4.42,0.26,0.89,5.88,5.886,,,南方航空
600029,2025-09-09 00:00:00,2025-09-09,6.13,6.13,6.16,6.08,47901100,293267158.0,-0.16,-0.01,0.38,6.14,5.92,,,南方航空
600029,2025-09-10 00:00:00,2025-09-10,6.13,6.07,6.13,6.04,38744900,235031915.0,-0.98,-0.06,0.31,6.13,5.964,,,南方航空
600029,2025-09-11 00:00:00,2025-09-11,6.04,6.06,6.07,5.97,46743600,281299812.0,-0.16,-0.01,0.37,6.07,6.012,,,南方航空
600029,2025-09-12 00:00:00,2025-09-12,6.08,6.06,6.12,6.03,52337300,317850351.0,0.0,0.0,0.41,6.06,6.055999999999999,,,南方航空
600029,2025-09-15 00:00:00,2025-09-15,6.04,6.03,6.09,6.0,34754900,209679456.0,-0.5,-0.03,0.27,6.06,6.0920000000000005,,,南方航空
600029,2025-09-16 00:00:00,2025-09-16,6.05,6.05,6.14,6.0,77009600,466198621.0,0.33,0.02,0.61,6.03,6.069999999999999,,,南方航空
600029,2025-09-17 00:00:00,2025-09-17,6.05,6.23,6.26,6.03,124641100,769576415.0,2.98,0.18,0.98,6.05,6.054,,,南方航空
600029,2025-09-18 00:00:00,2025-09-18,6.21,5.99,6.23,5.93,101954300,617532191.0,-3.85,-0.24,0.8,6.23,6.086,,,南方航空
600029,2025-09-19 00:00:00,2025-09-19,5.95,6.01,6.02,5.93,47073600,281024228.0,0.33,0.02,0.37,5.99,6.072,,,南方航空
600029,2025-09-22 00:00:00,2025-09-22,6.01,6.01,6.03,5.91,43521400,259789757.0,0.0,0.0,0.34,6.01,6.061999999999999,,,南方航空
600029,2025-09-23 00:00:00,2025-09-23,5.99,5.98,6.0,5.87,56307300,333398917.0,-0.5,-0.03,0.44,6.01,6.058,,,南方航空
600029,2025-09-24 00:00:00,2025-09-24,5.96,5.98,6.0,5.91,46606400,277141494.0,0.0,0.0,0.37,5.98,6.044,,,南方航空
600029,2025-09-25 00:00:00,2025-09-25,5.96,5.96,6.01,5.92,36865800,219413302.0,-0.33,-0.02,0.29,5.98,5.994,,,南方航空
600029,2025-09-26 00:00:00,2025-09-26,5.95,6.03,6.03,5.89,53758000,320857189.0,1.17,0.07,0.42,5.96,5.9879999999999995,,,南方航空
600029,2025-09-29 00:00:00,2025-09-29,6.0,5.95,6.01,5.88,66832400,395668975.0,-1.33,-0.08,0.53,6.03,5.992,6.008,,南方航空
600029,2025-09-30 00:00:00,2025-09-30,5.94,6.05,6.08,5.9,82297600,492865533.0,1.68,0.1,0.65,5.95,5.98,6.007,,南方航空
600029,2025-10-09 00:00:00,2025-10-09,5.96,6.17,6.2,5.86,120037300,724027011.0,1.98,0.12,0.95,6.05,5.994000000000001,6.014,,南方航空
600029,2025-10-10 00:00:00,2025-10-10,6.09,6.09,6.16,6.06,64005200,389864335.0,-1.3,-0.08,0.51,6.17,6.032000000000001,6.031000000000001,,南方航空
600029,2025-10-13 00:00:00,2025-10-13,5.96,5.99,6.01,5.92,51069300,304650971.0,-1.64,-0.1,0.4,6.09,6.058,6.0435,,南方航空
600029,2025-10-14 00:00:00,2025-10-14,5.99,5.99,6.06,5.96,58552700,351712115.0,0.0,0.0,0.46,5.99,6.05,6.049,,南方航空
600029,2025-10-15 00:00:00,2025-10-15,5.99,6.3,6.33,5.97,143533900,889267368.0,5.18,0.31,1.13,5.99,6.058,6.041500000000001,,南方航空
600029,2025-10-16 00:00:00,2025-10-16,6.3,6.26,6.43,6.24,80140800,504787722.0,-0.63,-0.04,0.63,6.3,6.108,6.05,,南方航空
600029,2025-10-17 00:00:00,2025-10-17,6.26,6.21,6.34,6.2,55315400,346133140.0,-0.8,-0.05,0.44,6.26,6.1259999999999994,6.0595,,南方航空
600029,2025-10-20 00:00:00,2025-10-20,6.23,6.6,6.66,6.2,173592100,1121811205.0,6.28,0.39,1.37,6.21,6.15,6.067,,南方航空
600029,2025-10-21 00:00:00,2025-10-21,6.6,6.59,6.63,6.43,113941300,744557893.0,-0.15,-0.01,0.9,6.6,6.272,6.093999999999999,,南方航空
600029,2025-10-22 00:00:00,2025-10-22,6.56,6.63,6.66,6.49,63291600,415997205.0,0.61,0.04,0.5,6.59,6.3919999999999995,6.122,,南方航空
600029,2025-10-23 00:00:00,2025-10-23,6.62,6.66,6.7,6.51,60853700,403302553.0,0.45,0.03,0.48,6.63,6.458,6.151,,南方航空
600029,2025-10-24 00:00:00,2025-10-24,6.66,6.58,6.67,6.44,80497100,526049188.0,-1.2,-0.08,0.64,6.66,6.537999999999999,6.1725,,南方航空
600029,2025-10-27 00:00:00,2025-10-27,6.58,6.6,6.65,6.49,43172200,283861843.0,0.3,0.02,0.34,6.58,6.611999999999999,6.202,,南方航空
600029,2025-10-28 00:00:00,2025-10-28,6.7,6.7,6.86,6.66,92761800,625769750.0,1.52,0.1,0.73,6.6,6.612,6.2315,,南方航空
600029,2025-10-29 00:00:00,2025-10-29,6.66,6.76,6.86,6.61,66698900,450535952.0,0.9,0.06,0.53,6.7,6.634,6.266,,南方航空
600029,2025-10-30 00:00:00,2025-10-30,6.8,6.79,6.93,6.75,54068800,369216576.0,0.44,0.03,0.43,6.76,6.659999999999999,6.305,,南方航空
600029,2025-10-31 00:00:00,2025-10-31,6.74,6.67,6.76,6.51,98340200,655483552.0,-1.77,-0.12,0.78,6.79,6.686,6.3454999999999995,,南方航空
600029,2025-11-03 00:00:00,2025-11-03,6.66,6.95,6.96,6.62,88488700,606272996.0,4.2,0.28,0.7,6.67,6.703999999999999,6.381,,南方航空
600029,2025-11-04 00:00:00,2025-11-04,6.95,6.86,7.0,6.81,46794200,322388507.0,-1.29,-0.09,0.37,6.95,6.774000000000001,6.427,,南方航空
600029,2025-11-05 00:00:00,2025-11-05,6.82,6.94,6.98,6.75,38138600,263229559.0,1.17,0.08,0.3,6.86,6.806,6.472499999999999,,南方航空
600029,2025-11-06 00:00:00,2025-11-06,6.91,7.0,7.07,6.89,42492500,297131702.0,0.86,0.06,0.34,6.94,6.8420000000000005,6.517,,南方航空
600029,2025-11-07 00:00:00,2025-11-07,6.99,6.98,7.1,6.92,39953600,279451544.0,-0.29,-0.02,0.32,7.0,6.884,6.5585,,南方航空
600029,2025-11-10 00:00:00,2025-11-10,6.97,7.24,7.37,6.94,93400900,673167034.0,3.72,0.26,0.74,6.98,6.946000000000001,6.603,,南方航空
600029,2025-11-11 00:00:00,2025-11-11,7.17,7.29,7.33,7.15,41004000,296939370.0,0.69,0.05,0.32,7.24,7.0040000000000004,6.6655,,南方航空
600029,2025-11-12 00:00:00,2025-11-12,7.26,7.24,7.35,7.23,36924000,268822719.0,-0.69,-0.05,0.29,7.29,7.090000000000001,6.730499999999999,,南方航空
600029,2025-11-13 00:00:00,2025-11-13,7.28,7.32,7.4,7.22,45665600,333979848.0,1.1,0.08,0.36,7.24,7.15,6.777500000000001,,南方航空
600029,2025-11-14 00:00:00,2025-11-14,7.3,7.22,7.36,7.17,29122400,210979400.0,-1.37,-0.1,0.23,7.32,7.214,6.830499999999999,,南方航空
600029,2025-11-17 00:00:00,2025-11-17,7.08,7.27,7.3,6.94,77694900,555463518.0,0.69,0.05,0.61,7.22,7.2620000000000005,6.881,,南方航空
600029,2025-11-18 00:00:00,2025-11-18,7.26,7.3,7.35,7.07,54664600,396294145.0,0.41,0.03,0.43,7.27,7.267999999999999,6.914499999999999,,南方航空
600029,2025-11-19 00:00:00,2025-11-19,7.28,7.26,7.41,7.23,47289700,345428397.0,-0.55,-0.04,0.37,7.3,7.2700000000000005,6.95,,南方航空
600029,2025-11-20 00:00:00,2025-11-20,7.25,7.2,7.32,7.17,37920600,274540927.0,-0.83,-0.06,0.3,7.26,7.273999999999999,6.9815,,南方航空
600029,2025-11-21 00:00:00,2025-11-21,7.17,7.08,7.23,7.05,55175900,393468077.0,-1.67,-0.12,0.44,7.2,7.25,7.0085,,南方航空
600029,2025-11-24 00:00:00,2025-11-24,7.07,6.95,7.14,6.88,69088100,480752911.0,-1.84,-0.13,0.51,7.08,7.2219999999999995,7.033500000000001,,南方航空
600029,2025-11-25 00:00:00,2025-11-25,6.93,6.75,6.95,6.68,78498300,531047126.0,-2.88,-0.2,0.58,6.95,7.1579999999999995,7.050999999999999,,南方航空
600029,2025-11-26 00:00:00,2025-11-26,6.77,6.76,6.92,6.7,73270000,497634926.0,0.15,0.01,0.54,6.75,7.048,7.0535,,南方航空
600029,2025-11-27 00:00:00,2025-11-27,6.77,6.77,6.8,6.62,51443400,346082319.0,0.15,0.01,0.38,6.76,6.948,7.053500000000001,,南方航空
600029,2025-11-28 00:00:00,2025-11-28,6.77,6.78,6.86,6.7,51516900,349667035.0,0.15,0.01,0.38,6.77,6.862,7.052499999999999,,南方航空
600029,2025-12-01 00:00:00,2025-12-01,6.77,6.98,7.0,6.72,56129500,387030011.0,2.95,0.2,0.42,6.78,6.802000000000001,7.058,,南方航空
600029,2025-12-02 00:00:00,2025-12-02,6.94,7.01,7.11,6.89,45319700,317784856.0,0.43,0.03,0.34,6.98,6.808,7.0595,6.498166666666666,南方航空
600029,2025-12-03 00:00:00,2025-12-03,7.0,7.2,7.26,6.93,62741700,448638738.0,2.71,0.19,0.47,7.01,6.859999999999999,7.067,6.515499999999999,南方航空
600029,2025-12-04 00:00:00,2025-12-04,7.19,7.19,7.25,7.09,36879700,264204137.0,-0.14,-0.01,0.27,7.2,6.948,7.08,6.537000000000001,南方航空
600029,2025-12-05 00:00:00,2025-12-05,7.17,7.06,7.22,7.0,35188400,248910727.0,-1.81,-0.13,0.26,7.19,7.032000000000001,7.089499999999999,6.559666666666668,南方航空
600029,2025-12-08 00:00:00,2025-12-08,7.05,7.1,7.12,6.9,49133100,345009495.0,0.57,0.04,0.36,7.06,7.087999999999999,7.093500000000001,6.58,南方航空
600029,2025-12-09 00:00:00,2025-12-09,7.05,6.9,7.08,6.9,25553200,177654711.0,-2.82,-0.2,0.19,7.1,7.112,7.086499999999999,6.600333333333333,南方航空
600029,2025-12-10 00:00:00,2025-12-10,6.91,6.98,7.01,6.89,25799900,179580811.0,1.16,0.08,0.19,6.9,7.090000000000001,7.067,6.613,南方航空
600029,2025-12-11 00:00:00,2025-12-11,6.96,6.83,7.0,6.82,42427400,292896270.0,-2.15,-0.15,0.31,6.98,7.045999999999999,7.054,6.627166666666667,南方航空
600029,2025-12-12 00:00:00,2025-12-12,6.83,6.92,7.06,6.79,47118100,326930797.0,1.32,0.09,0.35,6.83,6.974000000000001,7.0295000000000005,6.639833333333334,南方航空
600029,2025-12-15 00:00:00,2025-12-15,6.89,6.97,7.05,6.86,27255700,189844087.0,0.72,0.05,0.2,6.92,6.946,7.014500000000001,6.654166666666667,南方航空
600029,2025-12-16 00:00:00,2025-12-16,6.96,7.05,7.1,6.94,38660000,271407066.0,1.15,0.08,0.29,6.97,6.92,6.9995,6.669333333333333,南方航空
600029,2025-12-17 00:00:00,2025-12-17,7.15,7.49,7.53,7.12,121679100,903445164.0,6.24,0.44,0.9,7.05,6.95,6.986999999999999,6.686333333333334,南方航空
600029,2025-12-18 00:00:00,2025-12-18,7.39,7.59,7.65,7.39,75961100,574788024.0,1.34,0.1,0.56,7.49,7.052,6.9985,6.710333333333333,南方航空
600029,2025-12-19 00:00:00,2025-12-19,7.6,7.7,7.74,7.48,72719000,554565219.0,1.45,0.11,0.54,7.59,7.204000000000001,7.018000000000001,6.7330000000000005,南方航空
600029,2025-12-22 00:00:00,2025-12-22,7.7,7.65,7.78,7.53,72417800,553641887.0,-0.65,-0.05,0.54,7.7,7.359999999999999,7.0489999999999995,6.7615,南方航空
600029,2025-12-23 00:00:00,2025-12-23,7.64,7.54,7.66,7.46,54382100,409756620.0,-1.44,-0.11,0.4,7.65,7.496,7.0840000000000005,6.788833333333334,南方航空
600029,2025-12-24 00:00:00,2025-12-24,7.52,7.6,7.67,7.34,66847500,502781433.0,0.8,0.06,0.5,7.54,7.593999999999999,7.1235,6.814333333333334,南方航空
600029,2025-12-25 00:00:00,2025-12-25,7.56,7.59,7.79,7.51,53085900,406216957.0,-0.13,-0.01,0.39,7.6,7.616,7.165499999999999,6.841333333333334,南方航空
600029,2025-12-26 00:00:00,2025-12-26,7.59,7.52,7.66,7.45,54637700,411871762.0,-0.92,-0.07,0.41,7.59,7.616,7.2065,6.868166666666666,南方航空
600029,2025-12-29 00:00:00,2025-12-29,7.49,7.74,7.89,7.47,83934900,650240161.0,2.93,0.22,0.62,7.52,7.58,7.2435,6.894166666666666,南方航空
600029,2025-12-30 00:00:00,2025-12-30,7.72,7.66,7.74,7.57,54498100,417605934.0,-1.03,-0.08,0.4,7.74,7.598000000000001,7.281499999999999,6.922666666666666,南方航空
600029,2025-12-31 00:00:00,2025-12-31,7.65,8.01,8.03,7.61,99141600,782398036.0,4.57,0.35,0.74,7.66,7.622,7.314,6.9511666666666665,南方航空
600029,2026-01-05 00:00:00,2026-01-05,7.95,8.08,8.13,7.87,89570300,715405064.0,0.87,0.07,0.66,8.01,7.703999999999999,7.3545,6.983833333333333,南方航空
600029,2026-01-06 00:00:00,2026-01-06,8.01,8.09,8.18,7.77,64830000,519487927.0,0.12,0.01,0.48,8.08,7.802,7.399000000000001,7.015666666666666,南方航空
600029,2026-01-07 00:00:00,2026-01-07,8.11,8.15,8.28,8.06,44857500,366306913.0,0.74,0.06,0.33,8.09,7.9159999999999995,7.450500000000001,7.049,南方航空
600029,2026-01-08 00:00:00,2026-01-08,8.13,8.01,8.15,7.9,62189100,496685366.0,-1.72,-0.14,0.46,8.15,7.998,7.503,7.084999999999999,南方航空
600029,2026-01-09 00:00:00,2026-01-09,7.98,7.97,8.0,7.81,49628600,393018835.0,-0.5,-0.04,0.37,8.01,8.068,7.5585,7.118666666666667,南方航空
600029,2026-01-12 00:00:00,2026-01-12,7.93,7.88,8.14,7.86,66975100,532518445.0,-1.13,-0.09,0.5,7.97,8.059999999999999,7.608,7.1465000000000005,南方航空
600029,2026-01-13 00:00:00,2026-01-13,7.8,7.78,7.94,7.73,63790900,498472802.0,-1.27,-0.1,0.47,7.88,8.02,7.660500000000001,7.173500000000001,南方航空
600029,2026-01-14 00:00:00,2026-01-14,7.71,7.56,7.78,7.54,96990600,741640415.0,-2.83,-0.22,0.72,7.78,7.958,7.7035,7.199666666666666,南方航空
600029,2026-01-15 00:00:00,2026-01-15,7.56,7.54,7.66,7.49,53218700,402284844.0,-0.26,-0.02,0.39,7.56,7.840000000000001,7.733,7.2156666666666665,南方航空
600029,2026-01-16 00:00:00,2026-01-16,7.6,7.43,7.73,7.33,79506800,594261199.0,-1.46,-0.11,0.59,7.54,7.746,7.7575,7.2315,南方航空
600029,2026-01-19 00:00:00,2026-01-19,7.41,7.75,7.77,7.41,93731100,720355540.0,4.31,0.32,0.7,7.43,7.638,7.7545,7.244833333333333,南方航空
600029,2026-01-20 00:00:00,2026-01-20,7.8,8.13,8.17,7.75,93604800,750140001.0,4.9,0.38,0.69,7.75,7.612,7.7625,7.263000000000001,南方航空
600029,2026-01-21 00:00:00,2026-01-21,8.14,8.01,8.17,7.95,68487900,551780364.0,-1.48,-0.12,0.51,8.13,7.6819999999999995,7.784000000000001,7.288833333333333,南方航空
600029,2026-01-22 00:00:00,2026-01-22,8.0,7.88,8.09,7.85,70969300,563160182.0,-1.62,-0.13,0.53,8.01,7.772,7.802,7.312333333333333,南方航空
600029,2026-01-23 00:00:00,2026-01-23,7.89,7.68,7.91,7.63,58432800,452137277.0,-2.54,-0.2,0.43,7.88,7.840000000000001,7.819,7.332,南方航空
600029,2026-01-26 00:00:00,2026-01-26,7.69,7.6,7.98,7.59,135092800,1040791428.0,-1.04,-0.08,1.0,7.68,7.890000000000001,7.823,7.347333333333333,南方航空
600029,2026-01-27 00:00:00,2026-01-27,7.66,7.55,7.71,7.5,75493500,571336148.0,-0.66,-0.05,0.56,7.6,7.860000000000001,7.8235,7.360833333333334,南方航空
600029,2026-01-28 00:00:00,2026-01-28,7.58,7.28,7.59,7.24,104115200,766539174.0,-3.58,-0.27,0.77,7.55,7.744,7.825,7.3755,南方航空
600029,2026-01-29 00:00:00,2026-01-29,7.21,7.2,7.32,7.1,107034300,767694611.0,-1.1,-0.08,0.79,7.28,7.598000000000001,7.802,7.381,南方航空
600029,2026-01-30 00:00:00,2026-01-30,7.22,7.21,7.29,7.13,61078000,440667048.0,0.14,0.01,0.45,7.2,7.462000000000001,7.778999999999999,7.386666666666667,南方航空
600029,2026-02-02 00:00:00,2026-02-02,7.22,7.26,7.49,7.15,92435300,680192737.0,0.69,0.05,0.69,7.21,7.367999999999999,7.739,7.391166666666667,南方航空
600029,2026-02-03 00:00:00,2026-02-03,7.32,7.65,7.7,7.26,101355300,759508906.0,5.37,0.39,0.75,7.26,7.3,7.697999999999999,7.3955,南方航空
600029,2026-02-04 00:00:00,2026-02-04,7.63,8.18,8.33,7.62,166671000,1347710745.0,6.93,0.53,1.24,7.65,7.32,7.675999999999999,7.406666666666666,南方航空
600029,2026-02-05 00:00:00,2026-02-05,8.18,8.25,8.36,8.1,111813100,924232005.0,0.86,0.07,0.83,8.18,7.5,7.6775,7.422333333333333,南方航空
600029,2026-02-06 00:00:00,2026-02-06,8.21,8.22,8.31,8.13,66071600,542103151.0,-0.36,-0.03,0.49,8.25,7.709999999999999,7.6895,7.4383333333333335,南方航空
600029,2026-02-09 00:00:00,2026-02-09,8.16,8.29,8.46,8.16,78303000,650736621.0,0.85,0.07,0.58,8.22,7.912000000000001,7.702,7.454666666666667,南方航空
600029,2026-02-10 00:00:00,2026-02-10,8.31,8.12,8.33,7.95,90347800,727468099.0,-2.05,-0.17,0.67,8.29,8.118,7.722499999999999,7.470833333333333,南方航空
600029,2026-02-11 00:00:00,2026-02-11,8.12,7.94,8.16,7.88,107725800,861203206.0,-2.22,-0.18,0.8,8.12,8.212,7.7395,7.485833333333333,南方航空
600029,2026-02-12 00:00:00,2026-02-12,7.93,7.76,7.99,7.7,81216300,635128011.0,-2.27,-0.18,0.6,7.94,8.163999999999998,7.7585,7.497,南方航空
600029,2026-02-13 00:00:00,2026-02-13,7.77,7.6,7.79,7.58,46131000,353049112.0,-2.06,-0.16,0.34,7.76,8.065999999999999,7.769500000000001,7.504666666666666,南方航空
600029,2026-02-24 00:00:00,2026-02-24,7.62,7.46,7.65,7.43,81113800,611678112.0,-1.84,-0.14,0.6,7.6,7.941999999999998,7.7780000000000005,7.5103333333333335,南方航空
600029,2026-02-25 00:00:00,2026-02-25,7.44,7.48,7.63,7.38,130258900,976330650.0,0.27,0.02,0.97,7.46,7.775999999999999,7.763499999999999,7.514666666666667,南方航空
600029,2026-02-26 00:00:00,2026-02-26,7.52,7.59,7.73,7.51,81763900,622435608.0,1.47,0.11,0.61,7.48,7.648000000000001,7.731,7.521333333333334,南方航空
600029,2026-02-27 00:00:00,2026-02-27,7.6,7.34,7.74,7.28,99607000,737201652.0,-3.29,-0.25,0.74,7.59,7.578,7.710000000000001,7.531999999999999,南方航空
600029,2026-03-02 00:00:00,2026-03-02,6.98,7.0,7.12,6.85,182595000,1277541114.0,-4.63,-0.34,1.35,7.34,7.494,7.683000000000002,7.541833333333333,南方航空
600029,2026-03-03 00:00:00,2026-03-03,6.95,6.78,7.01,6.69,124883500,852519986.0,-3.14,-0.22,0.93,7.0,7.374,7.649000000000001,7.545833333333333,南方航空
600029,2026-03-04 00:00:00,2026-03-04,6.72,6.66,6.9,6.63,100803200,676548415.0,-1.77,-0.12,0.75,6.78,7.2379999999999995,7.608000000000001,7.546,南方航空
600029,2026-03-05 00:00:00,2026-03-05,6.71,6.56,6.75,6.52,81174300,535485959.0,-1.5,-0.1,0.6,6.66,7.074000000000001,7.5635,7.544,南方航空
600048,2025-09-02 00:00:00,2025-09-02,7.87,7.82,7.91,7.77,221099200,1729956248.0,-0.89,-0.07,1.85,7.89,,,,保利发展
600048,2025-09-03 00:00:00,2025-09-03,7.83,7.73,7.85,7.68,176382400,1366476149.0,-1.15,-0.09,1.47,7.82,,,,保利发展
600048,2025-09-04 00:00:00,2025-09-04,7.72,7.72,7.76,7.68,128539300,992925159.0,-0.13,-0.01,1.07,7.73,,,,保利发展
600048,2025-09-05 00:00:00,2025-09-05,7.72,7.74,7.75,7.69,136911300,1057441297.0,0.26,0.02,1.14,7.72,,,,保利发展
600048,2025-09-08 00:00:00,2025-09-08,7.78,7.76,7.83,7.73,236123100,1836259500.0,0.26,0.02,1.97,7.74,7.779999999999999,,,保利发展
600048,2025-09-09 00:00:00,2025-09-09,7.78,7.88,7.89,7.75,284201700,2227984950.0,1.55,0.12,2.37,7.76,7.754,,,保利发展
600048,2025-09-10 00:00:00,2025-09-10,7.85,7.83,7.85,7.79,145072000,1133674957.0,-0.63,-0.05,1.21,7.88,7.766,,,保利发展
600048,2025-09-11 00:00:00,2025-09-11,7.8,7.82,7.82,7.75,159568700,1241479498.0,-0.13,-0.01,1.33,7.83,7.786,,,保利发展
600048,2025-09-12 00:00:00,2025-09-12,7.83,7.87,8.0,7.83,292658900,2306743161.0,0.64,0.05,2.44,7.82,7.806,,,保利发展
600048,2025-09-15 00:00:00,2025-09-15,7.86,7.96,7.97,7.81,247235800,1947498645.0,1.14,0.09,2.07,7.87,7.831999999999999,,,保利发展
600048,2025-09-16 00:00:00,2025-09-16,7.94,7.98,8.01,7.88,190679700,1514354510.0,0.25,0.02,1.59,7.96,7.872,,,保利发展
600048,2025-09-17 00:00:00,2025-09-17,7.96,8.0,8.03,7.9,203985400,1624688631.0,0.25,0.02,1.7,7.98,7.892,,,保利发展
600048,2025-09-18 00:00:00,2025-09-18,7.95,7.76,7.96,7.73,260694800,2046922099.0,-3.0,-0.24,2.18,8.0,7.925999999999999,,,保利发展
600048,2025-09-19 00:00:00,2025-09-19,7.77,7.93,7.95,7.69,261128200,2042664011.0,2.19,0.17,2.18,7.76,7.914,,,保利发展
600048,2025-09-22 00:00:00,2025-09-22,7.86,7.82,7.89,7.78,174040600,1360476419.0,-1.39,-0.11,1.45,7.93,7.926,,,保利发展
600048,2025-09-23 00:00:00,2025-09-23,7.76,7.62,7.78,7.58,194020300,1483754652.0,-2.56,-0.2,1.62,7.82,7.898000000000001,,,保利发展
600048,2025-09-24 00:00:00,2025-09-24,7.58,7.66,7.78,7.57,146177600,1123611697.0,0.52,0.04,1.22,7.62,7.8260000000000005,,,保利发展
600048,2025-09-25 00:00:00,2025-09-25,7.64,7.66,7.69,7.59,142392300,1086918516.0,0.0,0.0,1.19,7.66,7.758,,,保利发展
600048,2025-09-26 00:00:00,2025-09-26,7.63,7.72,7.9,7.62,215922900,1676766902.0,0.78,0.06,1.8,7.66,7.738000000000001,,,保利发展
600048,2025-09-29 00:00:00,2025-09-29,7.7,7.72,7.78,7.61,162946300,1250500543.0,0.0,0.0,1.36,7.72,7.696000000000001,7.8084999999999996,,保利发展
600048,2025-09-30 00:00:00,2025-09-30,7.7,7.86,7.88,7.69,250893200,1964866940.0,1.81,0.14,2.1,7.72,7.676,7.8,,保利发展
600048,2025-10-09 00:00:00,2025-10-09,7.82,7.88,7.89,7.62,274502600,2122546022.0,0.25,0.02,2.29,7.86,7.724000000000001,7.802,,保利发展
600048,2025-10-10 00:00:00,2025-10-10,7.79,7.93,8.0,7.78,232527900,1838888495.0,0.63,0.05,1.94,7.88,7.768000000000001,7.8095,,保利发展
600048,2025-10-13 00:00:00,2025-10-13,7.78,7.89,7.96,7.71,238758200,1873259662.0,-0.5,-0.04,1.99,7.93,7.822,7.82,,保利发展
600048,2025-10-14 00:00:00,2025-10-14,7.88,7.88,7.99,7.84,188776600,1492899090.0,-0.13,-0.01,1.58,7.89,7.856,7.827499999999999,,保利发展
600048,2025-10-15 00:00:00,2025-10-15,7.86,7.87,7.92,7.78,137128700,1075586575.0,-0.13,-0.01,1.15,7.88,7.888,7.833500000000001,,保利发展
600048,2025-10-16 00:00:00,2025-10-16,7.84,7.82,7.87,7.77,131681800,1029567464.0,-0.64,-0.05,1.1,7.87,7.890000000000001,7.833,,保利发展
600048,2025-10-17 00:00:00,2025-10-17,7.81,7.75,7.91,7.74,179760800,1408988197.0,-0.9,-0.07,1.5,7.82,7.878,7.8325000000000005,,保利发展
600048,2025-10-20 00:00:00,2025-10-20,7.78,7.71,7.8,7.69,118655800,918295755.0,-0.52,-0.04,0.99,7.75,7.8420000000000005,7.829000000000001,,保利发展
600048,2025-10-21 00:00:00,2025-10-21,7.71,7.72,7.77,7.68,128550200,993734938.0,0.13,0.01,1.07,7.71,7.806,7.821,,保利发展
600048,2025-10-22 00:00:00,2025-10-22,7.64,7.58,7.71,7.56,251663600,1917879433.0,-1.81,-0.14,2.1,7.72,7.774000000000001,7.808999999999999,,保利发展
600048,2025-10-23 00:00:00,2025-10-23,7.58,7.51,7.59,7.44,161392300,1210242321.0,-0.92,-0.07,1.35,7.58,7.715999999999999,7.789,,保利发展
600048,2025-10-24 00:00:00,2025-10-24,7.5,7.49,7.52,7.47,86630200,649084038.0,-0.27,-0.02,0.72,7.51,7.653999999999999,7.7645,,保利发展
600048,2025-10-27 00:00:00,2025-10-27,7.5,7.48,7.51,7.47,105048900,786538404.0,-0.13,-0.01,0.88,7.49,7.601999999999999,7.751,,保利发展
600048,2025-10-28 00:00:00,2025-10-28,7.48,7.42,7.49,7.41,116844700,869694698.0,-0.8,-0.06,0.98,7.48,7.556,7.7284999999999995,,保利发展
600048,2025-10-29 00:00:00,2025-10-29,7.42,7.44,7.44,7.36,116082400,859315354.0,0.27,0.02,0.97,7.42,7.496,7.708500000000001,,保利发展
600048,2025-10-30 00:00:00,2025-10-30,7.42,7.33,7.44,7.32,154201400,1137811237.0,-1.48,-0.11,1.29,7.44,7.468000000000001,7.6995000000000005,,保利发展
600048,2025-10-31 00:00:00,2025-10-31,7.33,7.33,7.35,7.31,92004100,674600073.0,0.0,0.0,0.77,7.33,7.432,7.683,,保利发展
600048,2025-11-03 00:00:00,2025-11-03,7.35,7.3,7.35,7.27,90224200,659008539.0,-0.41,-0.03,0.75,7.33,7.4,7.666500000000001,,保利发展
600048,2025-11-04 00:00:00,2025-11-04,7.28,7.21,7.29,7.19,141893100,1025493849.0,-1.23,-0.09,1.19,7.3,7.364,7.645500000000001,,保利发展
600048,2025-11-05 00:00:00,2025-11-05,7.15,7.18,7.21,7.13,81714900,586881154.0,-0.42,-0.03,0.68,7.21,7.322,7.62,,保利发展
600048,2025-11-06 00:00:00,2025-11-06,7.16,7.17,7.19,7.15,84661300,606899806.0,-0.14,-0.01,0.71,7.18,7.2700000000000005,7.586,,保利发展
600048,2025-11-07 00:00:00,2025-11-07,7.15,7.18,7.23,7.15,82669300,594405798.0,0.14,0.01,0.69,7.17,7.2379999999999995,7.5504999999999995,,保利发展
600048,2025-11-10 00:00:00,2025-11-10,7.21,7.27,7.28,7.19,123597200,894924600.0,1.25,0.09,1.03,7.18,7.208,7.513,,保利发展
600048,2025-11-11 00:00:00,2025-11-11,7.28,7.29,7.32,7.25,102921700,749519195.0,0.28,0.02,0.86,7.27,7.202,7.482000000000001,,保利发展
600048,2025-11-12 00:00:00,2025-11-12,7.3,7.27,7.31,7.26,79832800,581156580.0,-0.27,-0.02,0.67,7.29,7.218000000000001,7.452499999999999,,保利发展
600048,2025-11-13 00:00:00,2025-11-13,7.26,7.28,7.29,7.21,83074600,602462403.0,0.14,0.01,0.69,7.27,7.236,7.422500000000001,,保利发展
600048,2025-11-14 00:00:00,2025-11-14,7.26,7.25,7.31,7.25,101066100,736370176.0,-0.41,-0.03,0.84,7.28,7.258,7.3955,,保利发展
600048,2025-11-17 00:00:00,2025-11-17,7.24,7.25,7.27,7.23,72601300,526164182.0,0.0,0.0,0.61,7.25,7.272,7.3705,,保利发展
600048,2025-11-18 00:00:00,2025-11-18,7.24,7.08,7.25,7.08,155128800,1107177403.0,-2.34,-0.17,1.3,7.25,7.267999999999999,7.347500000000001,,保利发展
600048,2025-11-19 00:00:00,2025-11-19,7.08,6.95,7.09,6.93,151027500,1055118235.0,-1.84,-0.13,1.26,7.08,7.226000000000001,7.3155,,保利发展
600048,2025-11-20 00:00:00,2025-11-20,6.95,7.07,7.18,6.86,248897300,1750588532.0,1.73,0.12,2.08,6.95,7.162000000000001,7.284000000000001,,保利发展
600048,2025-11-21 00:00:00,2025-11-21,6.99,6.93,7.07,6.93,126738100,887232561.0,-1.98,-0.14,1.06,7.07,7.12,7.2620000000000005,,保利发展
600048,2025-11-24 00:00:00,2025-11-24,6.93,7.0,7.06,6.93,109507800,767192206.0,1.01,0.07,0.91,6.93,7.056,7.234,,保利发展
600048,2025-11-25 00:00:00,2025-11-25,6.99,6.98,7.03,6.95,84410200,589952818.0,-0.29,-0.02,0.71,7.0,7.006,7.210000000000001,,保利发展
600048,2025-11-26 00:00:00,2025-11-26,6.98,6.87,6.99,6.87,106039300,733048274.0,-1.58,-0.11,0.89,6.98,6.986,7.188,,保利发展
600048,2025-11-27 00:00:00,2025-11-27,6.77,6.77,6.83,6.66,129022100,872132021.0,-1.46,-0.1,1.08,6.87,6.970000000000001,7.1594999999999995,,保利发展
600048,2025-11-28 00:00:00,2025-11-28,6.75,6.76,6.78,6.68,98395000,661796940.0,-0.15,-0.01,0.82,6.77,6.909999999999999,7.131500000000001,,保利发展
600048,2025-12-01 00:00:00,2025-12-01,6.72,6.62,6.75,6.61,169290900,1128383182.0,-2.07,-0.14,1.41,6.76,6.8759999999999994,7.103,,保利发展
600048,2025-12-02 00:00:00,2025-12-02,6.62,6.59,6.65,6.58,95153400,629087563.0,-0.45,-0.03,0.79,6.62,6.8,7.069,7.507666666666666,保利发展
600048,2025-12-03 00:00:00,2025-12-03,6.59,6.46,6.61,6.45,139391700,906474818.0,-1.97,-0.13,1.16,6.59,6.7219999999999995,7.038000000000001,7.486000000000001,保利发展
600048,2025-12-04 00:00:00,2025-12-04,6.46,6.48,6.59,6.45,114628900,746108186.0,0.31,0.02,0.96,6.46,6.640000000000001,7.002,7.463333333333334,保利发展
600048,2025-12-05 00:00:00,2025-12-05,6.46,6.53,6.54,6.38,166957700,1076248859.0,0.77,0.05,1.39,6.48,6.582000000000001,6.967500000000001,7.4425,保利发展
600048,2025-12-08 00:00:00,2025-12-08,6.49,6.51,6.57,6.49,103998300,678953539.0,-0.31,-0.02,0.87,6.53,6.536,6.9350000000000005,7.422666666666666,保利发展
600048,2025-12-09 00:00:00,2025-12-09,6.49,6.35,6.5,6.34,144994000,926717510.0,-2.46,-0.16,1.21,6.51,6.514,6.897,7.402166666666667,保利发展
600048,2025-12-10 00:00:00,2025-12-10,6.34,6.68,6.82,6.28,299773700,1973751184.0,5.2,0.33,2.5,6.35,6.465999999999999,6.85,7.378666666666666,保利发展
600048,2025-12-11 00:00:00,2025-12-11,6.58,6.42,6.58,6.41,189509600,1227697245.0,-3.89,-0.26,1.58,6.68,6.51,6.8205,7.358666666666666,保利发展
600048,2025-12-12 00:00:00,2025-12-12,6.46,6.42,6.53,6.4,161917400,1043300489.0,0.0,0.0,1.35,6.42,6.498,6.777499999999999,7.335166666666667,保利发展
600048,2025-12-15 00:00:00,2025-12-15,6.32,6.27,6.38,6.26,163874900,1035072474.0,-2.34,-0.15,1.37,6.42,6.475999999999999,6.736,7.311833333333333,保利发展
600048,2025-12-16 00:00:00,2025-12-16,6.27,6.28,6.35,6.25,125496100,789640472.0,0.16,0.01,1.05,6.27,6.428,6.687,7.285166666666667,保利发展
600048,2025-12-17 00:00:00,2025-12-17,6.27,6.28,6.31,6.19,120153000,752046921.0,0.0,0.0,1.0,6.28,6.414,6.647,7.2571666666666665,保利发展
600048,2025-12-18 00:00:00,2025-12-18,6.25,6.25,6.29,6.23,94118200,588792044.0,-0.48,-0.03,0.79,6.28,6.3340000000000005,6.6135,7.228833333333333,保利发展
600048,2025-12-19 00:00:00,2025-12-19,6.24,6.33,6.35,6.23,134527900,848818943.0,1.28,0.08,1.12,6.25,6.3,6.5725,7.199666666666667,保利发展
600048,2025-12-22 00:00:00,2025-12-22,6.31,6.34,6.37,6.27,106653700,675016678.0,0.16,0.01,0.89,6.33,6.282,6.5424999999999995,7.175833333333333,保利发展
600048,2025-12-23 00:00:00,2025-12-23,6.31,6.27,6.32,6.26,81466100,512092331.0,-1.1,-0.07,0.68,6.34,6.296,6.5095,7.149333333333333,保利发展
600048,2025-12-24 00:00:00,2025-12-24,6.27,6.26,6.3,6.23,105848200,662309922.0,-0.16,-0.01,0.88,6.27,6.294,6.473999999999999,7.123500000000001,保利发展
600048,2025-12-25 00:00:00,2025-12-25,6.28,6.28,6.31,6.24,65935500,413660865.0,0.32,0.02,0.55,6.26,6.289999999999999,6.4435,7.100833333333333,保利发展
600048,2025-12-26 00:00:00,2025-12-26,6.26,6.26,6.3,6.25,71982300,451612415.0,-0.32,-0.02,0.6,6.28,6.295999999999999,6.419,7.0778333333333325,保利发展
600048,2025-12-29 00:00:00,2025-12-29,6.26,6.19,6.29,6.18,120408100,749895043.0,-1.12,-0.07,1.01,6.26,6.282,6.394,7.0545,保利发展
600048,2025-12-30 00:00:00,2025-12-30,6.18,6.09,6.18,6.09,114675600,702301242.0,-1.62,-0.1,0.96,6.19,6.252,6.3725000000000005,7.029,保利发展
600048,2025-12-31 00:00:00,2025-12-31,6.13,6.1,6.15,6.08,82620700,504717620.0,0.16,0.01,0.69,6.09,6.215999999999999,6.3475,7.001833333333334,保利发展
600048,2026-01-05 00:00:00,2026-01-05,6.11,6.32,6.38,6.1,251858700,1579586260.0,3.61,0.22,2.1,6.1,6.184,6.3294999999999995,6.9725,保利发展
600048,2026-01-06 00:00:00,2026-01-06,6.3,6.48,6.55,6.28,248151500,1596927903.0,2.53,0.16,2.07,6.32,6.192,6.3215,6.9465,保利发展
600048,2026-01-07 00:00:00,2026-01-07,6.47,6.39,6.51,6.38,142852900,917309736.0,-1.39,-0.09,1.19,6.48,6.236,6.319,6.922333333333333,保利发展
600048,2026-01-08 00:00:00,2026-01-08,6.38,6.59,6.64,6.34,225580400,1470872945.0,3.13,0.2,1.88,6.39,6.276000000000001,6.313,6.897333333333334,保利发展
600048,2026-01-09 00:00:00,2026-01-09,6.57,6.57,6.63,6.49,171997200,1127780590.0,-0.3,-0.02,1.44,6.59,6.3759999999999994,6.325,6.8758333333333335,保利发展
600048,2026-01-12 00:00:00,2026-01-12,6.52,6.51,6.58,6.49,149782200,977158417.0,-0.91,-0.06,1.25,6.57,6.470000000000001,6.3195,6.854166666666667,保利发展
600048,2026-01-13 00:00:00,2026-01-13,6.51,6.47,6.61,6.46,169011200,1103625600.0,-0.61,-0.04,1.41,6.51,6.508,6.324,6.832333333333334,保利发展
600048,2026-01-14 00:00:00,2026-01-14,6.45,6.29,6.53,6.27,254157300,1624106651.0,-2.78,-0.18,2.12,6.47,6.506,6.3265,6.811000000000001,保利发展
600048,2026-01-15 00:00:00,2026-01-15,6.33,6.39,6.52,6.32,222547300,1428050236.0,1.59,0.1,1.86,6.29,6.486,6.3275,6.787333333333333,保利发展
600048,2026-01-16 00:00:00,2026-01-16,6.42,6.23,6.44,6.21,195001300,1226299919.0,-2.5,-0.16,1.63,6.39,6.446,6.333,6.765166666666667,保利发展
600048,2026-01-19 00:00:00,2026-01-19,6.21,6.26,6.3,6.16,120088400,749249139.0,0.48,0.03,1.0,6.23,6.378,6.3305,6.742666666666667,保利发展
600048,2026-01-20 00:00:00,2026-01-20,6.29,6.53,6.68,6.28,420305400,2756034671.0,4.31,0.27,3.51,6.26,6.328,6.3309999999999995,6.7218333333333335,保利发展
600048,2026-01-21 00:00:00,2026-01-21,6.51,6.5,6.57,6.43,210906400,1371746058.0,-0.46,-0.03,1.76,6.53,6.340000000000001,6.340999999999999,6.7058333333333335,保利发展
600048,2026-01-22 00:00:00,2026-01-22,6.51,6.58,6.65,6.42,520200400,3393722712.0,1.23,0.08,4.35,6.5,6.382,6.348999999999999,6.6895,保利发展
600048,2026-01-23 00:00:00,2026-01-23,6.56,6.71,6.74,6.51,368266100,2437335178.0,1.98,0.13,3.08,6.58,6.42,6.3645,6.6754999999999995,保利发展
600048,2026-01-26 00:00:00,2026-01-26,6.66,6.65,6.76,6.62,240396200,1606299222.0,-0.89,-0.06,2.01,6.71,6.516,6.3870000000000005,6.663333333333333,保利发展
600048,2026-01-27 00:00:00,2026-01-27,6.66,6.6,6.7,6.54,193873500,1282778736.0,-0.75,-0.05,1.62,6.65,6.593999999999999,6.405500000000001,6.652,保利发展
600048,2026-01-28 00:00:00,2026-01-28,6.66,6.8,6.9,6.64,358121800,2426028483.0,3.03,0.2,2.99,6.6,6.608,6.422499999999999,6.639833333333334,保利发展
600048,2026-01-29 00:00:00,2026-01-29,6.79,7.11,7.2,6.76,438362700,3083283161.0,4.56,0.31,3.66,6.8,6.667999999999999,6.453,6.6315,保利发展
600048,2026-01-30 00:00:00,2026-01-30,7.05,6.81,7.08,6.79,321733700,2216078946.0,-4.22,-0.3,2.69,7.11,6.774000000000001,6.504,6.629833333333333,保利发展
600048,2026-02-02 00:00:00,2026-02-02,6.7,6.63,6.87,6.62,222322400,1497614631.0,-2.64,-0.18,1.86,6.81,6.794,6.539499999999999,6.623666666666666,保利发展
600048,2026-02-03 00:00:00,2026-02-03,6.7,6.8,6.81,6.67,167439400,1130301210.0,2.56,0.17,1.4,6.63,6.790000000000001,6.555,6.6146666666666665,保利发展
600048,2026-02-04 00:00:00,2026-02-04,6.76,7.19,7.22,6.75,397290000,2804791359.0,5.74,0.39,3.32,6.8,6.83,6.571000000000001,6.608333333333333,保利发展
600048,2026-02-05 00:00:00,2026-02-05,7.14,7.17,7.25,7.11,190935000,1369370910.0,-0.28,-0.02,1.6,7.19,6.9079999999999995,6.611,6.607,保利发展
600048,2026-02-06 00:00:00,2026-02-06,7.11,6.98,7.15,6.97,190975700,1343626748.0,-2.65,-0.19,1.6,7.17,6.92,6.640000000000001,6.605,保利发展
600048,2026-02-09 00:00:00,2026-02-09,7.01,7.08,7.29,6.99,233919200,1670548992.0,1.43,0.1,1.95,6.98,6.954000000000001,6.660500000000001,6.600166666666667,保利发展
600048,2026-02-10 00:00:00,2026-02-10,7.06,6.89,7.08,6.88,184071100,1276486361.0,-2.68,-0.19,1.54,7.08,7.044,6.689,6.5968333333333335,保利发展
600048,2026-02-11 00:00:00,2026-02-11,6.87,6.88,6.92,6.82,97494600,670007887.0,-0.15,-0.01,0.81,6.89,7.062,6.710000000000001,6.590833333333333,保利发展
600048,2026-02-12 00:00:00,2026-02-12,6.89,6.81,6.97,6.81,106589700,731489687.0,-1.02,-0.07,0.89,6.88,7.0,6.7395,6.584666666666666,保利发展
600048,2026-02-13 00:00:00,2026-02-13,6.83,6.74,6.85,6.71,114321600,774050918.0,-1.03,-0.07,0.96,6.81,6.928,6.7605,6.580166666666667,保利发展
600048,2026-02-24 00:00:00,2026-02-24,6.75,6.79,6.82,6.71,109356200,741073558.0,0.74,0.05,0.91,6.74,6.88,6.786,6.576666666666667,保利发展
600048,2026-02-25 00:00:00,2026-02-25,6.8,6.96,7.11,6.8,247466000,1730941652.0,2.5,0.17,2.07,6.79,6.822,6.8125,6.572000000000001,保利发展
600048,2026-02-26 00:00:00,2026-02-26,6.93,6.77,6.95,6.74,184826700,1259499353.0,-2.73,-0.19,1.54,6.96,6.836,6.8340000000000005,6.572500000000001,保利发展
600048,2026-02-27 00:00:00,2026-02-27,6.77,6.8,6.82,6.74,87067500,590690176.0,0.44,0.03,0.73,6.77,6.814,6.847499999999999,6.568666666666667,保利发展
600048,2026-03-02 00:00:00,2026-03-02,6.72,6.79,6.9,6.7,151949700,1035661036.0,-0.15,-0.01,1.27,6.8,6.812,6.858499999999999,6.565666666666667,保利发展
600048,2026-03-03 00:00:00,2026-03-03,6.78,6.68,6.84,6.67,144782000,974183649.0,-1.62,-0.11,1.21,6.79,6.822,6.8625,6.564333333333334,保利发展
600048,2026-03-04 00:00:00,2026-03-04,6.66,6.59,6.7,6.52,169397900,1117473790.0,-1.35,-0.09,1.42,6.68,6.8,6.864,6.562833333333334,保利发展
600048,2026-03-05 00:00:00,2026-03-05,6.65,6.57,6.68,6.54,106723100,703471517.0,-0.3,-0.02,0.89,6.59,6.725999999999999,6.8635,6.5600000000000005,保利发展
600377,2025-09-02 00:00:00,2025-09-02,13.54,13.44,13.58,13.43,7937600,107080639.0,-0.59,-0.08,0.21,13.52,,,,宁沪高速
600377,2025-09-03 00:00:00,2025-09-03,13.49,13.36,13.51,13.27,9331600,124514808.0,-0.6,-0.08,0.25,13.44,,,,宁沪高速
600377,2025-09-04 00:00:00,2025-09-04,13.33,13.42,13.44,13.17,9127900,121470308.0,0.45,0.06,0.24,13.36,,,,宁沪高速
600377,2025-09-05 00:00:00,2025-09-05,13.39,13.29,13.4,13.24,6430000,85447123.0,-0.97,-0.13,0.17,13.42,,,,宁沪高速
600377,2025-09-08 00:00:00,2025-09-08,13.28,13.3,13.35,13.24,5863100,77916217.0,0.08,0.01,0.15,13.29,13.406,,,宁沪高速
600377,2025-09-09 00:00:00,2025-09-09,13.3,13.23,13.3,13.18,6771200,89537039.0,-0.53,-0.07,0.18,13.3,13.362,,,宁沪高速
600377,2025-09-10 00:00:00,2025-09-10,13.23,13.18,13.27,13.13,8161100,107841797.0,-0.38,-0.05,0.21,13.23,13.319999999999999,,,宁沪高速
600377,2025-09-11 00:00:00,2025-09-11,13.18,13.14,13.19,12.99,14604200,190852530.0,-0.3,-0.04,0.38,13.18,13.284,,,宁沪高速
600377,2025-09-12 00:00:00,2025-09-12,13.15,13.0,13.23,12.98,13916100,181863198.0,-1.07,-0.14,0.37,13.14,13.228,,,宁沪高速
600377,2025-09-15 00:00:00,2025-09-15,13.0,12.91,13.01,12.88,8631200,111451823.0,-0.69,-0.09,0.23,13.0,13.170000000000002,,,宁沪高速
600377,2025-09-16 00:00:00,2025-09-16,12.91,12.85,12.98,12.81,9430000,121582371.0,-0.46,-0.06,0.25,12.91,13.092000000000002,,,宁沪高速
600377,2025-09-17 00:00:00,2025-09-17,12.83,12.74,12.85,12.72,7200000,91962107.0,-0.86,-0.11,0.19,12.85,13.016,,,宁沪高速
600377,2025-09-18 00:00:00,2025-09-18,12.71,12.56,12.72,12.53,11316700,142505069.0,-1.41,-0.18,0.3,12.74,12.928,,,宁沪高速
600377,2025-09-19 00:00:00,2025-09-19,12.56,12.58,12.63,12.4,11350100,141852332.0,0.16,0.02,0.3,12.56,12.812000000000001,,,宁沪高速
600377,2025-09-22 00:00:00,2025-09-22,12.58,12.5,12.6,12.46,7097300,88844627.0,-0.64,-0.08,0.19,12.58,12.728,,,宁沪高速
600377,2025-09-23 00:00:00,2025-09-23,12.49,12.82,12.84,12.43,16577500,210451536.0,2.56,0.32,0.44,12.5,12.646,,,宁沪高速
600377,2025-09-24 00:00:00,2025-09-24,12.83,12.79,13.0,12.75,13287600,170878431.0,-0.23,-0.03,0.35,12.82,12.64,,,宁沪高速
600377,2025-09-25 00:00:00,2025-09-25,12.75,12.68,12.75,12.5,10125100,127917829.0,-0.86,-0.11,0.27,12.79,12.65,,,宁沪高速
600377,2025-09-26 00:00:00,2025-09-26,12.68,12.76,12.77,12.58,8695100,110195350.0,0.63,0.08,0.23,12.68,12.674000000000001,,,宁沪高速
600377,2025-09-29 00:00:00,2025-09-29,12.76,12.67,12.76,12.58,8268100,104562887.0,-0.71,-0.09,0.22,12.76,12.71,13.003499999999999,,宁沪高速
600377,2025-09-30 00:00:00,2025-09-30,12.66,12.56,12.66,12.56,6265300,78939469.0,-0.87,-0.11,0.16,12.67,12.744,12.960999999999999,,宁沪高速
600377,2025-10-09 00:00:00,2025-10-09,12.56,12.52,12.56,12.39,10499300,130689711.0,-0.32,-0.04,0.28,12.56,12.692,12.916999999999998,,宁沪高速
600377,2025-10-10 00:00:00,2025-10-10,12.5,12.92,12.94,12.49,14234200,181752629.0,3.19,0.4,0.37,12.52,12.638000000000002,12.875,,宁沪高速
600377,2025-10-13 00:00:00,2025-10-13,12.93,13.03,13.04,12.71,11511000,148294314.0,0.85,0.11,0.3,12.92,12.686000000000002,12.85,,宁沪高速
600377,2025-10-14 00:00:00,2025-10-14,13.01,13.41,13.41,12.91,15107400,199460037.0,2.92,0.38,0.4,13.03,12.739999999999998,12.837,,宁沪高速
600377,2025-10-15 00:00:00,2025-10-15,13.39,13.24,13.5,13.21,10632400,141456037.0,-1.27,-0.17,0.28,13.41,12.888,12.842499999999998,,宁沪高速
600377,2025-10-16 00:00:00,2025-10-16,13.2,13.34,13.38,13.2,7611000,101355997.0,0.76,0.1,0.2,13.24,13.024000000000001,12.843,,宁沪高速
600377,2025-10-17 00:00:00,2025-10-17,13.35,13.45,13.61,13.29,11671700,157242511.0,0.82,0.11,0.31,13.34,13.187999999999999,12.850999999999999,,宁沪高速
600377,2025-10-20 00:00:00,2025-10-20,13.46,13.49,13.57,13.23,11752100,157354821.0,0.3,0.04,0.31,13.45,13.294,12.866499999999998,,宁沪高速
600377,2025-10-21 00:00:00,2025-10-21,13.47,13.34,13.54,13.33,7571200,101438395.0,-1.11,-0.15,0.2,13.49,13.386000000000001,12.891,,宁沪高速
600377,2025-10-22 00:00:00,2025-10-22,13.33,13.47,13.51,13.33,7113400,95591932.0,0.97,0.13,0.19,13.34,13.372,12.9125,,宁沪高速
600377,2025-10-23 00:00:00,2025-10-23,13.47,13.43,13.6,13.43,7119100,96299814.0,-0.3,-0.04,0.19,13.47,13.418000000000001,12.9435,,宁沪高速
600377,2025-10-24 00:00:00,2025-10-24,13.43,13.43,13.51,13.32,8431400,113057624.0,0.0,0.0,0.22,13.43,13.436000000000002,12.978,,宁沪高速
600377,2025-10-27 00:00:00,2025-10-27,13.43,13.55,13.58,13.33,11605100,156576248.0,0.89,0.12,0.31,13.43,13.431999999999999,13.0215,,宁沪高速
600377,2025-10-28 00:00:00,2025-10-28,13.56,13.72,13.76,13.5,10849400,148215698.0,1.25,0.17,0.29,13.55,13.443999999999999,13.069999999999999,,宁沪高速
600377,2025-10-29 00:00:00,2025-10-29,13.7,13.68,13.83,13.58,8239400,113061873.0,-0.29,-0.04,0.22,13.72,13.52,13.131,,宁沪高速
600377,2025-10-30 00:00:00,2025-10-30,13.75,13.78,13.82,13.65,7583600,104390886.0,0.73,0.1,0.2,13.68,13.562000000000001,13.174000000000001,,宁沪高速
600377,2025-10-31 00:00:00,2025-10-31,13.8,13.73,13.81,13.54,9122000,124693701.0,-0.36,-0.05,0.24,13.78,13.632,13.223500000000001,,宁沪高速
600377,2025-11-03 00:00:00,2025-11-03,13.74,13.65,13.77,13.61,7774400,106302404.0,-0.58,-0.08,0.2,13.73,13.692000000000002,13.276,,宁沪高速
600377,2025-11-04 00:00:00,2025-11-04,13.69,13.86,13.88,13.57,10449300,144179489.0,1.54,0.21,0.27,13.65,13.712,13.320500000000001,,宁沪高速
600377,2025-11-05 00:00:00,2025-11-05,13.82,13.9,13.96,13.7,10642500,147628405.0,0.29,0.04,0.28,13.86,13.74,13.379999999999999,,宁沪高速
600377,2025-11-06 00:00:00,2025-11-06,13.91,13.86,13.91,13.78,6884700,95302547.0,-0.29,-0.04,0.18,13.9,13.784,13.447,,宁沪高速
600377,2025-11-07 00:00:00,2025-11-07,13.86,13.77,13.94,13.77,5385400,74599640.0,-0.65,-0.09,0.14,13.86,13.8,13.514000000000001,,宁沪高速
600377,2025-11-10 00:00:00,2025-11-10,13.83,13.9,13.91,13.68,7248200,100279599.0,0.94,0.13,0.19,13.77,13.807999999999998,13.5565,,宁沪高速
600377,2025-11-11 00:00:00,2025-11-11,13.86,13.81,13.87,13.78,4935100,68230272.0,-0.65,-0.09,0.13,13.9,13.858,13.6,,宁沪高速
600377,2025-11-12 00:00:00,2025-11-12,13.99,13.81,14.28,13.81,9582000,133452744.0,0.0,0.0,0.25,13.81,13.848000000000003,13.62,,宁沪高速
600377,2025-11-13 00:00:00,2025-11-13,13.83,13.63,13.91,13.58,8991200,123022642.0,-1.3,-0.18,0.24,13.81,13.829999999999998,13.648499999999999,,宁沪高速
600377,2025-11-14 00:00:00,2025-11-14,13.72,13.56,13.74,13.56,5054500,68958718.0,-0.51,-0.07,0.13,13.63,13.784,13.663,,宁沪高速
600377,2025-11-17 00:00:00,2025-11-17,13.56,13.51,13.59,13.39,8848900,119132297.0,-0.37,-0.05,0.23,13.56,13.742,13.6685,,宁沪高速
600377,2025-11-18 00:00:00,2025-11-18,13.52,13.46,13.58,13.42,4747300,64031228.0,-0.37,-0.05,0.12,13.51,13.664000000000001,13.6695,,宁沪高速
600377,2025-11-19 00:00:00,2025-11-19,13.42,13.42,13.53,13.41,5046800,67881036.0,-0.3,-0.04,0.13,13.46,13.594,13.6755,,宁沪高速
600377,2025-11-20 00:00:00,2025-11-20,13.41,13.36,13.45,13.29,6275700,83863950.0,-0.45,-0.06,0.17,13.42,13.516,13.673000000000002,,宁沪高速
600377,2025-11-21 00:00:00,2025-11-21,13.34,13.29,13.53,13.26,8771700,117600520.0,-0.52,-0.07,0.23,13.36,13.462,13.6695,,宁沪高速
600377,2025-11-24 00:00:00,2025-11-24,13.29,13.27,13.44,13.17,6782800,90027173.0,-0.15,-0.02,0.18,13.29,13.408000000000001,13.6625,,宁沪高速
600377,2025-11-25 00:00:00,2025-11-25,13.27,13.17,13.33,13.15,7920100,104537873.0,-0.75,-0.1,0.21,13.27,13.36,13.648499999999999,,宁沪高速
600377,2025-11-26 00:00:00,2025-11-26,13.19,13.05,13.27,12.95,10954800,143486992.0,-0.91,-0.12,0.29,13.17,13.302000000000001,13.621,,宁沪高速
600377,2025-11-27 00:00:00,2025-11-27,13.05,13.17,13.23,13.05,7471500,98171928.0,0.92,0.12,0.2,13.05,13.228,13.589500000000001,,宁沪高速
600377,2025-11-28 00:00:00,2025-11-28,13.17,13.03,13.22,13.02,7020400,91750436.0,-1.06,-0.14,0.18,13.17,13.190000000000001,13.558999999999997,,宁沪高速
600377,2025-12-01 00:00:00,2025-12-01,13.0,12.65,13.05,12.51,26243700,332760853.0,-2.92,-0.38,0.69,13.03,13.138,13.524000000000001,,宁沪高速
600377,2025-12-02 00:00:00,2025-12-02,12.64,12.65,12.75,12.52,19486000,246107093.0,0.0,0.0,0.51,12.65,13.014,13.473999999999998,13.266,宁沪高速
600377,2025-12-03 00:00:00,2025-12-03,12.66,12.73,12.78,12.59,13499600,171457366.0,0.63,0.08,0.36,12.65,12.91,13.413499999999999,13.2515,宁沪高速
600377,2025-12-04 00:00:00,2025-12-04,12.76,12.61,12.76,12.59,9907300,125179189.0,-0.94,-0.12,0.26,12.73,12.846,13.354999999999999,13.239666666666666,宁沪高速
600377,2025-12-05 00:00:00,2025-12-05,12.62,12.45,12.62,12.4,12529100,156297741.0,-1.27,-0.16,0.33,12.61,12.734,13.2925,13.227166666666667,宁沪高速
600377,2025-12-08 00:00:00,2025-12-08,12.45,12.35,12.48,12.31,11126300,137358116.0,-0.8,-0.1,0.29,12.45,12.617999999999999,13.226499999999998,13.211,宁沪高速
600377,2025-12-09 00:00:00,2025-12-09,12.36,12.2,12.39,12.15,12594800,154087629.0,-1.21,-0.15,0.33,12.35,12.558,13.148999999999997,13.195333333333334,宁沪高速
600377,2025-12-10 00:00:00,2025-12-10,12.19,12.19,12.23,12.12,11061700,134632193.0,-0.08,-0.01,0.29,12.2,12.468,13.0685,13.177,宁沪高速
600377,2025-12-11 00:00:00,2025-12-11,12.21,12.12,12.3,12.05,23142600,281321168.0,-0.57,-0.07,0.61,12.19,12.36,12.9875,13.159666666666668,宁沪高速
600377,2025-12-12 00:00:00,2025-12-12,12.12,12.07,12.13,12.01,32876500,396849844.0,-0.41,-0.05,0.86,12.12,12.262,12.912,13.142,宁沪高速
600377,2025-12-15 00:00:00,2025-12-15,12.07,12.24,12.24,11.95,17409600,211032863.0,1.41,0.17,0.46,12.07,12.186,12.8375,13.124166666666667,宁沪高速
600377,2025-12-16 00:00:00,2025-12-16,12.27,12.21,12.37,12.17,13417800,164852993.0,-0.25,-0.03,0.35,12.24,12.163999999999998,12.774,13.111500000000001,宁沪高速
600377,2025-12-17 00:00:00,2025-12-17,12.21,12.09,12.22,12.06,9766900,118293832.0,-0.98,-0.12,0.26,12.21,12.166,12.7115,13.099833333333333,宁沪高速
600377,2025-12-18 00:00:00,2025-12-18,12.09,12.34,12.37,12.08,11209200,137309834.0,2.07,0.25,0.29,12.09,12.146,12.645,13.087166666666667,宁沪高速
600377,2025-12-19 00:00:00,2025-12-19,12.35,12.16,12.36,12.12,15102800,184205328.0,-1.46,-0.18,0.4,12.34,12.190000000000001,12.594,13.0805,宁沪高速
600377,2025-12-22 00:00:00,2025-12-22,12.15,12.06,12.17,12.04,10168700,122842163.0,-0.82,-0.1,0.27,12.16,12.208,12.5375,13.073833333333333,宁沪高速
600377,2025-12-23 00:00:00,2025-12-23,12.06,12.0,12.08,11.97,7886600,94681863.0,-0.5,-0.06,0.21,12.06,12.172,12.477,13.065166666666666,宁沪高速
600377,2025-12-24 00:00:00,2025-12-24,12.0,12.03,12.03,11.93,7911900,94786225.0,0.25,0.03,0.21,12.0,12.13,12.4185,13.056833333333334,宁沪高速
600377,2025-12-25 00:00:00,2025-12-25,12.02,12.14,12.18,12.01,9661700,116976582.0,0.91,0.11,0.25,12.03,12.118,12.3675,13.043666666666667,宁沪高速
600377,2025-12-26 00:00:00,2025-12-26,12.16,12.11,12.18,12.04,7366700,89154126.0,-0.25,-0.03,0.19,12.14,12.078,12.315999999999999,13.032833333333334,宁沪高速
600377,2025-12-29 00:00:00,2025-12-29,12.11,12.15,12.35,12.11,11789100,144249628.0,0.33,0.04,0.31,12.11,12.068000000000001,12.27,13.023333333333335,宁沪高速
600377,2025-12-30 00:00:00,2025-12-30,12.13,12.05,12.15,12.02,8026800,96730983.0,-0.82,-0.1,0.21,12.15,12.086,12.245,13.013166666666667,宁沪高速
600377,2025-12-31 00:00:00,2025-12-31,12.05,12.11,12.14,12.03,6610800,79940523.0,0.5,0.06,0.17,12.05,12.096,12.215,13.002833333333333,宁沪高速
600377,2026-01-05 00:00:00,2026-01-05,12.08,12.01,12.09,11.94,12324100,147750444.0,-0.83,-0.1,0.32,12.11,12.112,12.184000000000001,12.995333333333333,宁沪高速
600377,2026-01-06 00:00:00,2026-01-06,12.01,11.96,12.02,11.92,12428800,148668537.0,-0.42,-0.05,0.33,12.01,12.086000000000002,12.154,12.986833333333331,宁沪高速
600377,2026-01-07 00:00:00,2026-01-07,11.96,11.82,11.96,11.82,14558000,172776392.0,-1.17,-0.14,0.38,11.96,12.056000000000001,12.1295,12.970833333333333,宁沪高速
600377,2026-01-08 00:00:00,2026-01-08,11.82,11.7,11.85,11.67,15340700,179886497.0,-1.02,-0.12,0.4,11.82,11.99,12.103,12.950666666666667,宁沪高速
600377,2026-01-09 00:00:00,2026-01-09,11.68,11.71,11.72,11.62,11216600,130824426.0,0.09,0.01,0.3,11.7,11.92,12.078,12.922166666666667,宁沪高速
600377,2026-01-12 00:00:00,2026-01-12,11.7,11.87,11.94,11.68,15432000,182491225.0,1.37,0.16,0.41,11.71,11.84,12.054,12.896666666666668,宁沪高速
600377,2026-01-13 00:00:00,2026-01-13,11.87,11.83,11.91,11.78,9880000,117055309.0,-0.34,-0.04,0.26,11.87,11.812,12.041500000000001,12.872166666666667,宁沪高速
600377,2026-01-14 00:00:00,2026-01-14,11.83,11.7,11.83,11.68,9548800,112235692.0,-1.1,-0.13,0.25,11.83,11.785999999999998,12.0295,12.845166666666666,宁沪高速
600377,2026-01-15 00:00:00,2026-01-15,11.71,11.58,11.77,11.58,9083200,105847557.0,-1.03,-0.12,0.24,11.7,11.762,12.002500000000001,12.815333333333333,宁沪高速
600377,2026-01-16 00:00:00,2026-01-16,11.6,11.5,11.63,11.48,9320400,107482587.0,-0.69,-0.08,0.25,11.58,11.738,11.971,12.786000000000001,宁沪高速
600377,2026-01-19 00:00:00,2026-01-19,11.51,11.6,11.62,11.47,7689000,88828359.0,0.87,0.1,0.2,11.5,11.696,11.9415,12.753166666666667,宁沪高速
600377,2026-01-20 00:00:00,2026-01-20,11.59,11.83,11.83,11.55,13625100,160274527.0,1.98,0.23,0.36,11.6,11.642,11.904499999999999,12.722666666666665,宁沪高速
600377,2026-01-21 00:00:00,2026-01-21,11.83,11.66,11.83,11.65,8837800,103335160.0,-1.44,-0.17,0.23,11.83,11.642,11.888,12.696,宁沪高速
600377,2026-01-22 00:00:00,2026-01-22,11.7,11.75,11.78,11.62,7503000,87948978.0,0.77,0.09,0.2,11.66,11.634,11.867999999999999,12.6645,宁沪高速
600377,2026-01-23 00:00:00,2026-01-23,11.75,11.74,11.81,11.71,8285300,97355468.0,-0.09,-0.01,0.22,11.75,11.668000000000001,11.8555,12.631666666666666,宁沪高速
600377,2026-01-26 00:00:00,2026-01-26,11.75,11.94,12.0,11.67,16633800,197561692.0,1.7,0.2,0.44,11.74,11.716,11.841,12.599333333333332,宁沪高速
600377,2026-01-27 00:00:00,2026-01-27,11.94,11.96,12.03,11.91,12993300,155634993.0,0.17,0.02,0.34,11.94,11.784,11.831,12.568666666666667,宁沪高速
600377,2026-01-28 00:00:00,2026-01-28,11.98,12.1,12.29,11.92,19926500,242460394.0,1.17,0.14,0.52,11.96,11.81,11.8235,12.539166666666665,宁沪高速
600377,2026-01-29 00:00:00,2026-01-29,12.12,12.26,12.28,12.12,13661400,166752258.0,1.32,0.16,0.36,12.1,11.898,11.821000000000002,12.513333333333332,宁沪高速
600377,2026-01-30 00:00:00,2026-01-30,12.3,12.03,12.46,12.03,19495900,238396844.0,-1.88,-0.23,0.51,12.26,12.0,11.8315,12.486666666666666,宁沪高速
600377,2026-02-02 00:00:00,2026-02-02,12.08,12.09,12.33,12.02,18989800,231308574.0,0.5,0.06,0.5,12.03,12.058000000000002,11.827499999999999,12.4555,宁沪高速
600377,2026-02-03 00:00:00,2026-02-03,12.14,12.05,12.17,11.97,10091500,121495871.0,-0.33,-0.04,0.27,12.09,12.088,11.8315,12.425999999999998,宁沪高速
600377,2026-02-04 00:00:00,2026-02-04,12.05,12.17,12.23,12.02,8638900,105082580.0,1.0,0.12,0.23,12.05,12.106,11.836,12.397333333333334,宁沪高速
600377,2026-02-05 00:00:00,2026-02-05,12.2,12.24,12.3,12.17,7794100,95485021.0,0.58,0.07,0.2,12.17,12.120000000000001,11.8535,12.368500000000001,宁沪高速
600377,2026-02-06 00:00:00,2026-02-06,12.24,12.11,12.29,12.1,7660400,93221911.0,-1.06,-0.13,0.2,12.24,12.116,11.880500000000001,12.342333333333332,宁沪高速
600377,2026-02-09 00:00:00,2026-02-09,12.16,12.13,12.19,12.04,7923900,95907947.0,0.17,0.02,0.21,12.11,12.132,11.9005,12.314,宁沪高速
600377,2026-02-10 00:00:00,2026-02-10,12.12,12.23,12.25,12.06,9017000,109860459.0,0.82,0.1,0.24,12.13,12.14,11.913499999999999,12.289,宁沪高速
600377,2026-02-11 00:00:00,2026-02-11,12.3,12.34,12.36,12.2,8211800,101055152.0,0.9,0.11,0.22,12.23,12.176,11.9335,12.266833333333333,宁沪高速
600377,2026-02-12 00:00:00,2026-02-12,12.36,12.12,12.37,12.11,9063900,110671840.0,-1.78,-0.22,0.24,12.34,12.21,11.9655,12.247333333333332,宁沪高速
600377,2026-02-13 00:00:00,2026-02-13,12.15,12.0,12.19,12.0,7132500,86116688.0,-0.99,-0.12,0.19,12.12,12.186,11.992500000000001,12.225,宁沪高速
600377,2026-02-24 00:00:00,2026-02-24,12.08,12.02,12.08,12.0,6259300,75325499.0,0.17,0.02,0.16,12.0,12.164,12.017500000000002,12.201333333333332,宁沪高速
600377,2026-02-25 00:00:00,2026-02-25,12.02,11.95,12.08,11.94,8896200,106874889.0,-0.58,-0.07,0.23,12.02,12.142,12.038499999999999,12.179,宁沪高速
600377,2026-02-26 00:00:00,2026-02-26,11.95,11.95,12.04,11.91,5600300,66957015.0,0.0,0.0,0.15,11.95,12.086,12.0445,12.156666666666666,宁沪高速
600377,2026-02-27 00:00:00,2026-02-27,11.95,12.0,12.06,11.95,8059300,96890666.0,0.42,0.05,0.21,11.95,12.008,12.059000000000001,12.134666666666668,宁沪高速
600377,2026-03-02 00:00:00,2026-03-02,11.98,12.07,12.1,11.88,10232100,122941370.0,0.58,0.07,0.27,12.0,11.984,12.0715,12.115166666666669,宁沪高速
600377,2026-03-03 00:00:00,2026-03-03,12.07,12.2,12.28,12.03,13532200,164822243.0,1.08,0.13,0.36,12.07,11.998,12.088,12.098833333333333,宁沪高速
600377,2026-03-04 00:00:00,2026-03-04,12.2,11.93,12.2,11.86,13566700,162399724.0,-2.21,-0.27,0.36,12.2,12.034,12.100999999999999,12.082666666666666,宁沪高速
600377,2026-03-05 00:00:00,2026-03-05,11.92,12.03,12.07,11.88,8478100,101465774.0,0.84,0.1,0.22,11.93,12.03,12.099499999999999,12.064333333333334,宁沪高速
600406,2025-09-02 00:00:00,2025-09-02,21.46,21.54,21.63,21.36,58573200,1268001026.0,0.42,0.09,0.73,21.45,,,,国电南瑞
600406,2025-09-03 00:00:00,2025-09-03,21.54,21.23,21.58,21.1,86208400,1845119330.0,-1.44,-0.31,1.08,21.54,,,,国电南瑞
600406,2025-09-04 00:00:00,2025-09-04,21.06,21.15,21.32,20.93,86808800,1844481113.0,-0.38,-0.08,1.09,21.23,,,,国电南瑞
600406,2025-09-05 00:00:00,2025-09-05,20.97,21.28,21.33,20.97,50548600,1079282727.0,0.61,0.13,0.63,21.15,,,,国电南瑞
600406,2025-09-08 00:00:00,2025-09-08,21.34,22.1,22.13,21.29,127980200,2811950588.0,3.85,0.82,1.6,21.28,21.330000000000002,,,国电南瑞
600406,2025-09-09 00:00:00,2025-09-09,22.07,22.07,22.15,21.9,74595600,1654277312.0,-0.14,-0.03,0.93,22.1,21.46,,,国电南瑞
600406,2025-09-10 00:00:00,2025-09-10,22.08,22.06,22.13,21.85,59004500,1308765527.0,-0.05,-0.01,0.74,22.07,21.566000000000003,,,国电南瑞
600406,2025-09-11 00:00:00,2025-09-11,22.06,22.26,22.29,22.0,83342900,1862139041.0,0.91,0.2,1.04,22.06,21.732,,,国电南瑞
600406,2025-09-12 00:00:00,2025-09-12,22.24,22.09,22.3,22.07,45229500,1009619171.0,-0.76,-0.17,0.57,22.26,21.954,,,国电南瑞
600406,2025-09-15 00:00:00,2025-09-15,22.1,22.29,22.5,22.1,59217700,1332051125.0,0.91,0.2,0.74,22.09,22.116000000000003,,,国电南瑞
600406,2025-09-16 00:00:00,2025-09-16,22.28,22.02,22.29,21.86,43563500,966408371.0,-1.21,-0.27,0.54,22.29,22.154,,,国电南瑞
600406,2025-09-17 00:00:00,2025-09-17,21.99,22.27,22.29,21.99,48720600,1087159206.0,1.14,0.25,0.61,22.02,22.144,,,国电南瑞
600406,2025-09-18 00:00:00,2025-09-18,22.3,22.14,22.44,22.06,57267200,1281085735.0,-0.58,-0.13,0.72,22.27,22.186,,,国电南瑞
600406,2025-09-19 00:00:00,2025-09-19,22.14,22.15,22.4,21.96,80855400,1805409087.0,0.05,0.01,1.01,22.14,22.162,,,国电南瑞
600406,2025-09-22 00:00:00,2025-09-22,22.16,22.17,22.38,22.06,41307500,922839287.0,0.09,0.02,0.52,22.15,22.174,,,国电南瑞
600406,2025-09-23 00:00:00,2025-09-23,22.23,22.17,22.38,21.9,59085600,1316536931.0,0.0,0.0,0.74,22.17,22.15,,,国电南瑞
600406,2025-09-24 00:00:00,2025-09-24,22.14,22.08,22.14,21.92,39012100,864832157.0,-0.41,-0.09,0.49,22.17,22.18,,,国电南瑞
600406,2025-09-25 00:00:00,2025-09-25,22.07,22.45,22.5,22.01,72307700,1621879628.0,1.68,0.37,0.9,22.08,22.142,,,国电南瑞
600406,2025-09-26 00:00:00,2025-09-26,22.54,22.69,22.99,22.43,83239900,1900149753.0,1.07,0.24,1.04,22.45,22.204,,,国电南瑞
600406,2025-09-29 00:00:00,2025-09-29,22.69,22.54,22.75,22.24,64610200,1460339378.0,-0.66,-0.15,0.81,22.69,22.312,21.983,,国电南瑞
600406,2025-09-30 00:00:00,2025-09-30,22.6,22.96,23.1,22.52,83077700,1902578394.0,1.86,0.42,1.04,22.54,22.386000000000003,22.0375,,国电南瑞
600406,2025-10-09 00:00:00,2025-10-09,23.3,23.38,23.48,23.0,96825100,2257455372.0,1.83,0.42,1.21,22.96,22.544,22.1085,,国电南瑞
600406,2025-10-10 00:00:00,2025-10-10,23.38,23.53,23.84,23.23,85036600,2004891300.0,0.64,0.15,1.06,23.38,22.804000000000002,22.216,,国电南瑞
600406,2025-10-13 00:00:00,2025-10-13,23.02,23.49,23.57,22.98,71407000,1666926750.0,-0.17,-0.04,0.89,23.53,23.02,22.335,,国电南瑞
600406,2025-10-14 00:00:00,2025-10-14,23.6,23.53,23.98,23.34,78108600,1845740715.0,0.17,0.04,0.98,23.49,23.18,22.445500000000003,,国电南瑞
600406,2025-10-15 00:00:00,2025-10-15,23.44,23.69,23.74,23.18,62613400,1468495133.0,0.68,0.16,0.78,23.53,23.378,22.517,,国电南瑞
600406,2025-10-16 00:00:00,2025-10-16,24.04,23.9,24.14,23.57,85709400,2048078443.0,0.89,0.21,1.07,23.69,23.524,22.598000000000003,,国电南瑞
600406,2025-10-17 00:00:00,2025-10-17,23.73,23.01,23.83,23.0,73649700,1713302152.0,-3.72,-0.89,0.92,23.9,23.628000000000004,22.69,,国电南瑞
600406,2025-10-20 00:00:00,2025-10-20,23.2,23.13,23.43,22.97,41156500,953301043.0,0.52,0.12,0.51,23.01,23.524,22.7275,,国电南瑞
600406,2025-10-21 00:00:00,2025-10-21,23.15,23.46,23.6,23.0,45150200,1056948167.0,1.43,0.33,0.56,23.13,23.451999999999998,22.7795,,国电南瑞
600406,2025-10-22 00:00:00,2025-10-22,23.45,23.01,23.45,22.98,37396500,863145775.0,-1.92,-0.45,0.47,23.46,23.438,22.838,,国电南瑞
600406,2025-10-23 00:00:00,2025-10-23,22.9,23.01,23.05,22.62,38768400,884006233.0,0.0,0.0,0.48,23.01,23.302,22.8875,,国电南瑞
600406,2025-10-24 00:00:00,2025-10-24,23.08,23.12,23.3,23.03,28661900,663179848.0,0.48,0.11,0.36,23.01,23.124000000000002,22.924500000000002,,国电南瑞
600406,2025-10-27 00:00:00,2025-10-27,23.25,23.55,23.73,23.25,45677700,1074986124.0,1.86,0.43,0.57,23.12,23.146,22.9735,,国电南瑞
600406,2025-10-28 00:00:00,2025-10-28,23.46,23.52,23.63,23.35,38867400,912859581.0,-0.13,-0.03,0.49,23.55,23.23,23.0435,,国电南瑞
600406,2025-10-29 00:00:00,2025-10-29,23.52,24.93,24.99,23.46,110219800,2692088821.0,5.99,1.41,1.38,23.52,23.242,23.111,,国电南瑞
600406,2025-10-30 00:00:00,2025-10-30,24.98,24.34,25.0,24.2,67206100,1650427542.0,-2.37,-0.59,0.84,24.93,23.625999999999998,23.249000000000002,,国电南瑞
600406,2025-10-31 00:00:00,2025-10-31,24.42,24.23,25.06,24.19,68446700,1677645158.0,-0.45,-0.11,0.86,24.34,23.892000000000003,23.362000000000002,,国电南瑞
600406,2025-11-03 00:00:00,2025-11-03,24.27,24.48,24.51,23.92,55738600,1355415033.0,1.03,0.25,0.7,24.23,24.114,23.451,,国电南瑞
600406,2025-11-04 00:00:00,2025-11-04,24.53,24.17,24.99,24.14,54852500,1345687193.0,-1.27,-0.31,0.69,24.48,24.3,23.5405,,国电南瑞
600406,2025-11-05 00:00:00,2025-11-05,23.97,24.73,25.15,23.76,110071100,2706770337.0,2.32,0.56,1.38,24.17,24.43,23.622,,国电南瑞
600406,2025-11-06 00:00:00,2025-11-06,24.94,25.35,25.85,24.94,136198300,3468929913.0,2.51,0.62,1.7,24.73,24.39,23.7105,,国电南瑞
600406,2025-11-07 00:00:00,2025-11-07,25.29,25.15,25.86,25.0,87010400,2203254917.0,-0.79,-0.2,1.09,25.35,24.592000000000002,23.809,,国电南瑞
600406,2025-11-10 00:00:00,2025-11-10,25.41,25.05,25.47,24.88,62149000,1557246783.0,-0.4,-0.1,0.78,25.15,24.776,23.89,,国电南瑞
600406,2025-11-11 00:00:00,2025-11-11,25.33,25.01,25.56,24.9,60145600,1510714487.0,-0.16,-0.04,0.75,25.05,24.890000000000004,23.968,,国电南瑞
600406,2025-11-12 00:00:00,2025-11-12,24.94,24.1,24.97,23.86,76979200,1866554078.0,-3.64,-0.91,0.96,25.01,25.058,24.042,,国电南瑞
600406,2025-11-13 00:00:00,2025-11-13,24.03,24.4,24.45,23.88,50120200,1213227355.0,1.24,0.3,0.63,24.1,24.932000000000002,24.0625,,国电南瑞
600406,2025-11-14 00:00:00,2025-11-14,24.28,23.8,24.28,23.78,46433900,1112167747.0,-2.46,-0.6,0.58,24.4,24.741999999999997,24.0875,,国电南瑞
600406,2025-11-17 00:00:00,2025-11-17,23.77,23.69,23.85,23.41,39658100,935440832.0,-0.46,-0.11,0.5,23.8,24.472,24.127000000000002,,国电南瑞
600406,2025-11-18 00:00:00,2025-11-18,23.69,23.27,23.69,23.15,34607600,808313853.0,-1.77,-0.42,0.43,23.69,24.2,24.155,,国电南瑞
600406,2025-11-19 00:00:00,2025-11-19,23.24,23.08,23.37,23.01,31241700,723164908.0,-0.82,-0.19,0.39,23.27,23.852,24.1455,,国电南瑞
600406,2025-11-20 00:00:00,2025-11-20,23.12,22.79,23.26,22.75,40070800,920159964.0,-1.26,-0.29,0.5,23.08,23.648,24.149,,国电南瑞
600406,2025-11-21 00:00:00,2025-11-21,22.61,22.24,22.74,22.23,49603700,1110836003.0,-2.41,-0.55,0.62,22.79,23.326,24.137999999999998,,国电南瑞
600406,2025-11-24 00:00:00,2025-11-24,22.47,22.15,22.53,22.1,41141000,913896482.0,-0.4,-0.09,0.51,22.24,23.014,24.094,,国电南瑞
600406,2025-11-25 00:00:00,2025-11-25,22.24,22.19,22.42,22.16,46199700,1028727233.0,0.18,0.04,0.58,22.15,22.705999999999996,24.023999999999997,,国电南瑞
600406,2025-11-26 00:00:00,2025-11-26,22.16,22.12,22.25,22.03,33435400,740070613.0,-0.32,-0.07,0.42,22.19,22.49,23.9575,,国电南瑞
600406,2025-11-27 00:00:00,2025-11-27,22.14,22.09,22.27,22.06,34180900,757864235.0,-0.14,-0.03,0.43,22.12,22.298,23.817,,国电南瑞
600406,2025-11-28 00:00:00,2025-11-28,22.08,22.16,22.24,21.98,37395000,827509291.0,0.32,0.07,0.47,22.09,22.157999999999998,23.704500000000003,,国电南瑞
600406,2025-12-01 00:00:00,2025-12-01,22.27,22.37,22.44,22.24,40263400,898834576.0,0.95,0.21,0.5,22.16,22.142,23.601,,国电南瑞
600406,2025-12-02 00:00:00,2025-12-02,22.37,22.32,22.42,22.22,27910700,622976247.0,-0.22,-0.05,0.35,22.37,22.186,23.4955,23.006333333333334,国电南瑞
600406,2025-12-03 00:00:00,2025-12-03,22.33,22.28,22.36,22.13,30419000,677055592.0,-0.18,-0.04,0.38,22.32,22.212,23.403,23.020833333333332,国电南瑞
600406,2025-12-04 00:00:00,2025-12-04,22.29,22.41,22.57,22.25,33601300,753199060.0,0.58,0.13,0.42,22.28,22.244,23.2805,23.033166666666666,国电南瑞
600406,2025-12-05 00:00:00,2025-12-05,22.42,22.7,22.74,22.3,44919600,1012312462.0,1.29,0.29,0.56,22.41,22.308,23.133499999999998,23.052833333333336,国电南瑞
600406,2025-12-08 00:00:00,2025-12-08,22.75,22.73,22.94,22.67,36703800,835458405.0,0.13,0.03,0.46,22.7,22.416000000000004,23.011000000000003,23.078666666666667,国电南瑞
600406,2025-12-09 00:00:00,2025-12-09,22.73,22.47,22.73,22.43,28398100,640690959.0,-1.14,-0.26,0.36,22.73,22.488,22.895,23.10283333333333,国电南瑞
600406,2025-12-10 00:00:00,2025-12-10,22.45,22.62,22.64,22.33,23588200,530870067.0,0.67,0.15,0.29,22.47,22.518,22.768,23.108999999999998,国电南瑞
600406,2025-12-11 00:00:00,2025-12-11,22.61,22.72,23.13,22.6,39102100,893004239.0,0.44,0.1,0.49,22.62,22.586000000000002,22.694,23.11816666666667,国电南瑞
600406,2025-12-12 00:00:00,2025-12-12,22.72,23.22,23.3,22.67,55757000,1286353023.0,2.2,0.5,0.7,22.72,22.648,22.61,23.129166666666666,国电南瑞
600406,2025-12-15 00:00:00,2025-12-15,23.3,23.02,23.47,23.0,44761200,1038363991.0,-0.86,-0.2,0.56,23.22,22.752,22.581,23.145166666666665,国电南瑞
600406,2025-12-16 00:00:00,2025-12-16,22.95,22.84,23.02,22.68,33891300,772893814.0,-0.78,-0.18,0.42,23.02,22.81,22.5475,23.160666666666668,国电南瑞
600406,2025-12-17 00:00:00,2025-12-17,22.73,23.06,23.1,22.68,33492300,766950525.0,0.96,0.22,0.42,22.84,22.884,22.526,23.169833333333333,国电南瑞
600406,2025-12-18 00:00:00,2025-12-18,22.92,22.9,22.99,22.8,23192700,530613294.0,-0.69,-0.16,0.29,23.06,22.972,22.525,23.187166666666666,国电南瑞
600406,2025-12-19 00:00:00,2025-12-19,22.9,22.84,23.1,22.82,31517800,722139271.0,-0.26,-0.06,0.39,22.9,23.008,22.5305,23.19766666666667,国电南瑞
600406,2025-12-22 00:00:00,2025-12-22,22.75,22.96,23.03,22.75,28974100,664069081.0,0.53,0.12,0.36,22.84,22.932,22.560499999999998,23.209333333333333,国电南瑞
600406,2025-12-23 00:00:00,2025-12-23,22.96,23.0,23.05,22.73,29177600,668226451.0,0.17,0.04,0.36,22.96,22.919999999999998,22.601000000000003,23.222833333333334,国电南瑞
600406,2025-12-24 00:00:00,2025-12-24,22.95,23.05,23.14,22.75,27087900,622920109.0,0.22,0.05,0.34,23.0,22.951999999999998,22.6415,23.236666666666668,国电南瑞
600406,2025-12-25 00:00:00,2025-12-25,23.02,22.95,23.09,22.89,22576000,518456350.0,-0.43,-0.1,0.28,23.05,22.95,22.688,23.25133333333333,国电南瑞
600406,2025-12-26 00:00:00,2025-12-26,22.93,22.77,23.01,22.71,33808600,773219424.0,-0.78,-0.18,0.42,22.95,22.96,22.731,23.265833333333333,国电南瑞
600406,2025-12-29 00:00:00,2025-12-29,22.8,22.74,22.97,22.68,41589400,947654065.0,-0.13,-0.03,0.52,22.77,22.946,22.7615,23.271166666666666,国电南瑞
600406,2025-12-30 00:00:00,2025-12-30,22.65,22.58,22.82,22.54,30706000,694867761.0,-0.7,-0.16,0.38,22.74,22.902,22.78,23.272,国电南瑞
600406,2025-12-31 00:00:00,2025-12-31,22.6,22.48,22.62,22.41,24595400,553094798.0,-0.44,-0.1,0.31,22.58,22.817999999999998,22.793,23.272666666666666,国电南瑞
600406,2026-01-05 00:00:00,2026-01-05,22.58,23.15,23.26,22.58,62243800,1436637573.0,2.98,0.67,0.78,22.48,22.704,22.803,23.264666666666663,国电南瑞
600406,2026-01-06 00:00:00,2026-01-06,23.23,23.46,23.5,23.05,44219800,1030873189.0,1.34,0.31,0.55,23.15,22.743999999999996,22.84,23.260833333333334,国电南瑞
600406,2026-01-07 00:00:00,2026-01-07,23.5,23.48,23.85,23.38,46092100,1087947629.0,0.09,0.02,0.58,23.46,22.881999999999998,22.877999999999997,23.259666666666668,国电南瑞
600406,2026-01-08 00:00:00,2026-01-08,23.48,23.61,23.85,23.33,37476700,885408663.0,0.55,0.13,0.47,23.48,23.03,22.9155,23.259500000000003,国电南瑞
600406,2026-01-09 00:00:00,2026-01-09,23.59,23.68,23.93,23.52,41159600,977943789.0,0.3,0.07,0.51,23.61,23.236,22.9725,23.260833333333334,国电南瑞
600406,2026-01-12 00:00:00,2026-01-12,23.73,23.75,23.94,23.56,66025700,1567364141.0,0.3,0.07,0.83,23.68,23.476,23.0255,23.26066666666667,国电南瑞
600406,2026-01-13 00:00:00,2026-01-13,23.8,24.4,24.84,23.36,155628600,3758050082.0,2.74,0.65,1.95,23.75,23.596,23.077,23.258166666666668,国电南瑞
600406,2026-01-14 00:00:00,2026-01-14,24.41,23.72,24.47,23.55,136116200,3273623024.0,-2.79,-0.68,1.7,24.4,23.784,23.136,23.281333333333333,国电南瑞
600406,2026-01-15 00:00:00,2026-01-15,23.68,23.8,24.18,23.58,92155300,2198829020.0,0.34,0.08,1.15,23.72,23.832,23.171,23.291166666666665,国电南瑞
600406,2026-01-16 00:00:00,2026-01-16,25.65,24.4,25.79,24.24,301809600,7560255375.0,2.52,0.6,3.77,23.8,23.869999999999997,23.219,23.296833333333332,国电南瑞
600406,2026-01-19 00:00:00,2026-01-19,24.88,26.2,26.84,24.87,334501700,8758631985.0,7.38,1.8,4.18,24.4,24.014,23.286,23.32,国电南瑞
600406,2026-01-20 00:00:00,2026-01-20,26.4,26.25,26.9,25.92,311547600,8218468531.0,0.19,0.05,3.89,26.2,24.503999999999998,23.451,23.37316666666667,国电南瑞
600406,2026-01-21 00:00:00,2026-01-21,26.15,25.64,26.37,25.51,187548700,4840949125.0,-2.32,-0.61,2.34,26.25,24.874000000000002,23.6215,23.425333333333334,国电南瑞
600406,2026-01-22 00:00:00,2026-01-22,25.85,25.3,26.17,25.13,123221700,3137254347.0,-1.33,-0.34,1.54,25.64,25.258000000000003,23.755499999999998,23.460166666666666,国电南瑞
600406,2026-01-23 00:00:00,2026-01-23,25.31,25.42,25.76,25.21,131939100,3355651123.0,0.47,0.12,1.65,25.3,25.558,23.8705,23.489833333333333,国电南瑞
600406,2026-01-26 00:00:00,2026-01-26,25.55,25.83,26.35,25.55,160321100,4167459031.0,1.61,0.41,2.0,25.42,25.762,23.989,23.497999999999998,国电南瑞
600406,2026-01-27 00:00:00,2026-01-27,25.73,25.38,25.8,25.22,111649500,2841656175.0,-1.74,-0.45,1.39,25.83,25.688,24.133,23.522833333333335,国电南瑞
600406,2026-01-28 00:00:00,2026-01-28,25.47,25.51,26.03,25.41,114191200,2933980802.0,0.51,0.13,1.43,25.38,25.514,24.2635,23.541999999999998,国电南瑞
600406,2026-01-29 00:00:00,2026-01-29,25.45,25.12,25.53,24.83,115005600,2884766338.0,-1.53,-0.39,1.44,25.51,25.488,24.401999999999997,23.559166666666666,国电南瑞
600406,2026-01-30 00:00:00,2026-01-30,25.01,25.2,25.33,24.55,96133700,2404527306.0,0.32,0.08,1.2,25.12,25.452,24.529,23.575,国电南瑞
600406,2026-02-02 00:00:00,2026-02-02,25.5,25.48,26.09,25.31,144938000,3721454490.0,1.11,0.28,1.81,25.2,25.408,24.665,23.58283333333333,国电南瑞
600406,2026-02-03 00:00:00,2026-02-03,25.63,25.94,25.96,25.28,100586800,2582580092.0,1.81,0.46,1.26,25.48,25.338,24.7815,23.584999999999997,国电南瑞
600406,2026-02-04 00:00:00,2026-02-04,25.8,25.87,26.17,25.56,66344200,1712708002.0,-0.27,-0.07,0.83,25.94,25.450000000000003,24.9055,23.598166666666664,国电南瑞
600406,2026-02-05 00:00:00,2026-02-05,25.67,25.24,25.82,25.08,75494600,1908208855.0,-2.44,-0.63,0.94,25.87,25.522000000000002,25.025,23.611833333333333,国电南瑞
600406,2026-02-06 00:00:00,2026-02-06,25.09,25.21,25.4,24.91,52461200,1323831568.0,-0.12,-0.03,0.66,25.24,25.546,25.1065,23.615666666666662,国电南瑞
600406,2026-02-09 00:00:00,2026-02-09,25.42,25.57,25.64,25.17,63339400,1608758907.0,1.43,0.36,0.79,25.21,25.548,25.183,23.634166666666665,国电南瑞
600406,2026-02-10 00:00:00,2026-02-10,25.57,25.75,25.8,25.3,61421600,1573982229.0,0.7,0.18,0.77,25.57,25.566,25.273999999999997,23.653666666666666,国电南瑞
600406,2026-02-11 00:00:00,2026-02-11,25.74,25.78,26.05,25.6,57443000,1481437507.0,0.12,0.03,0.72,25.75,25.528,25.3415,23.68616666666667,国电南瑞
600406,2026-02-12 00:00:00,2026-02-12,26.18,26.5,26.76,25.63,131948100,3468528228.0,2.79,0.72,1.65,25.78,25.51,25.444499999999998,23.721,国电南瑞
600406,2026-02-13 00:00:00,2026-02-13,26.37,26.13,26.37,25.83,69567100,1817573640.0,-1.4,-0.37,0.87,26.5,25.762,25.579500000000003,23.774833333333333,国电南瑞
600406,2026-02-24 00:00:00,2026-02-24,26.38,26.86,27.06,26.32,87747700,2352838368.0,2.79,0.73,1.1,26.13,25.946000000000005,25.665999999999997,23.825666666666667,国电南瑞
600406,2026-02-25 00:00:00,2026-02-25,26.88,26.98,27.4,26.67,103040800,2773777492.0,0.45,0.12,1.29,26.86,26.203999999999997,25.699,23.893500000000003,国电南瑞
600406,2026-02-26 00:00:00,2026-02-26,26.97,27.44,27.65,26.72,88491600,2420809165.0,1.7,0.46,1.11,26.98,26.45,25.735500000000002,23.972500000000004,国电南瑞
600406,2026-02-27 00:00:00,2026-02-27,27.24,27.3,27.54,27.03,68883900,1878364527.0,-0.51,-0.14,0.86,27.44,26.782,25.825499999999998,24.060666666666666,国电南瑞
600406,2026-03-02 00:00:00,2026-03-02,27.04,28.33,28.68,27.01,143387700,4047190663.0,3.77,1.03,1.79,27.3,26.942,25.9255,24.145833333333332,国电南瑞
600406,2026-03-03 00:00:00,2026-03-03,28.35,27.7,28.53,27.5,114398700,3187273580.0,-2.22,-0.63,1.43,28.33,27.381999999999998,26.070999999999998,24.249333333333333,国电南瑞
600406,2026-03-04 00:00:00,2026-03-04,27.19,28.6,28.9,27.13,131448900,3736162325.0,3.25,0.9,1.64,27.7,27.55,26.164499999999997,24.342833333333335,国电南瑞
600406,2026-03-05 00:00:00,2026-03-05,28.95,29.51,29.96,28.73,178972200,5253818099.0,3.18,0.91,2.23,28.6,27.874000000000002,26.325499999999998,24.450166666666668,国电南瑞
600415,2025-09-02 00:00:00,2025-09-02,22.33,20.85,22.33,20.58,89664000,1897411115.0,-7.29,-1.64,1.64,22.49,,,,小商品城
600415,2025-09-03 00:00:00,2025-09-03,20.85,20.14,20.85,19.92,62621900,1267895285.0,-3.41,-0.71,1.14,20.85,,,,小商品城
600415,2025-09-04 00:00:00,2025-09-04,20.1,19.99,20.67,19.62,67842000,1362095485.0,-0.74,-0.15,1.24,20.14,,,,小商品城
600415,2025-09-05 00:00:00,2025-09-05,20.0,20.2,20.25,19.7,51622900,1033620854.0,1.05,0.21,0.94,19.99,,,,小商品城
600415,2025-09-08 00:00:00,2025-09-08,20.21,19.87,20.65,19.78,52818100,1061794920.0,-1.63,-0.33,0.96,20.2,20.734,,,小商品城
600415,2025-09-09 00:00:00,2025-09-09,19.7,19.61,20.18,19.55,42797400,846251148.0,-1.31,-0.26,0.78,19.87,20.21,,,小商品城
600415,2025-09-10 00:00:00,2025-09-10,19.52,19.4,19.73,19.32,45242700,882504510.0,-1.07,-0.21,0.83,19.61,19.962,,,小商品城
600415,2025-09-11 00:00:00,2025-09-11,19.4,20.16,20.3,19.27,60684300,1208761759.0,3.92,0.76,1.11,19.4,19.814,,,小商品城
600415,2025-09-12 00:00:00,2025-09-12,20.0,19.76,20.1,19.58,56167200,1112221226.0,-1.98,-0.4,1.02,20.16,19.848,,,小商品城
600415,2025-09-15 00:00:00,2025-09-15,19.71,19.86,20.1,19.62,48902400,971181101.0,0.51,0.1,0.89,19.76,19.759999999999998,,,小商品城
600415,2025-09-16 00:00:00,2025-09-16,20.03,19.81,20.11,19.66,48068500,954992778.0,-0.25,-0.05,0.88,19.86,19.758000000000003,,,小商品城
600415,2025-09-17 00:00:00,2025-09-17,19.7,19.65,19.8,19.41,53872400,1055574252.0,-0.81,-0.16,0.98,19.81,19.798000000000002,,,小商品城
600415,2025-09-18 00:00:00,2025-09-18,19.69,19.19,19.85,19.03,80010100,1554961009.0,-2.34,-0.46,1.46,19.65,19.848,,,小商品城
600415,2025-09-19 00:00:00,2025-09-19,19.19,19.64,19.93,19.01,62623300,1226957462.0,2.34,0.45,1.14,19.19,19.654000000000003,,,小商品城
600415,2025-09-22 00:00:00,2025-09-22,19.61,19.4,19.61,18.68,52986700,1011978472.0,-1.22,-0.24,0.97,19.64,19.630000000000003,,,小商品城
600415,2025-09-23 00:00:00,2025-09-23,19.34,18.27,19.55,18.0,98507800,1829536580.0,-5.82,-1.13,1.8,19.4,19.538,,,小商品城
600415,2025-09-24 00:00:00,2025-09-24,18.26,18.96,19.06,18.2,60123800,1132702101.0,3.78,0.69,1.1,18.27,19.229999999999997,,,小商品城
600415,2025-09-25 00:00:00,2025-09-25,18.95,18.49,18.95,18.46,56941700,1059657527.0,-2.48,-0.47,1.04,18.96,19.092000000000002,,,小商品城
600415,2025-09-26 00:00:00,2025-09-26,18.48,18.57,18.86,18.43,43942700,820708422.0,0.43,0.08,0.8,18.49,18.952,,,小商品城
600415,2025-09-29 00:00:00,2025-09-29,18.35,18.88,19.09,18.02,62963700,1163907067.0,1.67,0.31,1.15,18.57,18.738,19.7155,,小商品城
600415,2025-09-30 00:00:00,2025-09-30,18.87,18.55,18.96,18.4,49880600,925425403.0,-1.75,-0.33,0.91,18.88,18.634,19.535,,小商品城
600415,2025-10-09 00:00:00,2025-10-09,18.0,18.22,18.5,17.99,68741300,1250598930.0,-1.78,-0.33,1.25,18.55,18.69,19.42,,小商品城
600415,2025-10-10 00:00:00,2025-10-10,18.4,18.12,18.5,18.06,49284500,901022258.0,-0.55,-0.1,0.9,18.22,18.541999999999998,19.323999999999998,,小商品城
600415,2025-10-13 00:00:00,2025-10-13,17.6,18.37,18.49,17.3,53337600,964247370.0,1.38,0.25,0.97,18.12,18.468,19.2305,,小商品城
600415,2025-10-14 00:00:00,2025-10-14,18.6,19.04,19.18,18.5,102946700,1947864162.0,3.65,0.67,1.88,18.37,18.428000000000004,19.139,,小商品城
600415,2025-10-15 00:00:00,2025-10-15,19.8,19.61,20.12,19.33,161587400,3188785795.0,2.99,0.57,2.95,19.04,18.46,19.0975,,小商品城
600415,2025-10-16 00:00:00,2025-10-16,19.4,19.92,20.31,19.32,114046700,2269657873.0,1.58,0.31,2.08,19.61,18.672,19.097500000000004,,小商品城
600415,2025-10-17 00:00:00,2025-10-17,19.98,19.18,20.12,19.1,74808900,1462179724.0,-3.71,-0.74,1.36,19.92,19.012,19.1235,,小商品城
600415,2025-10-20 00:00:00,2025-10-20,19.2,19.27,19.77,19.04,55581600,1076111553.0,0.47,0.09,1.01,19.18,19.224,19.0745,,小商品城
600415,2025-10-21 00:00:00,2025-10-21,19.2,18.84,19.27,18.73,58770900,1110886984.0,-2.23,-0.43,1.07,19.27,19.404,19.05,,小商品城
600415,2025-10-22 00:00:00,2025-10-22,18.8,18.66,19.05,18.5,47772400,895201960.0,-0.96,-0.18,0.87,18.84,19.363999999999997,18.999000000000002,,小商品城
600415,2025-10-23 00:00:00,2025-10-23,18.55,18.42,18.6,18.15,40996900,750291198.0,-1.29,-0.24,0.75,18.66,19.174,18.941499999999998,,小商品城
600415,2025-10-24 00:00:00,2025-10-24,18.42,18.3,18.5,18.19,33794400,618468054.0,-0.65,-0.12,0.62,18.42,18.874000000000002,18.88,,小商品城
600415,2025-10-27 00:00:00,2025-10-27,18.44,18.38,18.59,18.02,68866500,1260834404.0,0.44,0.08,1.26,18.3,18.698,18.8355,,小商品城
600415,2025-10-28 00:00:00,2025-10-28,18.36,18.26,18.48,18.18,45446500,833344591.0,-0.65,-0.12,0.83,18.38,18.52,18.7725,,小商品城
600415,2025-10-29 00:00:00,2025-10-29,18.26,18.38,18.44,18.06,41082800,749289371.0,0.66,0.12,0.75,18.26,18.404,18.7155,,小商品城
600415,2025-10-30 00:00:00,2025-10-30,18.35,17.86,18.35,17.81,55555900,999449762.0,-2.83,-0.52,1.01,18.38,18.348,18.720999999999997,,小商品城
600415,2025-10-31 00:00:00,2025-10-31,18.05,18.43,18.47,17.98,60774300,1110336925.0,3.19,0.57,1.11,17.86,18.235999999999997,18.666,,小商品城
600415,2025-11-03 00:00:00,2025-11-03,18.43,18.1,18.45,17.87,45861300,827384597.0,-1.79,-0.33,0.84,18.43,18.262,18.663,,小商品城
600415,2025-11-04 00:00:00,2025-11-04,18.01,17.45,18.03,17.36,60143600,1059401710.0,-3.59,-0.65,1.1,18.1,18.206,18.6395,,小商品城
600415,2025-11-05 00:00:00,2025-11-05,17.38,17.66,17.88,17.25,41080700,727019351.0,1.2,0.21,0.75,17.45,18.044,18.568,,小商品城
600415,2025-11-06 00:00:00,2025-11-06,17.57,17.6,17.72,17.35,35702400,624842440.0,-0.34,-0.06,0.65,17.66,17.9,18.5235,,小商品城
600415,2025-11-07 00:00:00,2025-11-07,17.53,17.61,17.8,17.45,26307500,463939750.0,0.06,0.01,0.48,17.6,17.848000000000003,18.4925,,小商品城
600415,2025-11-10 00:00:00,2025-11-10,17.4,16.49,17.4,16.23,131500600,2173690625.0,-6.36,-1.12,2.4,17.61,17.684,18.467000000000002,,小商品城
600415,2025-11-11 00:00:00,2025-11-11,16.52,16.44,16.7,16.3,56596300,932174571.0,-0.3,-0.05,1.03,16.49,17.362000000000002,18.373,,小商品城
600415,2025-11-12 00:00:00,2025-11-12,16.43,16.33,16.55,16.17,35318700,577292377.0,-0.67,-0.11,0.64,16.44,17.16,18.243000000000002,,小商品城
600415,2025-11-13 00:00:00,2025-11-13,16.28,16.63,16.64,16.18,43364700,714451087.0,1.84,0.3,0.79,16.33,16.894,18.079,,小商品城
600415,2025-11-14 00:00:00,2025-11-14,16.53,16.48,16.87,16.47,33993400,565571400.0,-0.9,-0.15,0.62,16.63,16.7,17.9145,,小商品城
600415,2025-11-17 00:00:00,2025-11-17,16.42,16.62,16.78,16.35,32303200,537377977.0,0.85,0.14,0.59,16.48,16.473999999999997,17.779500000000002,,小商品城
600415,2025-11-18 00:00:00,2025-11-18,16.5,16.39,16.58,16.2,32738900,535364279.0,-1.38,-0.23,0.6,16.62,16.5,17.647000000000002,,小商品城
600415,2025-11-19 00:00:00,2025-11-19,16.32,15.95,16.45,15.81,54613300,874914586.0,-2.68,-0.44,1.0,16.39,16.490000000000002,17.5245,,小商品城
600415,2025-11-20 00:00:00,2025-11-20,16.05,15.79,16.08,15.72,39035200,620036853.0,-1.0,-0.16,0.71,15.95,16.414,17.389000000000003,,小商品城
600415,2025-11-21 00:00:00,2025-11-21,15.61,15.72,15.95,15.58,38208400,603736106.0,-0.44,-0.07,0.7,15.79,16.246,17.2575,,小商品城
600415,2025-11-24 00:00:00,2025-11-24,15.75,16.0,16.06,15.7,40015400,637748760.0,1.78,0.28,0.73,15.72,16.094,17.1285,,小商品城
600415,2025-11-25 00:00:00,2025-11-25,16.02,16.03,16.25,15.93,31957200,514759869.0,0.19,0.03,0.58,16.0,15.969999999999999,17.0095,,小商品城
600415,2025-11-26 00:00:00,2025-11-26,16.01,16.14,16.23,16.0,25811700,416053788.0,0.69,0.11,0.47,16.03,15.898000000000001,16.898000000000003,,小商品城
600415,2025-11-27 00:00:00,2025-11-27,16.22,15.91,16.3,15.9,30270500,485902336.0,-1.43,-0.23,0.55,16.14,15.936000000000002,16.786,,小商品城
600415,2025-11-28 00:00:00,2025-11-28,15.87,16.46,16.49,15.86,51840500,844754556.0,3.46,0.55,0.95,15.91,15.960000000000003,16.688499999999998,,小商品城
600415,2025-12-01 00:00:00,2025-12-01,16.41,16.2,16.41,16.07,43310100,700247936.0,-1.58,-0.26,0.79,16.46,16.108,16.59,,小商品城
600415,2025-12-02 00:00:00,2025-12-02,16.15,16.26,16.38,16.11,27907000,454057608.0,0.37,0.06,0.51,16.2,16.148,16.494999999999997,18.283333333333335,小商品城
600415,2025-12-03 00:00:00,2025-12-03,16.2,16.14,16.31,16.08,24653800,398668491.0,-0.74,-0.12,0.45,16.26,16.194000000000003,16.435499999999998,18.1795,小商品城
600415,2025-12-04 00:00:00,2025-12-04,16.22,16.15,16.27,15.95,21451900,345711111.0,0.06,0.01,0.39,16.14,16.194000000000003,16.3595,18.101000000000003,小商品城
600415,2025-12-05 00:00:00,2025-12-05,16.19,16.36,16.39,16.06,33545100,545305228.0,1.3,0.21,0.61,16.15,16.241999999999997,16.287,18.034499999999998,小商品城
600415,2025-12-08 00:00:00,2025-12-08,16.42,16.39,16.68,16.36,31375900,518160379.0,0.18,0.03,0.57,16.36,16.222,16.2245,17.974,小商品城
600415,2025-12-09 00:00:00,2025-12-09,16.41,16.26,16.45,16.17,29656900,482909911.0,-0.79,-0.13,0.54,16.39,16.259999999999998,16.2195,17.9105,小商品城
600415,2025-12-10 00:00:00,2025-12-10,16.21,16.43,16.48,16.16,34172400,558319014.0,1.05,0.17,0.62,16.26,16.259999999999998,16.2105,17.85033333333333,小商品城
600415,2025-12-11 00:00:00,2025-12-11,16.42,16.24,16.5,16.18,30440800,496122761.0,-1.16,-0.19,0.56,16.43,16.318,16.2155,17.79733333333333,小商品城
600415,2025-12-12 00:00:00,2025-12-12,16.25,16.25,16.29,15.94,40854300,658780828.0,0.06,0.01,0.75,16.24,16.336000000000002,16.196,17.744666666666667,小商品城
600415,2025-12-15 00:00:00,2025-12-15,16.2,16.17,16.52,16.14,36080800,588510422.0,-0.49,-0.08,0.66,16.25,16.314,16.1845,17.6795,小商品城
600415,2025-12-16 00:00:00,2025-12-16,16.16,16.11,16.37,15.97,39395600,635509477.0,-0.37,-0.06,0.72,16.17,16.270000000000003,16.162,17.619666666666667,小商品城
600415,2025-12-17 00:00:00,2025-12-17,16.16,16.36,16.48,15.95,51343000,833621381.0,1.55,0.25,0.94,16.11,16.240000000000002,16.148,17.557166666666667,小商品城
600415,2025-12-18 00:00:00,2025-12-18,16.28,16.26,16.47,16.12,35050400,571205742.0,-0.61,-0.1,0.64,16.36,16.226000000000003,16.1685,17.499666666666663,小商品城
600415,2025-12-19 00:00:00,2025-12-19,16.24,16.64,16.76,16.04,69055800,1140142332.0,2.34,0.38,1.26,16.26,16.23,16.192,17.44316666666667,小商品城
600415,2025-12-22 00:00:00,2025-12-22,16.65,16.58,16.69,16.25,63793600,1050380606.0,-0.36,-0.06,1.16,16.64,16.308,16.238,17.400666666666666,小商品城
600415,2025-12-23 00:00:00,2025-12-23,16.6,16.53,16.7,16.26,51279500,844549673.0,-0.3,-0.05,0.94,16.58,16.389999999999997,16.267000000000003,17.349666666666668,小商品城
600415,2025-12-24 00:00:00,2025-12-24,16.41,16.53,16.66,16.36,31458700,519969153.0,0.0,0.0,0.57,16.53,16.474,16.291999999999998,17.301833333333335,小商品城
600415,2025-12-25 00:00:00,2025-12-25,16.5,16.41,16.65,16.37,38001900,625431843.0,-0.73,-0.12,0.69,16.53,16.508,16.311500000000002,17.272833333333335,小商品城
600415,2025-12-26 00:00:00,2025-12-26,16.37,15.8,16.53,15.78,92662600,1486303108.0,-3.72,-0.61,1.69,16.41,16.538000000000004,16.3365,17.23033333333333,小商品城
600415,2025-12-29 00:00:00,2025-12-29,16.09,16.29,16.83,15.95,103536200,1696461576.0,3.1,0.49,1.89,15.8,16.37,16.3035,17.1855,小商品城
600415,2025-12-30 00:00:00,2025-12-30,16.23,15.87,16.3,15.78,65570600,1044692749.0,-2.58,-0.42,1.2,16.29,16.312,16.308,17.1475,小商品城
600415,2025-12-31 00:00:00,2025-12-31,15.85,15.95,16.1,15.8,45422200,724053709.0,0.5,0.08,0.83,15.87,16.18,16.288500000000003,17.097333333333335,小商品城
600415,2026-01-05 00:00:00,2026-01-05,15.95,16.39,16.5,15.79,95322700,1555278915.0,2.76,0.44,1.74,15.95,16.064,16.279000000000003,17.054,小商品城
600415,2026-01-06 00:00:00,2026-01-06,16.35,16.51,16.76,16.28,60402400,995992637.0,0.73,0.12,1.1,16.39,16.06,16.291,17.0235,小商品城
600415,2026-01-07 00:00:00,2026-01-07,16.4,16.18,16.46,16.12,55233800,897578748.0,-2.0,-0.33,1.01,16.51,16.202,16.298499999999997,16.996666666666666,小商品城
600415,2026-01-08 00:00:00,2026-01-08,16.1,16.19,16.25,15.96,45161000,726418680.0,0.06,0.01,0.82,16.18,16.18,16.288,16.960166666666666,小商品城
600415,2026-01-09 00:00:00,2026-01-09,16.11,16.48,16.62,16.07,68690900,1129934133.0,1.79,0.29,1.25,16.19,16.244,16.2845,16.912666666666667,小商品城
600415,2026-01-12 00:00:00,2026-01-12,16.52,16.55,16.85,16.23,104238800,1712767859.0,0.42,0.07,1.9,16.48,16.35,16.287,16.8605,小商品城
600415,2026-01-13 00:00:00,2026-01-13,16.8,17.53,18.21,16.8,271501100,4781204067.0,5.92,0.98,4.95,16.55,16.381999999999998,16.302500000000002,16.804333333333332,小商品城
600415,2026-01-14 00:00:00,2026-01-14,17.74,17.98,19.01,17.66,288924200,5284137850.0,2.57,0.45,5.27,17.53,16.586000000000002,16.3665,16.776833333333332,小商品城
600415,2026-01-15 00:00:00,2026-01-15,17.9,17.6,18.3,17.43,131428900,2325214135.0,-2.11,-0.38,2.4,17.98,16.946,16.457,16.755333333333333,小商品城
600415,2026-01-16 00:00:00,2026-01-16,17.77,17.39,17.85,17.03,118182200,2056466104.0,-1.19,-0.21,2.16,17.6,17.228,16.5315,16.734666666666666,小商品城
600415,2026-01-19 00:00:00,2026-01-19,17.43,17.2,17.74,17.15,83415800,1445734224.0,-1.09,-0.19,1.52,17.39,17.410000000000004,16.583000000000002,16.7135,小商品城
600415,2026-01-20 00:00:00,2026-01-20,17.2,16.86,17.25,16.7,86955200,1472429588.0,-1.98,-0.34,1.59,17.2,17.54,16.630000000000003,16.693166666666666,小商品城
600415,2026-01-21 00:00:00,2026-01-21,16.88,16.75,16.97,16.7,76412400,1283475954.0,-0.65,-0.11,1.39,16.86,17.406,16.641000000000002,16.669166666666666,小商品城
600415,2026-01-22 00:00:00,2026-01-22,16.85,17.25,17.68,16.82,138111100,2390252202.0,2.99,0.5,2.52,16.75,17.160000000000004,16.6495,16.642,小商品城
600415,2026-01-23 00:00:00,2026-01-23,17.28,17.08,17.28,17.0,87656300,1496864467.0,-0.99,-0.17,1.6,17.25,17.089999999999996,16.6855,16.625166666666665,小商品城
600415,2026-01-26 00:00:00,2026-01-26,17.1,16.68,17.18,16.65,83544200,1401993752.0,-2.34,-0.4,1.52,17.08,17.028,16.713,16.6035,小商品城
600415,2026-01-27 00:00:00,2026-01-27,16.75,16.76,16.91,16.46,60642900,1012444169.0,0.48,0.08,1.11,16.68,16.924,16.7265,16.583833333333335,小商品城
600415,2026-01-28 00:00:00,2026-01-28,16.8,16.6,16.95,16.56,60993600,1019757824.0,-0.95,-0.16,1.11,16.76,16.904,16.7745,16.556,小商品城
600415,2026-01-29 00:00:00,2026-01-29,16.61,16.92,16.99,16.3,80570200,1352667945.0,1.93,0.32,1.47,16.6,16.874000000000002,16.79,16.531,小商品城
600415,2026-01-30 00:00:00,2026-01-30,16.7,16.09,16.84,16.08,85072500,1394422291.0,-4.91,-0.83,1.55,16.92,16.808,16.842499999999998,16.522166666666667,小商品城
600415,2026-02-02 00:00:00,2026-02-02,16.09,15.8,16.4,15.78,73114600,1174109682.0,-1.8,-0.29,1.33,16.09,16.610000000000003,16.8495,16.496,小商品城
600415,2026-02-03 00:00:00,2026-02-03,15.93,15.36,15.97,15.01,143995600,2205046047.0,-2.78,-0.44,2.63,15.8,16.434,16.82,16.466,小商品城
600415,2026-02-04 00:00:00,2026-02-04,15.25,15.36,15.6,15.1,75173800,1152587436.0,0.0,0.0,1.37,15.36,16.154,16.7625,16.4285,小商品城
600415,2026-02-05 00:00:00,2026-02-05,15.36,15.44,15.49,15.28,62237400,958085165.0,0.52,0.08,1.13,15.36,15.906,16.7215,16.409666666666666,小商品城
600415,2026-02-06 00:00:00,2026-02-06,15.36,15.28,15.43,14.95,75010300,1140885092.0,-1.04,-0.16,1.37,15.44,15.61,16.684,16.393,小商品城
600415,2026-02-09 00:00:00,2026-02-09,15.37,15.28,15.44,15.16,66212600,1010755177.0,0.0,0.0,1.21,15.28,15.447999999999999,16.624000000000002,16.375500000000002,小商品城
600415,2026-02-10 00:00:00,2026-02-10,15.33,15.26,15.35,15.11,55733900,847381591.0,-0.13,-0.02,1.02,15.28,15.344,16.560499999999998,16.353,小商品城
600415,2026-02-11 00:00:00,2026-02-11,15.24,15.19,15.27,15.13,45900100,696886038.0,-0.46,-0.07,0.84,15.26,15.324000000000002,16.447,16.332666666666668,小商品城
600415,2026-02-12 00:00:00,2026-02-12,15.19,15.0,15.2,14.92,61400900,920903363.0,-1.25,-0.19,1.12,15.19,15.290000000000001,16.307499999999997,16.308833333333336,小商品城
600415,2026-02-13 00:00:00,2026-02-13,15.0,15.09,15.45,14.99,79496100,1208698627.0,0.6,0.09,1.45,15.0,15.201999999999998,16.177500000000002,16.285666666666668,小商品城
600415,2026-02-24 00:00:00,2026-02-24,15.29,15.02,15.29,14.97,53108400,800034993.0,-0.46,-0.07,0.97,15.09,15.163999999999998,16.0625,16.271333333333335,小商品城
600415,2026-02-25 00:00:00,2026-02-25,15.02,15.01,15.16,14.96,45579300,686105551.0,-0.07,-0.01,0.83,15.02,15.112,15.9535,16.2585,小商品城
600415,2026-02-26 00:00:00,2026-02-26,15.01,14.7,15.01,14.64,73787200,1087250875.0,-2.07,-0.31,1.35,15.01,15.062000000000001,15.860999999999999,16.246666666666666,小商品城
600415,2026-02-27 00:00:00,2026-02-27,14.67,14.86,14.93,14.63,47189700,700997540.0,1.09,0.16,0.86,14.7,14.963999999999999,15.758499999999998,16.225,小商品城
600415,2026-03-02 00:00:00,2026-03-02,14.5,14.42,14.66,14.3,73037600,1055111955.0,-2.96,-0.44,1.33,14.86,14.935999999999998,15.639,16.2055,小商品城
600415,2026-03-03 00:00:00,2026-03-03,14.4,14.09,14.64,14.03,72160000,1029683497.0,-2.29,-0.33,1.32,14.42,14.802000000000001,15.506,16.176833333333335,小商品城
600415,2026-03-04 00:00:00,2026-03-04,13.95,13.83,14.11,13.74,58098800,806524318.0,-1.85,-0.26,1.06,14.09,14.616,15.376499999999998,16.1465,小商品城
600415,2026-03-05 00:00:00,2026-03-05,14.08,14.16,14.32,14.01,54710000,774799858.0,2.39,0.33,1.0,13.83,14.38,15.23,16.102666666666668,小商品城
600803,2025-09-02 00:00:00,2025-09-02,18.54,18.53,18.73,18.49,8153000,153133433.0,-0.27,-0.05,0.27,18.58,,,,新奥股份
600803,2025-09-03 00:00:00,2025-09-03,18.57,18.21,18.59,18.1,10757600,198010979.0,-1.73,-0.32,0.35,18.53,,,,新奥股份
600803,2025-09-04 00:00:00,2025-09-04,18.12,17.99,18.15,17.87,7369700,133843314.0,-1.21,-0.22,0.24,18.21,,,,新奥股份
600803,2025-09-05 00:00:00,2025-09-05,18.0,17.95,18.03,17.74,7879900,142367725.0,-0.22,-0.04,0.26,17.99,,,,新奥股份
600803,2025-09-08 00:00:00,2025-09-08,17.98,18.41,18.6,17.87,12109500,223919612.0,2.56,0.46,0.39,17.95,18.252,,,新奥股份
600803,2025-09-09 00:00:00,2025-09-09,18.32,18.81,18.83,18.31,12124700,228009168.0,2.17,0.4,0.39,18.41,18.218,,,新奥股份
600803,2025-09-10 00:00:00,2025-09-10,18.72,18.74,18.92,18.67,9817500,186656951.0,-0.37,-0.07,0.32,18.81,18.274,,,新奥股份
600803,2025-09-11 00:00:00,2025-09-11,18.79,18.78,18.94,18.68,7572400,143767904.0,0.21,0.04,0.25,18.74,18.38,,,新奥股份
600803,2025-09-12 00:00:00,2025-09-12,18.86,18.95,19.14,18.78,9006700,172498528.0,0.91,0.17,0.29,18.78,18.538,,,新奥股份
600803,2025-09-15 00:00:00,2025-09-15,18.95,18.8,19.04,18.77,5689800,108644495.0,-0.79,-0.15,0.18,18.95,18.738,,,新奥股份
600803,2025-09-16 00:00:00,2025-09-16,18.84,18.7,19.0,18.56,5067000,95534315.0,-0.53,-0.1,0.16,18.8,18.816,,,新奥股份
600803,2025-09-17 00:00:00,2025-09-17,18.7,18.33,18.77,18.29,8037100,149876714.0,-1.98,-0.37,0.26,18.7,18.794,,,新奥股份
600803,2025-09-18 00:00:00,2025-09-18,18.34,17.98,18.37,17.88,9160500,167122924.0,-1.91,-0.35,0.3,18.33,18.712,,,新奥股份
600803,2025-09-19 00:00:00,2025-09-19,17.95,18.14,18.17,17.75,8420300,152968151.0,0.89,0.16,0.27,17.98,18.552,,,新奥股份
600803,2025-09-22 00:00:00,2025-09-22,18.05,17.93,18.06,17.8,7392800,133604004.0,-1.16,-0.21,0.24,18.14,18.39,,,新奥股份
600803,2025-09-23 00:00:00,2025-09-23,17.93,18.01,18.05,17.8,6203400,112192946.0,0.45,0.08,0.2,17.93,18.216,,,新奥股份
600803,2025-09-24 00:00:00,2025-09-24,18.01,18.07,18.28,17.94,7097700,129692719.0,0.33,0.06,0.23,18.01,18.077999999999996,,,新奥股份
600803,2025-09-25 00:00:00,2025-09-25,18.13,17.91,18.14,17.88,6483600,117439022.0,-0.89,-0.16,0.21,18.07,18.026000000000003,,,新奥股份
600803,2025-09-26 00:00:00,2025-09-26,17.92,17.97,18.03,17.74,4666000,84556845.0,0.34,0.06,0.15,17.91,18.012,,,新奥股份
600803,2025-09-29 00:00:00,2025-09-29,17.98,17.91,17.98,17.77,7788400,140206913.0,-0.33,-0.06,0.25,17.97,17.978,18.3395,,新奥股份
600803,2025-09-30 00:00:00,2025-09-30,17.9,17.8,17.9,17.76,6117200,110080758.0,-0.61,-0.11,0.2,17.91,17.974,18.306,,新奥股份
600803,2025-10-09 00:00:00,2025-10-09,17.79,18.25,18.25,17.78,11356700,207578563.0,2.53,0.45,0.37,17.8,17.932000000000002,18.2695,,新奥股份
600803,2025-10-10 00:00:00,2025-10-10,18.19,18.55,18.73,18.18,14741000,275984628.0,1.64,0.3,0.48,18.25,17.968,18.2715,,新奥股份
600803,2025-10-13 00:00:00,2025-10-13,18.4,18.33,18.44,18.06,9583400,176694441.0,-1.19,-0.22,0.31,18.55,18.096,18.299500000000002,,新奥股份
600803,2025-10-14 00:00:00,2025-10-14,18.33,18.38,18.54,18.17,11268500,209317006.0,0.27,0.05,0.37,18.33,18.168,18.3185,,新奥股份
600803,2025-10-15 00:00:00,2025-10-15,18.38,18.48,18.5,18.24,7286600,135389996.0,0.54,0.1,0.24,18.38,18.262,18.317,,新奥股份
600803,2025-10-16 00:00:00,2025-10-16,18.46,18.55,18.56,18.36,5746000,106058637.0,0.38,0.07,0.19,18.48,18.398,18.3005,,新奥股份
600803,2025-10-17 00:00:00,2025-10-17,18.5,18.42,18.62,18.38,5627700,103949856.0,-0.7,-0.13,0.18,18.55,18.458,18.291000000000004,,新奥股份
600803,2025-10-20 00:00:00,2025-10-20,18.42,18.53,18.54,18.06,7400700,135583428.0,0.6,0.11,0.24,18.42,18.432,18.273,,新奥股份
600803,2025-10-21 00:00:00,2025-10-21,18.53,18.44,18.6,18.36,5570500,102718939.0,-0.49,-0.09,0.18,18.53,18.472,18.252000000000002,,新奥股份
600803,2025-10-22 00:00:00,2025-10-22,18.44,18.37,18.53,18.32,4789600,88096964.0,-0.38,-0.07,0.16,18.44,18.484,18.234,,新奥股份
600803,2025-10-23 00:00:00,2025-10-23,18.37,18.51,18.54,18.31,7828500,144616516.0,0.76,0.14,0.25,18.37,18.462,18.2175,,新奥股份
600803,2025-10-24 00:00:00,2025-10-24,18.48,18.47,18.5,18.35,6802100,125348429.0,-0.22,-0.04,0.22,18.51,18.454,18.2265,,新奥股份
600803,2025-10-27 00:00:00,2025-10-27,18.48,18.42,18.59,18.35,7775200,143511062.0,-0.27,-0.05,0.25,18.47,18.464000000000002,18.250999999999998,,新奥股份
600803,2025-10-28 00:00:00,2025-10-28,18.45,18.37,18.5,18.28,6847800,125651913.0,-0.27,-0.05,0.22,18.42,18.442,18.265,,新奥股份
600803,2025-10-29 00:00:00,2025-10-29,18.33,19.15,19.15,18.25,23415100,438800214.0,4.25,0.78,0.76,18.37,18.428000000000004,18.287,,新奥股份
600803,2025-10-30 00:00:00,2025-10-30,19.15,19.25,19.3,18.8,16791200,320481467.0,0.52,0.1,0.55,19.15,18.584,18.344,,新奥股份
600803,2025-10-31 00:00:00,2025-10-31,19.0,19.52,19.6,18.97,17826100,345744545.0,1.4,0.27,0.58,19.25,18.732,18.403000000000002,,新奥股份
600803,2025-11-03 00:00:00,2025-11-03,19.48,19.88,20.0,19.32,17367500,343595184.0,1.84,0.36,0.56,19.52,18.942,18.4835,,新奥股份
600803,2025-11-04 00:00:00,2025-11-04,19.87,19.87,19.98,19.69,11612200,230211463.0,-0.05,-0.01,0.38,19.88,19.234,18.579,,新奥股份
600803,2025-11-05 00:00:00,2025-11-05,19.82,19.91,20.09,19.5,12050500,239396839.0,0.2,0.04,0.39,19.87,19.534,18.677,,新奥股份
600803,2025-11-06 00:00:00,2025-11-06,19.92,20.0,20.27,19.82,13762400,275664147.0,0.45,0.09,0.45,19.91,19.686,18.7825,,新奥股份
600803,2025-11-07 00:00:00,2025-11-07,19.98,20.1,20.33,19.97,7850000,158455688.0,0.5,0.1,0.26,20.0,19.836000000000002,18.869999999999997,,新奥股份
600803,2025-11-10 00:00:00,2025-11-10,20.17,20.09,20.25,19.99,10430700,209579419.0,-0.05,-0.01,0.34,20.1,19.951999999999998,18.947499999999998,,新奥股份
600803,2025-11-11 00:00:00,2025-11-11,20.1,20.37,20.48,20.02,7613700,154621839.0,1.39,0.28,0.25,20.09,19.994,19.035500000000003,,新奥股份
600803,2025-11-12 00:00:00,2025-11-12,20.42,20.46,20.68,20.31,13768400,282156366.0,0.44,0.09,0.45,20.37,20.094,19.134999999999998,,新奥股份
600803,2025-11-13 00:00:00,2025-11-13,20.38,20.29,20.53,20.11,11710400,237881977.0,-0.83,-0.17,0.38,20.46,20.204,19.234,,新奥股份
600803,2025-11-14 00:00:00,2025-11-14,20.36,20.37,20.56,20.15,8993800,183502091.0,0.39,0.08,0.29,20.29,20.262,19.320999999999998,,新奥股份
600803,2025-11-17 00:00:00,2025-11-17,20.37,20.29,20.4,20.15,7809200,158121718.0,-0.39,-0.08,0.25,20.37,20.316000000000003,19.4185,,新奥股份
600803,2025-11-18 00:00:00,2025-11-18,20.38,20.49,20.68,20.13,9698400,198231028.0,0.99,0.2,0.32,20.29,20.356,19.5065,,新奥股份
600803,2025-11-19 00:00:00,2025-11-19,20.45,20.71,20.91,20.3,10553200,217955894.0,1.07,0.22,0.34,20.49,20.38,19.609,,新奥股份
600803,2025-11-20 00:00:00,2025-11-20,20.84,20.85,21.04,20.58,9008200,187716262.0,0.68,0.14,0.29,20.71,20.43,19.726,,新奥股份
600803,2025-11-21 00:00:00,2025-11-21,20.85,20.3,21.3,20.11,32787100,676901312.0,-2.64,-0.55,1.07,20.85,20.541999999999998,19.843,,新奥股份
600803,2025-11-24 00:00:00,2025-11-24,20.39,20.32,20.77,20.04,23632100,479484258.0,0.1,0.02,0.77,20.3,20.528000000000002,19.9345,,新奥股份
600803,2025-11-25 00:00:00,2025-11-25,20.36,20.77,20.87,20.23,12335800,255238618.0,2.21,0.45,0.4,20.32,20.534,20.029500000000002,,新奥股份
600803,2025-11-26 00:00:00,2025-11-26,20.76,20.99,21.32,20.69,11251400,236759867.0,1.06,0.22,0.37,20.77,20.59,20.1495,,新奥股份
600803,2025-11-27 00:00:00,2025-11-27,20.93,21.26,21.4,20.82,14657600,311201028.0,1.29,0.27,0.48,20.99,20.645999999999997,20.2415,,新奥股份
600803,2025-11-28 00:00:00,2025-11-28,21.39,21.3,21.59,21.13,11663800,249155418.0,0.19,0.04,0.38,21.26,20.728,20.342,,新奥股份
600803,2025-12-01 00:00:00,2025-12-01,21.79,21.97,22.29,21.51,17336700,381162410.0,3.15,0.67,0.56,21.3,20.928000000000004,20.431,,新奥股份
600803,2025-12-02 00:00:00,2025-12-02,22.13,21.76,22.2,21.65,9205500,200992823.0,-0.96,-0.21,0.3,21.97,21.258,20.5355,19.151333333333334,新奥股份
600803,2025-12-03 00:00:00,2025-12-03,21.76,22.02,22.15,21.63,6780300,148862839.0,1.19,0.26,0.22,21.76,21.456,20.630000000000003,19.204333333333334,新奥股份
600803,2025-12-04 00:00:00,2025-12-04,22.12,21.7,22.19,21.62,6852400,149670803.0,-1.45,-0.32,0.22,22.02,21.662,20.735500000000002,19.2625,新奥股份
600803,2025-12-05 00:00:00,2025-12-05,21.55,21.48,21.85,21.36,8606000,185250008.0,-1.01,-0.22,0.28,21.7,21.75,20.820500000000003,19.320666666666668,新奥股份
600803,2025-12-08 00:00:00,2025-12-08,21.54,21.53,21.66,21.05,8079000,172941883.0,0.23,0.05,0.26,21.48,21.785999999999998,20.8895,19.378833333333333,新奥股份
600803,2025-12-09 00:00:00,2025-12-09,21.53,21.46,21.73,21.28,6866600,147646085.0,-0.33,-0.07,0.22,21.53,21.698,20.9615,19.438499999999998,新奥股份
600803,2025-12-10 00:00:00,2025-12-10,21.25,21.71,21.85,21.25,10071500,218386018.0,1.16,0.25,0.33,21.46,21.637999999999998,21.016000000000002,19.48933333333333,新奥股份
600803,2025-12-11 00:00:00,2025-12-11,21.71,22.19,22.46,21.69,11707400,259789369.0,2.21,0.48,0.38,21.71,21.576,21.0785,19.537666666666667,新奥股份
600803,2025-12-12 00:00:00,2025-12-12,22.19,21.85,22.41,21.73,24172400,534097298.0,-1.53,-0.34,0.79,22.19,21.674,21.1735,19.595166666666668,新奥股份
600803,2025-12-15 00:00:00,2025-12-15,21.88,22.1,22.31,21.57,10040000,221739915.0,1.14,0.25,0.33,21.85,21.748,21.247500000000002,19.646333333333335,新奥股份
600803,2025-12-16 00:00:00,2025-12-16,22.03,22.51,22.74,22.01,8043400,180420239.0,1.86,0.41,0.26,22.1,21.862000000000002,21.338,19.698833333333333,新奥股份
600803,2025-12-17 00:00:00,2025-12-17,22.52,22.72,22.8,22.38,6458000,146005426.0,0.93,0.21,0.21,22.51,22.072,21.439,19.76066666666667,新奥股份
600803,2025-12-18 00:00:00,2025-12-18,22.23,22.35,22.53,22.03,6650100,148538463.0,-1.63,-0.37,0.22,22.72,22.274,21.5395,19.827666666666666,新奥股份
600803,2025-12-19 00:00:00,2025-12-19,22.49,22.14,22.71,22.13,5430200,121180973.0,-0.94,-0.21,0.18,22.35,22.306,21.6145,19.89466666666667,新奥股份
600803,2025-12-22 00:00:00,2025-12-22,22.12,21.53,22.22,21.48,10304900,223292698.0,-2.76,-0.61,0.34,22.14,22.363999999999997,21.7065,19.964,新奥股份
600803,2025-12-23 00:00:00,2025-12-23,21.46,20.74,21.55,20.64,11407700,239117085.0,-3.67,-0.79,0.37,21.53,22.25,21.767,20.020500000000002,新奥股份
600803,2025-12-24 00:00:00,2025-12-24,20.74,20.76,20.9,20.35,7005200,145150314.0,0.1,0.02,0.23,20.74,21.896,21.7655,20.067333333333337,新奥股份
600803,2025-12-25 00:00:00,2025-12-25,20.76,21.02,21.03,20.7,5220900,109324953.0,1.25,0.26,0.17,20.76,21.504,21.753999999999998,20.113166666666668,新奥股份
600803,2025-12-26 00:00:00,2025-12-26,20.99,20.93,21.1,20.75,5333100,111567195.0,-0.43,-0.09,0.17,21.02,21.238000000000003,21.742,20.162333333333333,新奥股份
600803,2025-12-29 00:00:00,2025-12-29,21.02,20.8,21.05,20.61,5960300,124402216.0,-0.62,-0.13,0.19,20.93,20.996000000000002,21.7235,20.212666666666667,新奥股份
600803,2025-12-30 00:00:00,2025-12-30,20.81,20.76,20.92,20.63,4551500,94456940.0,-0.19,-0.04,0.15,20.8,20.85,21.665,20.259833333333336,新奥股份
600803,2025-12-31 00:00:00,2025-12-31,20.58,20.76,21.16,20.58,4838300,100631069.0,0.0,0.0,0.16,20.76,20.854,21.615000000000002,20.307333333333336,新奥股份
600803,2026-01-05 00:00:00,2026-01-05,20.75,20.64,20.76,20.41,6856400,141554352.0,-0.58,-0.12,0.22,20.76,20.854,21.552,20.35666666666667,新奥股份
600803,2026-01-06 00:00:00,2026-01-06,20.62,20.33,20.62,20.3,8770900,178968968.0,-1.5,-0.31,0.29,20.64,20.778,21.499000000000002,20.3965,新奥股份
600803,2026-01-07 00:00:00,2026-01-07,20.35,20.07,20.48,20.03,12312400,247865894.0,-1.28,-0.26,0.4,20.33,20.658,21.441499999999998,20.42616666666667,新奥股份
600803,2026-01-08 00:00:00,2026-01-08,20.07,20.13,20.22,20.02,5304400,106632909.0,0.3,0.06,0.17,20.07,20.512,21.3685,20.45516666666667,新奥股份
600803,2026-01-09 00:00:00,2026-01-09,20.15,19.91,20.19,19.86,8870800,177089718.0,-1.09,-0.22,0.29,20.13,20.386000000000003,21.302,20.484333333333332,新奥股份
600803,2026-01-12 00:00:00,2026-01-12,19.94,19.96,19.96,19.79,6397600,127253370.0,0.25,0.05,0.21,19.91,20.216,21.212,20.508166666666668,新奥股份
600803,2026-01-13 00:00:00,2026-01-13,19.97,20.09,20.35,19.93,8099400,163108491.0,0.65,0.13,0.26,19.96,20.080000000000002,21.1005,20.53166666666667,新奥股份
600803,2026-01-14 00:00:00,2026-01-14,20.09,19.9,20.09,19.8,7498600,149585184.0,-0.95,-0.19,0.24,20.09,20.032,21.0125,20.5595,新奥股份
600803,2026-01-15 00:00:00,2026-01-15,19.75,19.84,20.02,19.74,7817300,155297544.0,-0.3,-0.06,0.25,19.9,19.998,20.9025,20.582333333333334,新奥股份
600803,2026-01-16 00:00:00,2026-01-16,19.89,19.37,19.92,19.21,14796900,288265476.0,-2.37,-0.47,0.48,19.84,19.939999999999998,20.769,20.605666666666664,新奥股份
600803,2026-01-19 00:00:00,2026-01-19,19.37,19.82,19.89,19.31,10079000,198028360.0,2.32,0.45,0.33,19.37,19.832,20.6015,20.622333333333337,新奥股份
600803,2026-01-20 00:00:00,2026-01-20,19.92,19.9,20.05,19.7,7246300,143771154.0,0.4,0.08,0.24,19.82,19.804,20.475,20.644166666666667,新奥股份
600803,2026-01-21 00:00:00,2026-01-21,20.0,19.61,20.0,19.56,7983500,157630947.0,-1.46,-0.29,0.26,19.9,19.766,20.363,20.668000000000003,新奥股份
600803,2026-01-22 00:00:00,2026-01-22,19.72,20.16,20.27,19.72,15038600,302114316.0,2.8,0.55,0.49,19.61,19.708,20.267000000000003,20.687833333333334,新奥股份
600803,2026-01-23 00:00:00,2026-01-23,20.15,19.65,20.15,19.61,14405900,285301468.0,-2.53,-0.51,0.47,20.16,19.772,20.238,20.71766666666667,新奥股份
600803,2026-01-26 00:00:00,2026-01-26,19.85,19.62,19.85,19.45,11848500,232518873.0,-0.15,-0.03,0.39,19.65,19.828,20.1825,20.726,新奥股份
600803,2026-01-27 00:00:00,2026-01-27,19.79,19.34,19.88,19.32,9399500,183988524.0,-1.43,-0.28,0.31,19.62,19.788,20.1125,20.732166666666668,新奥股份
600803,2026-01-28 00:00:00,2026-01-28,19.34,19.51,19.6,19.11,12451100,241002010.0,0.88,0.17,0.41,19.34,19.676,20.032999999999998,20.729166666666668,新奥股份
600803,2026-01-29 00:00:00,2026-01-29,19.67,19.47,19.68,19.2,13018900,253273938.0,-0.21,-0.04,0.42,19.51,19.656,19.9685,20.723000000000003,新奥股份
600803,2026-01-30 00:00:00,2026-01-30,19.48,19.51,19.94,19.4,10518000,206414886.0,0.21,0.04,0.34,19.47,19.518,19.904,20.716333333333335,新奥股份
600803,2026-02-02 00:00:00,2026-02-02,19.78,19.16,19.8,19.12,11955000,232108971.0,-1.79,-0.35,0.39,19.51,19.490000000000002,19.8415,20.709666666666667,新奥股份
600803,2026-02-03 00:00:00,2026-02-03,19.36,19.19,19.38,19.09,8062100,154745503.0,0.16,0.03,0.26,19.16,19.398,19.767500000000002,20.695666666666668,新奥股份
600803,2026-02-04 00:00:00,2026-02-04,19.23,19.6,19.63,19.18,8240700,160499209.0,2.14,0.41,0.27,19.19,19.368000000000002,19.710500000000003,20.6805,新奥股份
600803,2026-02-05 00:00:00,2026-02-05,19.59,19.83,19.86,19.5,8714700,172104054.0,1.17,0.23,0.28,19.6,19.386000000000003,19.687,20.672333333333334,新奥股份
600803,2026-02-06 00:00:00,2026-02-06,19.8,19.67,20.0,19.64,7441700,147484149.0,-0.81,-0.16,0.24,19.83,19.458000000000002,19.672000000000004,20.663333333333334,新奥股份
600803,2026-02-09 00:00:00,2026-02-09,19.67,19.58,19.76,19.56,6611900,129758890.0,-0.46,-0.09,0.22,19.67,19.490000000000002,19.66,20.650166666666667,新奥股份
600803,2026-02-10 00:00:00,2026-02-10,19.64,19.48,19.64,19.39,6308000,122815401.0,-0.51,-0.1,0.21,19.58,19.574,19.641000000000002,20.638333333333332,新奥股份
600803,2026-02-11 00:00:00,2026-02-11,19.61,19.57,19.65,19.44,4678200,91562780.0,0.46,0.09,0.15,19.48,19.632,19.6105,20.6235,新奥股份
600803,2026-02-12 00:00:00,2026-02-12,19.63,19.23,19.65,19.16,7165500,138468841.0,-1.74,-0.34,0.23,19.57,19.625999999999998,19.594,20.611499999999996,新奥股份
600803,2026-02-13 00:00:00,2026-02-13,19.28,19.09,19.28,19.06,5887200,112618745.0,-0.73,-0.14,0.19,19.23,19.506,19.563499999999998,20.590500000000002,新奥股份
600803,2026-02-24 00:00:00,2026-02-24,19.23,19.92,20.01,19.17,15135400,297408699.0,4.35,0.83,0.49,19.09,19.39,19.5495,20.5635,新奥股份
600803,2026-02-25 00:00:00,2026-02-25,19.92,19.75,20.04,19.72,6931100,137655664.0,-0.85,-0.17,0.23,19.92,19.458000000000002,19.554499999999997,20.548,新奥股份
600803,2026-02-26 00:00:00,2026-02-26,19.83,19.79,19.89,19.66,4768900,94176730.0,0.2,0.04,0.16,19.75,19.512,19.547,20.538833333333333,新奥股份
600803,2026-02-27 00:00:00,2026-02-27,19.87,20.39,20.47,19.8,13880000,281317787.0,3.03,0.6,0.45,19.79,19.556,19.556,20.529999999999998,新奥股份
600803,2026-03-02 00:00:00,2026-03-02,21.0,21.86,21.86,20.45,31386700,658813100.0,7.21,1.47,1.02,20.39,19.788,19.567500000000003,20.523666666666667,新奥股份
600803,2026-03-03 00:00:00,2026-03-03,22.73,24.05,24.05,22.34,64952400,1508175354.0,10.02,2.19,2.11,21.86,20.342,19.678,20.538166666666665,新奥股份
600803,2026-03-04 00:00:00,2026-03-04,24.55,23.0,24.55,21.65,39199200,881955348.0,-4.37,-1.05,1.28,24.05,21.168,19.8995,20.58466666666667,新奥股份
600803,2026-03-05 00:00:00,2026-03-05,21.9,21.63,22.74,21.25,34119400,742798346.0,-5.96,-1.37,1.11,23.0,21.818,20.082500000000003,20.613000000000003,新奥股份
600809,2025-09-02 00:00:00,2025-09-02,200.68,200.14,204.0,199.3,6896800,1388032495.0,-0.23,-0.46,0.57,200.6,,,,山西汾酒
600809,2025-09-03 00:00:00,2025-09-03,201.0,198.61,204.26,197.5,5868400,1170061690.0,-0.76,-1.53,0.48,200.14,,,,山西汾酒
600809,2025-09-04 00:00:00,2025-09-04,197.45,197.26,198.37,194.92,5827400,1146213317.0,-0.68,-1.35,0.48,198.61,,,,山西汾酒
600809,2025-09-05 00:00:00,2025-09-05,197.26,200.03,200.6,195.8,4692700,931484865.0,1.4,2.77,0.38,197.26,,,,山西汾酒
600809,2025-09-08 00:00:00,2025-09-08,199.85,203.97,204.85,198.88,7318800,1486646015.0,1.97,3.94,0.6,200.03,199.328,,,山西汾酒
600809,2025-09-09 00:00:00,2025-09-09,203.98,205.79,205.9,201.91,5008200,1020409562.0,0.89,1.82,0.41,203.97,200.002,,,山西汾酒
600809,2025-09-10 00:00:00,2025-09-10,205.79,205.92,210.84,203.5,8036800,1671176513.0,0.06,0.13,0.66,205.79,201.132,,,山西汾酒
600809,2025-09-11 00:00:00,2025-09-11,205.06,207.9,208.69,204.0,5196000,1069939163.0,0.96,1.98,0.43,205.92,202.594,,,山西汾酒
600809,2025-09-12 00:00:00,2025-09-12,208.17,206.26,212.5,205.65,5117500,1065131428.0,-0.79,-1.64,0.42,207.9,204.72199999999998,,,山西汾酒
600809,2025-09-15 00:00:00,2025-09-15,206.5,207.85,210.29,204.26,4230100,879960475.0,0.77,1.59,0.35,206.26,205.968,,,山西汾酒
600809,2025-09-16 00:00:00,2025-09-16,208.04,208.39,208.88,205.8,4805800,996405592.0,0.26,0.54,0.39,207.85,206.744,,,山西汾酒
600809,2025-09-17 00:00:00,2025-09-17,207.2,204.45,208.28,203.0,5620500,1149249483.0,-1.89,-3.94,0.46,208.39,207.26399999999998,,,山西汾酒
600809,2025-09-18 00:00:00,2025-09-18,204.2,201.0,204.2,199.68,6188700,1247740509.0,-1.69,-3.45,0.51,204.45,206.96999999999997,,,山西汾酒
600809,2025-09-19 00:00:00,2025-09-19,199.8,200.0,200.89,196.63,5961200,1183730246.0,-0.5,-1.0,0.49,201.0,205.58999999999997,,,山西汾酒
600809,2025-09-22 00:00:00,2025-09-22,196.95,196.0,198.98,193.6,6270700,1227444251.0,-2.0,-4.0,0.51,200.0,204.338,,,山西汾酒
600809,2025-09-23 00:00:00,2025-09-23,195.0,193.81,196.0,191.0,6346400,1226699011.0,-1.12,-2.19,0.52,196.0,201.96800000000002,,,山西汾酒
600809,2025-09-24 00:00:00,2025-09-24,193.3,194.61,196.75,193.3,4192700,818025535.0,0.41,0.8,0.34,193.81,199.052,,,山西汾酒
600809,2025-09-25 00:00:00,2025-09-25,194.61,192.4,195.5,192.0,4258200,823990031.0,-1.14,-2.21,0.35,194.61,197.084,,,山西汾酒
600809,2025-09-26 00:00:00,2025-09-26,192.2,191.16,194.0,189.1,6037900,1155152991.0,-0.64,-1.24,0.49,192.4,195.36399999999998,,,山西汾酒
600809,2025-09-29 00:00:00,2025-09-29,190.83,194.55,196.4,189.37,6633800,1282048026.0,1.77,3.39,0.54,191.16,193.596,200.8075,,山西汾酒
600809,2025-09-30 00:00:00,2025-09-30,194.01,194.01,195.5,192.33,5320300,1034228104.0,-0.28,-0.54,0.44,194.55,193.30599999999998,200.505,,山西汾酒
600809,2025-10-09 00:00:00,2025-10-09,193.98,190.39,193.98,186.03,7419000,1397301504.0,-1.87,-3.62,0.61,194.01,193.346,200.19850000000002,,山西汾酒
600809,2025-10-10 00:00:00,2025-10-10,189.67,188.7,191.0,187.53,5190600,980590651.0,-0.89,-1.69,0.43,190.39,192.502,199.7875,,山西汾酒
600809,2025-10-13 00:00:00,2025-10-13,186.6,186.99,188.7,186.03,4388000,822163079.0,-0.91,-1.71,0.36,188.7,191.762,199.35949999999997,,山西汾酒
600809,2025-10-14 00:00:00,2025-10-14,187.5,191.83,192.93,186.69,6918600,1316935262.0,2.59,4.84,0.57,186.99,190.928,198.7075,,山西汾酒
600809,2025-10-15 00:00:00,2025-10-15,191.51,193.25,193.93,189.95,4723400,908790539.0,0.74,1.42,0.39,191.83,190.38400000000001,198.10049999999998,,山西汾酒
600809,2025-10-16 00:00:00,2025-10-16,192.05,198.8,199.83,192.05,6240700,1226485277.0,2.87,5.55,0.51,193.25,190.23200000000003,197.4735,,山西汾酒
600809,2025-10-17 00:00:00,2025-10-17,198.0,195.9,199.98,195.52,4655900,918586918.0,-1.46,-2.9,0.38,198.8,191.91400000000002,197.1175,,山西汾酒
600809,2025-10-20 00:00:00,2025-10-20,195.91,191.57,197.2,190.8,5140300,993590997.0,-2.21,-4.33,0.42,195.9,193.35399999999998,196.5175,,山西汾酒
600809,2025-10-21 00:00:00,2025-10-21,190.81,189.72,192.55,189.5,4694400,895158521.0,-0.97,-1.85,0.38,191.57,194.27,195.783,,山西汾酒
600809,2025-10-22 00:00:00,2025-10-22,189.88,188.31,192.76,188.05,3669400,695906243.0,-0.74,-1.41,0.3,189.72,193.848,194.87650000000002,,山西汾酒
600809,2025-10-23 00:00:00,2025-10-23,187.8,189.5,189.62,186.0,3907200,734022450.0,0.63,1.19,0.32,188.31,192.85999999999999,193.8725,,山西汾酒
600809,2025-10-24 00:00:00,2025-10-24,189.42,184.38,190.58,184.0,6815500,1267698146.0,-2.7,-5.12,0.56,189.5,191.0,193.125,,山西汾酒
600809,2025-10-27 00:00:00,2025-10-27,184.0,184.85,185.66,181.89,4924900,907176732.0,0.25,0.47,0.4,184.38,188.696,192.294,,山西汾酒
600809,2025-10-28 00:00:00,2025-10-28,184.86,187.29,190.99,184.8,7202600,1356343590.0,1.32,2.44,0.59,184.85,187.352,191.5365,,山西汾酒
600809,2025-10-29 00:00:00,2025-10-29,187.29,186.57,187.91,184.62,3614500,671287910.0,-0.38,-0.72,0.3,187.29,186.86599999999999,191.101,,山西汾酒
600809,2025-10-30 00:00:00,2025-10-30,185.0,188.01,191.57,185.0,6822200,1290769921.0,0.77,1.44,0.56,186.57,186.51799999999997,190.73899999999998,,山西汾酒
600809,2025-10-31 00:00:00,2025-10-31,188.9,190.5,195.8,188.5,9372100,1809326690.0,1.32,2.49,0.77,188.01,186.21999999999997,190.409,,山西汾酒
600809,2025-11-03 00:00:00,2025-11-03,189.88,193.1,193.88,189.3,6114800,1173624730.0,1.36,2.6,0.5,190.5,187.44400000000002,190.31400000000002,,山西汾酒
600809,2025-11-04 00:00:00,2025-11-04,192.69,188.9,192.69,187.5,4332500,821319513.0,-2.18,-4.2,0.36,193.1,189.094,190.411,,山西汾酒
600809,2025-11-05 00:00:00,2025-11-05,187.58,188.38,191.16,186.02,3890800,736052233.0,-0.28,-0.52,0.32,188.9,189.416,190.1285,,山西汾酒
600809,2025-11-06 00:00:00,2025-11-06,188.39,187.99,191.44,187.5,3178000,600859314.0,-0.21,-0.39,0.26,188.38,189.77800000000002,189.847,,山西汾酒
600809,2025-11-07 00:00:00,2025-11-07,187.98,187.1,189.46,186.8,3070600,576092783.0,-0.47,-0.89,0.25,187.99,189.77400000000003,189.727,,山西汾酒
600809,2025-11-10 00:00:00,2025-11-10,187.1,198.99,201.3,186.3,12929400,2530398342.0,6.35,11.89,1.06,187.1,189.094,189.647,,山西汾酒
600809,2025-11-11 00:00:00,2025-11-11,197.5,199.56,200.99,195.57,6816500,1354175168.0,0.29,0.57,0.56,198.99,190.272,190.247,,山西汾酒
600809,2025-11-12 00:00:00,2025-11-12,200.03,198.52,202.26,197.93,4834200,966477027.0,-0.52,-1.04,0.4,199.56,192.40400000000002,190.6335,,山西汾酒
600809,2025-11-13 00:00:00,2025-11-13,197.88,201.0,202.88,197.0,5292500,1061984349.0,1.25,2.48,0.43,198.52,194.43200000000002,190.897,,山西汾酒
600809,2025-11-14 00:00:00,2025-11-14,201.0,196.58,202.55,196.0,4536700,902067822.0,-2.2,-4.42,0.37,201.0,197.03400000000002,191.007,,山西汾酒
600809,2025-11-17 00:00:00,2025-11-17,196.6,198.99,203.58,194.39,7049300,1402906870.0,1.23,2.41,0.58,196.58,198.93,191.041,,山西汾酒
600809,2025-11-18 00:00:00,2025-11-18,199.0,196.91,202.0,196.06,5437600,1080407749.0,-1.05,-2.08,0.45,198.99,198.93,191.412,,山西汾酒
600809,2025-11-19 00:00:00,2025-11-19,196.49,195.29,197.46,194.2,2927000,571749439.0,-0.82,-1.62,0.24,196.91,198.4,191.7715,,山西汾酒
600809,2025-11-20 00:00:00,2025-11-20,195.2,193.4,196.57,193.0,3485600,678509700.0,-0.97,-1.89,0.29,195.29,197.754,192.1205,,山西汾酒
600809,2025-11-21 00:00:00,2025-11-21,194.0,193.0,196.49,189.31,6037100,1163664495.0,-0.21,-0.4,0.49,193.4,196.234,192.3155,,山西汾酒
600809,2025-11-24 00:00:00,2025-11-24,191.06,192.4,195.0,191.06,3889300,750204140.0,-0.31,-0.6,0.32,193.0,195.51799999999997,192.74650000000003,,山西汾酒
600809,2025-11-25 00:00:00,2025-11-25,193.5,192.99,193.51,189.42,3645200,698130482.0,0.31,0.59,0.3,192.4,194.2,193.124,,山西汾酒
600809,2025-11-26 00:00:00,2025-11-26,193.0,193.3,193.99,191.6,2536500,488779273.0,0.16,0.31,0.21,192.99,193.416,193.409,,山西汾酒
600809,2025-11-27 00:00:00,2025-11-27,193.33,195.5,197.0,191.7,4591300,893686171.0,1.14,2.2,0.38,193.3,193.018,193.74550000000002,,山西汾酒
600809,2025-11-28 00:00:00,2025-11-28,194.53,194.3,195.5,193.39,2736900,532377130.0,-0.61,-1.2,0.22,195.5,193.43800000000002,194.12,,山西汾酒
600809,2025-12-01 00:00:00,2025-12-01,193.52,193.78,195.3,192.37,3361900,651679727.0,-0.27,-0.52,0.28,194.3,193.69800000000004,194.31,,山西汾酒
600809,2025-12-02 00:00:00,2025-12-02,193.8,192.16,196.97,192.02,4055200,786806099.0,-0.84,-1.62,0.33,193.78,193.974,194.344,195.1875,山西汾酒
600809,2025-12-03 00:00:00,2025-12-03,192.41,187.6,192.59,186.69,5567000,1050191293.0,-2.37,-4.56,0.46,192.16,193.808,194.507,195.04683333333332,山西汾酒
600809,2025-12-04 00:00:00,2025-12-04,187.49,181.18,188.0,180.0,9240400,1681205140.0,-3.42,-6.42,0.76,187.6,192.668,194.468,194.83783333333335,山西汾酒
600809,2025-12-05 00:00:00,2025-12-05,181.0,182.05,182.12,179.48,4098100,741631206.0,0.48,0.87,0.34,181.18,189.804,194.1275,194.54733333333334,山西汾酒
600809,2025-12-08 00:00:00,2025-12-08,181.97,180.15,182.3,180.0,4746300,857339401.0,-1.04,-1.9,0.39,182.05,187.35399999999998,193.875,194.2938333333333,山西汾酒
600809,2025-12-09 00:00:00,2025-12-09,180.74,179.28,180.88,177.6,4594300,821129646.0,-0.48,-0.87,0.38,180.15,184.628,192.933,193.9625,山西汾酒
600809,2025-12-10 00:00:00,2025-12-10,178.7,179.81,180.0,176.52,3362700,601717801.0,0.3,0.53,0.28,179.28,182.052,191.919,193.551,山西汾酒
600809,2025-12-11 00:00:00,2025-12-11,179.5,179.13,180.55,177.2,3438400,614189455.0,-0.38,-0.68,0.28,179.81,180.494,190.9835,193.118,山西汾酒
600809,2025-12-12 00:00:00,2025-12-12,179.5,180.1,181.75,178.15,6547400,1176615533.0,0.54,0.97,0.54,179.13,180.084,189.89000000000001,192.6715,山西汾酒
600809,2025-12-15 00:00:00,2025-12-15,182.0,179.56,183.26,179.0,5736500,1038611159.0,-0.3,-0.54,0.47,180.1,179.69400000000002,189.066,192.20816666666667,山西汾酒
600809,2025-12-16 00:00:00,2025-12-16,179.0,177.77,179.77,177.37,3180800,566304995.0,-1.0,-1.79,0.26,179.56,179.576,188.09449999999998,191.76316666666668,山西汾酒
600809,2025-12-17 00:00:00,2025-12-17,177.78,177.67,178.99,175.53,3909100,693628201.0,-0.06,-0.1,0.32,177.77,179.27399999999997,187.1375,191.26183333333336,山西汾酒
600809,2025-12-18 00:00:00,2025-12-18,178.01,177.11,178.66,176.89,2440800,433472767.0,-0.32,-0.56,0.2,177.67,178.846,186.25650000000002,190.74983333333333,山西汾酒
600809,2025-12-19 00:00:00,2025-12-19,177.15,178.6,179.1,176.37,3414400,606971017.0,0.84,1.49,0.28,177.11,178.442,185.442,190.29416666666665,山西汾酒
600809,2025-12-22 00:00:00,2025-12-22,178.3,178.15,180.18,177.5,3289100,588155295.0,-0.25,-0.45,0.27,178.6,178.142,184.722,189.92083333333332,山西汾酒
600809,2025-12-23 00:00:00,2025-12-23,178.15,177.3,178.51,176.6,2595900,460833336.0,-0.48,-0.85,0.21,178.15,177.86,184.0095,189.55666666666667,山西汾酒
600809,2025-12-24 00:00:00,2025-12-24,177.0,175.6,177.3,175.24,3869900,680734347.0,-0.96,-1.7,0.32,177.3,177.766,183.225,189.245,山西汾酒
600809,2025-12-25 00:00:00,2025-12-25,175.95,178.67,179.0,175.95,4320700,767728265.0,1.75,3.07,0.35,175.6,177.352,182.34,188.9415,山西汾酒
600809,2025-12-26 00:00:00,2025-12-26,178.0,177.7,178.48,176.68,2887400,512804801.0,-0.54,-0.97,0.24,178.67,177.664,181.49849999999998,188.67583333333332,山西汾酒
600809,2025-12-29 00:00:00,2025-12-29,176.82,175.0,177.16,174.4,5076700,891030670.0,-1.52,-2.7,0.42,177.7,177.484,180.66850000000002,188.43083333333334,山西汾酒
600809,2025-12-30 00:00:00,2025-12-30,175.01,173.05,175.56,172.69,4220700,731611255.0,-1.11,-1.95,0.35,175.0,176.85399999999998,179.7295,188.16150000000002,山西汾酒
600809,2025-12-31 00:00:00,2025-12-31,172.58,171.7,173.86,171.16,3645500,626782115.0,-0.78,-1.35,0.3,173.05,176.004,178.774,187.80316666666664,山西汾酒
600809,2026-01-05 00:00:00,2026-01-05,171.58,176.99,177.92,171.58,7126800,1251023323.0,3.08,5.29,0.58,171.7,175.224,177.979,187.43133333333336,山西汾酒
600809,2026-01-06 00:00:00,2026-01-06,177.5,179.09,179.22,175.3,5194300,922901271.0,1.19,2.1,0.43,176.99,174.888,177.7695,187.208,山西汾酒
600809,2026-01-07 00:00:00,2026-01-07,179.0,177.49,180.5,176.8,4460200,795065071.0,-0.89,-1.6,0.37,179.09,175.166,177.62150000000003,187.04783333333336,山西汾酒
600809,2026-01-08 00:00:00,2026-01-08,176.77,176.5,177.47,175.02,4801900,845527649.0,-0.56,-0.99,0.39,177.49,175.664,177.4885,186.88950000000003,山西汾酒
600809,2026-01-09 00:00:00,2026-01-09,179.37,176.55,179.6,175.35,4366000,772682374.0,0.03,0.05,0.36,176.5,176.35399999999998,177.34949999999998,186.634,山西汾酒
600809,2026-01-12 00:00:00,2026-01-12,176.62,179.83,181.23,176.1,7225300,1298167288.0,1.86,3.28,0.59,176.55,177.324,177.1865,186.35566666666668,山西汾酒
600809,2026-01-13 00:00:00,2026-01-13,180.01,176.98,180.47,176.5,5393000,960734058.0,-1.58,-2.85,0.44,179.83,177.892,177.2215,186.0395,山西汾酒
600809,2026-01-14 00:00:00,2026-01-14,176.84,175.48,178.53,174.1,7717100,1357609300.0,-0.85,-1.5,0.63,176.98,177.47000000000003,177.0655,185.7241666666667,山西汾酒
600809,2026-01-15 00:00:00,2026-01-15,174.43,174.28,175.8,172.23,6253000,1089072859.0,-0.68,-1.2,0.51,175.48,177.068,176.8615,185.45600000000002,山西汾酒
600809,2026-01-16 00:00:00,2026-01-16,174.28,172.37,174.5,171.58,6086600,1050132259.0,-1.1,-1.91,0.5,174.28,176.62399999999997,176.687,185.19866666666667,山西汾酒
600809,2026-01-19 00:00:00,2026-01-19,172.0,169.36,172.15,168.0,8762300,1488382126.0,-1.75,-3.01,0.72,172.37,175.788,176.422,184.933,山西汾酒
600809,2026-01-20 00:00:00,2026-01-20,169.4,170.99,172.19,169.0,6559400,1121756337.0,0.96,1.63,0.54,169.36,173.69400000000002,176.0345,184.59733333333332,山西汾酒
600809,2026-01-21 00:00:00,2026-01-21,171.0,166.99,171.0,166.6,8386000,1407577097.0,-2.34,-4.0,0.69,170.99,172.496,175.654,184.37416666666667,山西汾酒
600809,2026-01-22 00:00:00,2026-01-22,166.98,166.63,168.37,166.0,6262300,1044607468.0,-0.22,-0.36,0.51,166.99,170.798,175.096,184.0765,山西汾酒
600809,2026-01-23 00:00:00,2026-01-23,167.0,164.76,167.2,164.48,8029300,1328138704.0,-1.12,-1.87,0.66,166.63,169.26800000000003,174.5625,183.73216666666667,山西汾酒
600809,2026-01-26 00:00:00,2026-01-26,164.7,164.38,165.89,160.69,11273000,1843076536.0,-0.23,-0.38,0.92,164.76,167.746,174.0205,183.36866666666666,山西汾酒
600809,2026-01-27 00:00:00,2026-01-27,164.97,161.26,164.97,161.07,7539700,1221795726.0,-1.9,-3.12,0.62,164.38,166.75,173.306,182.97483333333332,山西汾酒
600809,2026-01-28 00:00:00,2026-01-28,160.9,161.29,162.6,160.15,7776800,1253684608.0,0.02,0.03,0.64,161.26,164.804,172.48399999999998,182.4875,山西汾酒
600809,2026-01-29 00:00:00,2026-01-29,161.7,177.42,177.42,161.29,24371200,4156914714.0,10.0,16.13,2.0,161.29,163.66400000000002,171.7985,181.9573333333333,山西汾酒
600809,2026-01-30 00:00:00,2026-01-30,176.91,171.01,176.91,170.33,15579500,2693647309.0,-3.61,-6.41,1.28,177.42,165.822,172.017,181.766,山西汾酒
600809,2026-02-02 00:00:00,2026-02-02,171.2,173.5,180.98,171.2,13639200,2398574755.0,1.46,2.49,1.12,171.01,167.07199999999997,171.9825,181.47650000000002,山西汾酒
600809,2026-02-03 00:00:00,2026-02-03,171.5,174.35,177.0,171.5,7635600,1328641971.0,0.49,0.85,0.63,173.5,168.89600000000002,171.808,181.235,山西汾酒
600809,2026-02-04 00:00:00,2026-02-04,173.72,180.58,182.72,172.61,14918700,2669167537.0,3.57,6.23,1.22,174.35,171.514,171.571,181.0225,山西汾酒
600809,2026-02-05 00:00:00,2026-02-05,180.05,180.21,183.97,178.61,9669000,1751875625.0,-0.2,-0.37,0.79,180.58,175.37199999999999,171.7255,180.71566666666666,山西汾酒
600809,2026-02-06 00:00:00,2026-02-06,179.55,175.1,181.98,174.15,8652300,1527032890.0,-2.84,-5.11,0.71,180.21,175.93,171.911,180.39316666666667,山西汾酒
600809,2026-02-09 00:00:00,2026-02-09,173.97,174.7,175.77,173.0,6355400,1107458073.0,-0.23,-0.4,0.52,175.1,176.748,171.8385,180.00283333333334,山西汾酒
600809,2026-02-10 00:00:00,2026-02-10,174.0,170.28,174.12,169.61,6789100,1159371222.0,-2.53,-4.42,0.56,174.7,176.988,171.582,179.5645,山西汾酒
600809,2026-02-11 00:00:00,2026-02-11,170.31,169.66,171.78,168.78,5581900,946434359.0,-0.36,-0.62,0.46,170.28,176.174,171.247,179.12616666666665,山西汾酒
600809,2026-02-12 00:00:00,2026-02-12,168.5,166.31,169.18,165.82,5856800,976918471.0,-1.97,-3.35,0.48,169.66,173.98999999999998,170.956,178.63733333333337,山西汾酒
600809,2026-02-13 00:00:00,2026-02-13,166.31,165.84,168.2,164.97,6202600,1033992000.0,-0.28,-0.47,0.51,166.31,171.20999999999998,170.55749999999998,178.12733333333335,山西汾酒
600809,2026-02-24 00:00:00,2026-02-24,167.7,163.58,167.77,162.1,5657600,927067292.0,-1.36,-2.26,0.46,165.84,169.358,170.231,177.6365,山西汾酒
600809,2026-02-25 00:00:00,2026-02-25,163.58,163.92,165.5,163.36,4263300,699480947.0,0.21,0.34,0.35,163.58,167.134,169.94199999999998,177.13950000000003,山西汾酒
600809,2026-02-26 00:00:00,2026-02-26,164.01,161.38,164.1,161.0,6548400,1058969675.0,-1.55,-2.54,0.54,163.92,165.862,169.5885,176.65483333333336,山西汾酒
600809,2026-02-27 00:00:00,2026-02-27,161.87,161.15,161.9,161.02,3456900,557773708.0,-0.14,-0.23,0.28,161.38,164.206,169.308,176.13783333333333,山西汾酒
600809,2026-03-02 00:00:00,2026-03-02,160.02,158.52,161.05,157.55,5773100,917528167.0,-1.63,-2.63,0.47,161.15,163.17400000000004,169.03400000000002,175.60716666666664,山西汾酒
600809,2026-03-03 00:00:00,2026-03-03,158.2,161.68,165.0,156.88,7701100,1236704000.0,1.99,3.16,0.63,158.52,161.71,168.722,175.0275,山西汾酒
600809,2026-03-04 00:00:00,2026-03-04,160.05,156.0,160.6,155.57,6444200,1011083541.0,-3.51,-5.68,0.53,161.68,161.32999999999998,168.587,174.46383333333333,山西汾酒
600809,2026-03-05 00:00:00,2026-03-05,157.15,155.93,157.34,155.5,3112500,486010656.0,-0.04,-0.07,0.26,156.0,159.746,168.324,173.8255,山西汾酒
601066,2025-09-02 00:00:00,2025-09-02,27.91,27.59,28.29,27.46,33977900,948774023.0,-1.15,-0.32,0.52,27.91,,,,中信建投
601066,2025-09-03 00:00:00,2025-09-03,27.76,26.7,27.82,26.55,25364200,690630747.0,-3.23,-0.89,0.39,27.59,,,,中信建投
601066,2025-09-04 00:00:00,2025-09-04,26.68,26.51,26.89,26.14,31635200,840669311.0,-0.71,-0.19,0.49,26.7,,,,中信建投
601066,2025-09-05 00:00:00,2025-09-05,26.54,26.72,26.72,26.28,17552300,467582192.0,0.79,0.21,0.27,26.51,,,,中信建投
601066,2025-09-08 00:00:00,2025-09-08,26.61,26.32,26.67,26.22,15873600,421348955.0,-1.5,-0.4,0.24,26.72,27.086000000000002,,,中信建投
601066,2025-09-09 00:00:00,2025-09-09,26.26,26.28,26.49,26.15,13922800,368617038.0,-0.15,-0.04,0.21,26.32,26.768,,,中信建投
601066,2025-09-10 00:00:00,2025-09-10,26.24,26.01,26.39,25.99,12427900,326515304.0,-1.03,-0.27,0.19,26.28,26.506,,,中信建投
601066,2025-09-11 00:00:00,2025-09-11,26.03,26.59,26.67,25.88,20994000,556154656.0,2.23,0.58,0.32,26.01,26.368000000000002,,,中信建投
601066,2025-09-12 00:00:00,2025-09-12,26.63,26.27,26.63,26.26,13883200,369352411.0,-1.2,-0.32,0.21,26.59,26.384000000000004,,,中信建投
601066,2025-09-15 00:00:00,2025-09-15,26.31,26.27,26.52,26.22,10432100,276892441.0,0.0,0.0,0.16,26.27,26.294,,,中信建投
601066,2025-09-16 00:00:00,2025-09-16,26.25,26.31,26.44,26.0,12200900,321923371.0,0.15,0.04,0.19,26.27,26.284000000000002,,,中信建投
601066,2025-09-17 00:00:00,2025-09-17,26.28,26.5,26.59,26.2,16071000,427036016.0,0.72,0.19,0.25,26.31,26.29,,,中信建投
601066,2025-09-18 00:00:00,2025-09-18,26.34,26.58,27.82,26.14,44045700,1190134440.0,0.3,0.08,0.68,26.5,26.387999999999998,,,中信建投
601066,2025-09-19 00:00:00,2025-09-19,26.34,26.03,26.6,25.94,23084800,608170501.0,-2.07,-0.55,0.36,26.58,26.385999999999996,,,中信建投
601066,2025-09-22 00:00:00,2025-09-22,26.04,26.09,26.13,25.84,14263900,372798421.0,0.23,0.06,0.22,26.03,26.338,,,中信建投
601066,2025-09-23 00:00:00,2025-09-23,25.95,25.54,25.95,25.29,18560000,476948652.0,-2.11,-0.55,0.29,26.09,26.302,,,中信建投
601066,2025-09-24 00:00:00,2025-09-24,25.52,25.75,25.92,25.4,14477800,373413842.0,0.82,0.21,0.22,25.54,26.148000000000003,,,中信建投
601066,2025-09-25 00:00:00,2025-09-25,25.72,25.54,26.08,25.54,14893100,386820624.0,-0.82,-0.21,0.23,25.75,25.998,,,中信建投
601066,2025-09-26 00:00:00,2025-09-26,25.54,25.35,25.69,25.35,9618200,247061207.0,-0.74,-0.19,0.15,25.54,25.79,,,中信建投
601066,2025-09-29 00:00:00,2025-09-29,25.37,26.53,26.96,25.35,35695300,941726377.0,4.65,1.18,0.55,25.35,25.653999999999996,26.343,,中信建投
601066,2025-09-30 00:00:00,2025-09-30,26.43,26.66,26.79,26.35,22177900,592712241.0,0.49,0.13,0.34,26.53,25.741999999999997,26.274,,中信建投
601066,2025-10-09 00:00:00,2025-10-09,26.66,26.67,26.7,26.14,22563900,600854887.0,0.04,0.01,0.35,26.66,25.966,26.2275,,中信建投
601066,2025-10-10 00:00:00,2025-10-10,26.59,26.63,27.04,26.47,21701900,583870658.0,-0.15,-0.04,0.33,26.67,26.15,26.226,,中信建投
601066,2025-10-13 00:00:00,2025-10-13,26.1,26.48,26.59,25.96,15695700,416358886.0,-0.56,-0.15,0.24,26.63,26.368000000000002,26.232,,中信建投
601066,2025-10-14 00:00:00,2025-10-14,26.49,26.29,26.81,26.18,18752100,498719779.0,-0.72,-0.19,0.29,26.48,26.594,26.22,,中信建投
601066,2025-10-15 00:00:00,2025-10-15,26.4,26.52,26.53,26.12,16000800,424237203.0,0.87,0.23,0.25,26.29,26.546,26.2185,,中信建投
601066,2025-10-16 00:00:00,2025-10-16,26.36,26.59,26.76,26.34,14380100,384507662.0,0.26,0.07,0.22,26.52,26.518,26.2305,,中信建投
601066,2025-10-17 00:00:00,2025-10-17,26.62,25.99,26.8,25.88,14440200,382620194.0,-2.26,-0.6,0.22,26.59,26.502,26.259499999999996,,中信建投
601066,2025-10-20 00:00:00,2025-10-20,26.29,25.98,26.34,25.92,10899600,285866415.0,-0.04,-0.01,0.17,25.99,26.374000000000002,26.2295,,中信建投
601066,2025-10-21 00:00:00,2025-10-21,25.99,26.27,26.5,25.98,12964500,342374748.0,1.12,0.29,0.2,25.98,26.274,26.215000000000003,,中信建投
601066,2025-10-22 00:00:00,2025-10-22,26.14,25.96,26.25,25.92,9245900,242239611.0,-1.18,-0.31,0.14,26.27,26.27,26.214999999999996,,中信建投
601066,2025-10-23 00:00:00,2025-10-23,25.97,26.12,26.13,25.66,8889000,231677188.0,0.62,0.16,0.14,25.96,26.157999999999998,26.197499999999998,,中信建投
601066,2025-10-24 00:00:00,2025-10-24,26.16,26.35,26.35,26.04,10800000,284766638.0,0.88,0.23,0.17,26.12,26.064,26.178499999999996,,中信建投
601066,2025-10-27 00:00:00,2025-10-27,26.64,26.7,26.8,26.45,18986700,509134033.0,1.33,0.35,0.29,26.35,26.136000000000003,26.167,,中信建投
601066,2025-10-28 00:00:00,2025-10-28,26.65,26.59,26.83,26.52,11799000,316259452.0,-0.41,-0.11,0.18,26.7,26.28,26.200499999999998,,中信建投
601066,2025-10-29 00:00:00,2025-10-29,26.6,26.97,27.03,26.55,19957600,539593694.0,1.43,0.38,0.31,26.59,26.344,26.2255,,中信建投
601066,2025-10-30 00:00:00,2025-10-30,26.97,26.48,26.98,26.47,16039700,431015679.0,-1.82,-0.49,0.25,26.97,26.546,26.297000000000004,,中信建投
601066,2025-10-31 00:00:00,2025-10-31,26.48,26.03,26.62,26.03,15681200,413859216.0,-1.7,-0.45,0.24,26.48,26.618000000000002,26.333500000000004,,中信建投
601066,2025-11-03 00:00:00,2025-11-03,26.02,25.8,26.12,25.66,12358500,320785772.0,-0.88,-0.23,0.19,26.03,26.553999999999995,26.357999999999997,,中信建投
601066,2025-11-04 00:00:00,2025-11-04,25.74,25.64,25.82,25.55,11661300,301058233.0,-0.62,-0.16,0.18,25.8,26.374000000000002,26.3805,,中信建投
601066,2025-11-05 00:00:00,2025-11-05,25.5,25.62,25.76,25.46,8044600,207632602.0,-0.08,-0.02,0.12,25.64,26.184000000000005,26.336000000000002,,中信建投
601066,2025-11-06 00:00:00,2025-11-06,25.67,25.65,25.88,25.61,11892800,307738502.0,0.12,0.03,0.18,25.62,25.913999999999998,26.284,,中信建投
601066,2025-11-07 00:00:00,2025-11-07,25.59,25.45,25.64,25.45,8300300,213136577.0,-0.78,-0.2,0.13,25.65,25.748,26.232999999999997,,中信建投
601066,2025-11-10 00:00:00,2025-11-10,25.46,25.78,25.88,25.42,10327900,266863262.0,1.3,0.33,0.16,25.45,25.631999999999998,26.174,,中信建投
601066,2025-11-11 00:00:00,2025-11-11,25.78,25.52,25.85,25.46,8508200,218993970.0,-1.01,-0.26,0.13,25.78,25.628000000000004,26.139,,中信建投
601066,2025-11-12 00:00:00,2025-11-12,25.52,25.44,25.53,25.3,7741800,197807056.0,-0.31,-0.08,0.12,25.52,25.604000000000003,26.1005,,中信建投
601066,2025-11-13 00:00:00,2025-11-13,25.39,25.49,25.52,25.35,9886800,253014345.0,0.2,0.05,0.15,25.44,25.568,26.0465,,中信建投
601066,2025-11-14 00:00:00,2025-11-14,25.36,25.15,25.44,25.15,8410100,214279631.0,-1.33,-0.34,0.13,25.49,25.535999999999998,25.991499999999995,,中信建投
601066,2025-11-17 00:00:00,2025-11-17,25.19,24.86,25.25,24.83,9533900,239224061.0,-1.15,-0.29,0.15,25.15,25.476,25.9495,,中信建投
601066,2025-11-18 00:00:00,2025-11-18,24.8,24.86,25.03,24.79,6487600,162744220.0,0.0,0.0,0.1,24.86,25.292,25.8935,,中信建投
601066,2025-11-19 00:00:00,2025-11-19,24.84,24.91,24.99,24.75,7198000,180053250.0,0.2,0.05,0.11,24.86,25.159999999999997,25.823,,中信建投
601066,2025-11-20 00:00:00,2025-11-20,25.8,25.05,25.84,25.05,16909000,431210693.0,0.56,0.14,0.26,24.91,25.054,25.7705,,中信建投
601066,2025-11-21 00:00:00,2025-11-21,24.61,24.64,25.22,24.56,12792200,318819978.0,-1.64,-0.41,0.2,25.05,24.966,25.717000000000002,,中信建投
601066,2025-11-24 00:00:00,2025-11-24,24.72,24.61,24.82,24.45,9066400,224765805.0,-0.12,-0.03,0.14,24.64,24.864,25.6315,,中信建投
601066,2025-11-25 00:00:00,2025-11-25,24.84,24.58,24.84,24.57,8494200,210971478.0,-0.12,-0.03,0.13,24.61,24.814,25.526999999999997,,中信建投
601066,2025-11-26 00:00:00,2025-11-26,24.57,24.58,24.66,24.55,7497700,185663468.0,0.0,0.0,0.12,24.58,24.758000000000003,25.426499999999997,,中信建投
601066,2025-11-27 00:00:00,2025-11-27,24.56,24.46,24.68,24.42,9134900,225789256.0,-0.49,-0.12,0.14,24.58,24.692,25.307,,中信建投
601066,2025-11-28 00:00:00,2025-11-28,24.46,24.63,24.87,24.39,12536500,310939135.0,0.7,0.17,0.19,24.46,24.574,25.206,,中信建投
601066,2025-12-01 00:00:00,2025-12-01,24.66,25.06,25.06,24.64,15227300,382296813.0,1.75,0.43,0.23,24.63,24.572,25.136,,中信建投
601066,2025-12-02 00:00:00,2025-12-02,25.0,25.06,25.39,24.97,15809300,400570373.0,0.0,0.0,0.24,25.06,24.662,25.098999999999997,25.940833333333334,中信建投
601066,2025-12-03 00:00:00,2025-12-03,25.09,25.16,25.52,25.04,15969700,405648472.0,0.4,0.1,0.25,25.06,24.758,25.07,25.89333333333333,中信建投
601066,2025-12-04 00:00:00,2025-12-04,25.17,25.34,25.64,25.16,17986800,459925486.0,0.72,0.18,0.28,25.16,24.874000000000002,25.047,25.852833333333333,中信建投
601066,2025-12-05 00:00:00,2025-12-05,25.33,25.56,25.8,25.08,25299700,647743587.0,0.87,0.22,0.39,25.34,25.049999999999997,25.0315,25.830166666666667,中信建投
601066,2025-12-08 00:00:00,2025-12-08,25.84,25.69,26.14,25.6,34853700,907973176.0,0.51,0.13,0.54,25.56,25.235999999999997,25.037,25.81433333333333,中信建投
601066,2025-12-09 00:00:00,2025-12-09,25.57,25.89,26.23,25.54,24585900,641783286.0,0.78,0.2,0.38,25.69,25.362000000000002,25.0325,25.797166666666666,中信建投
601066,2025-12-10 00:00:00,2025-12-10,25.76,25.97,26.03,25.65,20441900,532085611.0,0.31,0.08,0.31,25.89,25.528,25.051,25.790000000000003,中信建投
601066,2025-12-11 00:00:00,2025-12-11,25.94,26.23,26.44,25.93,33362600,882092742.0,1.0,0.26,0.51,25.97,25.689999999999998,25.0775,25.78483333333333,中信建投
601066,2025-12-12 00:00:00,2025-12-12,26.22,26.34,26.44,25.85,27580200,726197080.0,0.42,0.11,0.42,26.23,25.868000000000002,25.1145,25.7885,中信建投
601066,2025-12-15 00:00:00,2025-12-15,26.25,26.43,26.69,26.17,23033200,613971966.0,0.34,0.09,0.35,26.34,26.024,25.174,25.784333333333333,中信建投
601066,2025-12-16 00:00:00,2025-12-16,26.43,26.67,27.03,26.41,42341600,1141933792.0,0.91,0.24,0.65,26.43,26.172000000000004,25.2525,25.786999999999995,中信建投
601066,2025-12-17 00:00:00,2025-12-17,26.65,27.32,27.48,26.54,44471300,1209475218.0,2.44,0.65,0.68,26.67,26.328000000000003,25.343,25.793666666666663,中信建投
601066,2025-12-18 00:00:00,2025-12-18,27.13,26.51,27.14,26.24,38317200,1023491945.0,-2.96,-0.81,0.59,27.32,26.598000000000003,25.463500000000003,25.810499999999998,中信建投
601066,2025-12-19 00:00:00,2025-12-19,26.6,26.98,27.21,26.43,32567600,882392027.0,1.77,0.47,0.5,26.51,26.654000000000003,25.5365,25.810666666666666,中信建投
601066,2025-12-22 00:00:00,2025-12-22,26.95,26.87,27.01,26.69,21994100,593623448.0,-0.41,-0.11,0.34,26.98,26.782,25.6535,25.817333333333334,中信建投
601066,2025-12-23 00:00:00,2025-12-23,26.86,26.51,26.91,26.49,19303400,517630877.0,-1.34,-0.36,0.3,26.87,26.870000000000005,25.7665,25.831333333333337,中信建投
601066,2025-12-24 00:00:00,2025-12-24,26.51,26.59,26.68,26.48,13040400,348780687.0,0.3,0.08,0.2,26.51,26.838,25.863,25.83833333333333,中信建投
601066,2025-12-25 00:00:00,2025-12-25,26.54,26.78,26.88,26.53,12575200,338000228.0,0.71,0.19,0.19,26.59,26.692,25.9635,25.855833333333333,中信建投
601066,2025-12-26 00:00:00,2025-12-26,26.74,26.66,26.94,26.51,19703800,529935715.0,-0.45,-0.12,0.3,26.78,26.746000000000002,26.079500000000003,25.872999999999998,中信建投
601066,2025-12-29 00:00:00,2025-12-29,26.6,26.58,26.81,26.49,14242100,381491465.0,-0.3,-0.08,0.22,26.66,26.682,26.181,25.891666666666666,中信建投
601066,2025-12-30 00:00:00,2025-12-30,26.5,26.55,26.64,26.42,14443400,385141580.0,-0.11,-0.03,0.22,26.58,26.624000000000002,26.256999999999998,25.912166666666668,中信建投
601066,2025-12-31 00:00:00,2025-12-31,26.55,26.61,26.92,26.52,16038100,430674939.0,0.23,0.06,0.25,26.55,26.631999999999998,26.3315,25.9125,中信建投
601066,2026-01-05 00:00:00,2026-01-05,26.74,26.78,26.85,26.44,19866800,533296312.0,0.64,0.17,0.31,26.61,26.636000000000003,26.403999999999996,25.91166666666667,中信建投
601066,2026-01-06 00:00:00,2026-01-06,26.78,27.25,27.33,26.68,40062200,1093953356.0,1.76,0.47,0.62,26.78,26.636000000000003,26.476,25.9135,中信建投
601066,2026-01-07 00:00:00,2026-01-07,27.25,26.86,27.25,26.64,25373600,687180931.0,-1.43,-0.39,0.39,27.25,26.753999999999998,26.5605,25.923833333333334,中信建投
601066,2026-01-08 00:00:00,2026-01-08,26.72,26.21,26.73,26.14,22532300,592547882.0,-2.42,-0.65,0.35,26.86,26.810000000000002,26.619,25.93016666666667,中信建投
601066,2026-01-09 00:00:00,2026-01-09,26.12,26.15,26.36,26.02,20969600,548729601.0,-0.23,-0.06,0.32,26.21,26.742,26.635,25.928833333333333,中信建投
601066,2026-01-12 00:00:00,2026-01-12,26.26,26.42,26.44,26.11,24437300,642349825.0,1.03,0.27,0.38,26.15,26.65,26.644,25.922666666666665,中信建投
601066,2026-01-13 00:00:00,2026-01-13,26.52,26.04,26.6,25.95,22608600,594494952.0,-1.44,-0.38,0.35,26.42,26.577999999999996,26.653499999999998,25.919833333333333,中信建投
601066,2026-01-14 00:00:00,2026-01-14,26.04,25.58,26.4,25.55,33545100,871429488.0,-1.77,-0.46,0.52,26.04,26.336000000000002,26.6385,25.920666666666666,中信建投
601066,2026-01-15 00:00:00,2026-01-15,25.55,25.28,25.66,25.19,23464700,595387905.0,-1.17,-0.3,0.36,25.58,26.080000000000002,26.595999999999997,25.913999999999998,中信建投
601066,2026-01-16 00:00:00,2026-01-16,25.41,25.08,25.45,25.0,20928200,525860854.0,-0.79,-0.2,0.32,25.28,25.894,26.5265,25.897499999999997,中信建投
601066,2026-01-19 00:00:00,2026-01-19,24.98,24.98,25.07,24.9,15752600,393318477.0,-0.4,-0.1,0.24,25.08,25.68,26.414499999999997,25.882833333333334,中信建投
601066,2026-01-20 00:00:00,2026-01-20,24.97,25.05,25.2,24.93,15445100,386725684.0,0.28,0.07,0.24,24.98,25.392,26.338,25.863833333333336,中信建投
601066,2026-01-21 00:00:00,2026-01-21,25.01,24.77,25.05,24.72,18248800,453761963.0,-1.12,-0.28,0.28,25.05,25.194,26.241499999999995,25.842166666666667,中信建投
601066,2026-01-22 00:00:00,2026-01-22,24.7,24.71,24.88,24.66,16301000,403493435.0,-0.24,-0.06,0.25,24.77,25.032000000000004,26.1365,25.810000000000002,中信建投
601066,2026-01-23 00:00:00,2026-01-23,24.73,24.71,24.78,24.62,20750800,512559643.0,0.0,0.0,0.32,24.71,24.918,26.046499999999998,25.778666666666666,中信建投
601066,2026-01-26 00:00:00,2026-01-26,24.63,24.68,24.89,24.49,25965200,640746766.0,-0.12,-0.03,0.4,24.71,24.844,25.952499999999997,25.740999999999996,中信建投
601066,2026-01-27 00:00:00,2026-01-27,24.65,24.41,24.65,24.39,17117900,419290827.0,-1.09,-0.27,0.26,24.68,24.784,25.847499999999997,25.711,中信建投
601066,2026-01-28 00:00:00,2026-01-28,24.41,24.13,24.48,24.12,19895200,482683150.0,-1.15,-0.28,0.31,24.41,24.656,25.735000000000003,25.684,中信建投
601066,2026-01-29 00:00:00,2026-01-29,24.1,24.42,24.54,23.77,26549700,640216680.0,1.2,0.29,0.41,24.13,24.528,25.6125,25.656166666666664,中信建投
601066,2026-01-30 00:00:00,2026-01-30,24.42,24.05,24.47,24.03,17156200,415167979.0,-1.52,-0.37,0.26,24.42,24.470000000000002,25.506,25.635833333333334,中信建投
601066,2026-02-02 00:00:00,2026-02-02,24.0,23.89,24.39,23.86,16676100,401927526.0,-0.67,-0.16,0.26,24.05,24.338,25.378,25.609666666666666,中信建投
601066,2026-02-03 00:00:00,2026-02-03,24.04,24.01,24.12,23.78,14701900,351578599.0,0.5,0.12,0.23,23.89,24.18,25.2335,25.580333333333332,中信建投
601066,2026-02-04 00:00:00,2026-02-04,23.96,24.33,24.44,23.93,15412600,372979989.0,1.33,0.32,0.24,24.01,24.1,25.071499999999997,25.556333333333335,中信建投
601066,2026-02-05 00:00:00,2026-02-05,24.35,24.58,24.78,24.33,21869400,536442980.0,1.03,0.25,0.34,24.33,24.14,24.945,25.53216666666667,中信建投
601066,2026-02-06 00:00:00,2026-02-06,24.48,24.31,24.48,24.25,14082900,342781933.0,-1.1,-0.27,0.22,24.58,24.172,24.8635,25.516499999999997,中信建投
601066,2026-02-09 00:00:00,2026-02-09,24.5,24.4,24.5,24.3,10758100,262200603.0,0.37,0.09,0.17,24.31,24.224,24.7715,25.497666666666667,中信建投
601066,2026-02-10 00:00:00,2026-02-10,24.4,24.33,24.42,24.3,7743600,188474330.0,-0.29,-0.07,0.12,24.4,24.326,24.670499999999997,25.479499999999998,中信建投
601066,2026-02-11 00:00:00,2026-02-11,24.33,24.28,24.37,24.25,7172700,174336250.0,-0.21,-0.05,0.11,24.33,24.389999999999997,24.585,25.465833333333332,中信建投
601066,2026-02-12 00:00:00,2026-02-12,24.28,24.14,24.3,24.12,7966000,192601661.0,-0.58,-0.14,0.12,24.28,24.38,24.52,25.456166666666668,中信建投
601066,2026-02-13 00:00:00,2026-02-13,24.13,24.02,24.28,24.0,8480400,204684722.0,-0.5,-0.12,0.13,24.14,24.291999999999998,24.463,25.444166666666664,中信建投
601066,2026-02-24 00:00:00,2026-02-24,24.0,23.83,24.21,23.81,16248800,388184400.0,-0.79,-0.19,0.25,24.02,24.234,24.410000000000004,25.429333333333332,中信建投
601066,2026-02-25 00:00:00,2026-02-25,23.85,23.93,24.09,23.82,12924300,309890166.0,0.42,0.1,0.2,23.83,24.119999999999997,24.3525,25.409,中信建投
601066,2026-02-26 00:00:00,2026-02-26,23.94,23.72,23.96,23.67,11818300,280775437.0,-0.88,-0.21,0.18,23.93,24.04,24.2965,25.397166666666667,中信建投
601066,2026-02-27 00:00:00,2026-02-27,23.71,23.85,23.85,23.59,10454000,248197466.0,0.55,0.13,0.16,23.72,23.928,24.244,25.38233333333333,中信建投
601066,2026-03-02 00:00:00,2026-03-02,23.6,23.46,23.78,23.35,12457700,292917750.0,-1.64,-0.39,0.19,23.85,23.869999999999997,24.201,25.370166666666666,中信建投
601066,2026-03-03 00:00:00,2026-03-03,23.5,23.5,23.88,23.4,16726400,395465456.0,0.17,0.04,0.26,23.46,23.758000000000003,24.1385,25.3515,中信建投
601066,2026-03-04 00:00:00,2026-03-04,23.41,22.93,23.43,22.88,16268000,375250920.0,-2.43,-0.57,0.25,23.5,23.692,24.0795,25.335500000000003,中信建投
601066,2026-03-05 00:00:00,2026-03-05,23.1,22.99,23.18,22.9,7731200,177975299.0,0.26,0.06,0.12,22.93,23.491999999999997,24.0055,25.307166666666664,中信建投
601077,2025-09-02 00:00:00,2025-09-02,6.18,6.45,6.48,6.16,168300600,1108560560.0,4.37,0.27,1.9,6.18,,,,渝农商行
601077,2025-09-03 00:00:00,2025-09-03,6.5,6.35,6.5,6.3,85516700,560933097.0,-1.55,-0.1,0.97,6.45,,,,渝农商行
601077,2025-09-04 00:00:00,2025-09-04,6.3,6.27,6.32,6.12,104282100,668599542.0,-1.26,-0.08,1.18,6.35,,,,渝农商行
601077,2025-09-05 00:00:00,2025-09-05,6.25,6.27,6.3,6.18,74240100,479050816.0,0.0,0.0,0.84,6.27,,,,渝农商行
601077,2025-09-08 00:00:00,2025-09-08,6.25,6.35,6.4,6.22,83682700,547547654.0,1.28,0.08,0.95,6.27,6.304,,,渝农商行
601077,2025-09-09 00:00:00,2025-09-09,6.35,6.34,6.37,6.22,63231800,409846617.0,-0.16,-0.01,0.72,6.35,6.337999999999999,,,渝农商行
601077,2025-09-10 00:00:00,2025-09-10,6.31,6.46,6.48,6.27,106091100,702151641.0,1.89,0.12,1.2,6.34,6.316,,,渝农商行
601077,2025-09-11 00:00:00,2025-09-11,6.43,6.42,6.57,6.39,79222500,527291352.0,-0.62,-0.04,0.9,6.46,6.337999999999999,,,渝农商行
601077,2025-09-12 00:00:00,2025-09-12,6.4,6.28,6.44,6.26,56291800,367396396.0,-2.18,-0.14,0.64,6.42,6.367999999999999,,,渝农商行
601077,2025-09-15 00:00:00,2025-09-15,6.25,6.17,6.28,6.15,61296000,392044978.0,-1.75,-0.11,0.69,6.28,6.369999999999999,,,渝农商行
601077,2025-09-16 00:00:00,2025-09-16,6.17,6.2,6.3,6.08,103907800,664450824.0,0.49,0.03,1.18,6.17,6.3340000000000005,,,渝农商行
601077,2025-09-17 00:00:00,2025-09-17,6.18,6.25,6.28,6.16,69215300,444707521.0,0.81,0.05,0.78,6.2,6.306,,,渝农商行
601077,2025-09-18 00:00:00,2025-09-18,6.27,6.15,6.34,6.15,82907500,534105501.0,-1.6,-0.1,0.94,6.25,6.264,,,渝农商行
601077,2025-09-19 00:00:00,2025-09-19,6.16,6.06,6.18,6.01,49253600,308804105.0,-1.46,-0.09,0.56,6.15,6.209999999999999,,,渝农商行
601077,2025-09-22 00:00:00,2025-09-22,6.05,6.07,6.08,6.0,36970100,230693422.0,0.17,0.01,0.42,6.06,6.166,,,渝农商行
601077,2025-09-23 00:00:00,2025-09-23,6.06,6.22,6.24,5.97,88136000,559177972.0,2.47,0.15,1.0,6.07,6.146,,,渝农商行
601077,2025-09-24 00:00:00,2025-09-24,6.17,6.34,6.44,6.17,85341000,559063891.0,1.93,0.12,0.97,6.22,6.15,,,渝农商行
601077,2025-09-25 00:00:00,2025-09-25,6.32,6.11,6.34,6.11,78718800,502044400.0,-3.63,-0.23,0.89,6.34,6.168,,,渝农商行
601077,2025-09-26 00:00:00,2025-09-26,6.12,6.26,6.3,6.09,73017800,469235536.0,2.45,0.15,0.83,6.11,6.159999999999999,,,渝农商行
601077,2025-09-29 00:00:00,2025-09-29,6.26,6.4,6.43,6.2,99495700,653955333.0,2.24,0.14,1.13,6.26,6.2,6.26,,渝农商行
601077,2025-09-30 00:00:00,2025-09-30,6.42,6.39,6.42,6.18,86776100,561704857.0,-0.16,-0.01,0.98,6.4,6.266,6.271,,渝农商行
601077,2025-10-09 00:00:00,2025-10-09,6.38,6.25,6.38,6.19,65506900,420608642.0,-2.19,-0.14,0.74,6.39,6.3,6.268,,渝农商行
601077,2025-10-10 00:00:00,2025-10-10,6.21,6.29,6.39,6.21,73927200,482408739.0,0.64,0.04,0.84,6.25,6.282,6.263,,渝农商行
601077,2025-10-13 00:00:00,2025-10-13,6.23,6.56,6.58,6.2,133614000,887377581.0,4.29,0.27,1.51,6.29,6.318,6.264,,渝农商行
601077,2025-10-14 00:00:00,2025-10-14,6.49,6.96,6.99,6.4,164360000,1144054664.0,6.1,0.4,1.86,6.56,6.378,6.2785,,渝农商行
601077,2025-10-15 00:00:00,2025-10-15,6.95,6.95,7.03,6.89,90294200,646420954.0,-0.14,-0.01,1.02,6.96,6.49,6.308999999999999,,渝农商行
601077,2025-10-16 00:00:00,2025-10-16,6.94,7.08,7.13,6.91,80973300,585449873.0,1.87,0.13,0.92,6.95,6.601999999999999,6.3395,,渝农商行
601077,2025-10-17 00:00:00,2025-10-17,7.08,7.08,7.22,7.02,59651700,435412992.0,0.0,0.0,0.67,7.08,6.768000000000001,6.3705,,渝农商行
601077,2025-10-20 00:00:00,2025-10-20,7.01,6.95,7.08,6.83,78510600,560010474.0,-1.84,-0.13,0.89,7.08,6.926,6.403499999999999,,渝农商行
601077,2025-10-21 00:00:00,2025-10-21,6.94,6.87,6.98,6.82,62249500,440944022.0,-1.15,-0.08,0.7,6.95,7.004,6.436999999999999,,渝农商行
601077,2025-10-22 00:00:00,2025-10-22,6.83,6.89,6.92,6.82,37092900,262366813.0,0.29,0.02,0.42,6.87,6.986,6.4719999999999995,,渝农商行
601077,2025-10-23 00:00:00,2025-10-23,6.87,6.82,6.93,6.75,61428400,431268154.0,-1.02,-0.07,0.7,6.89,6.973999999999999,6.5065,,渝农商行
601077,2025-10-24 00:00:00,2025-10-24,6.78,6.73,6.84,6.7,56607400,393120457.0,-1.32,-0.09,0.64,6.82,6.922,6.535000000000001,,渝农商行
601077,2025-10-27 00:00:00,2025-10-27,6.7,6.83,6.86,6.64,65176400,454852720.0,1.49,0.1,0.74,6.73,6.852000000000001,6.564,,渝农商行
601077,2025-10-28 00:00:00,2025-10-28,6.83,6.76,6.85,6.68,43558100,303344149.0,-1.02,-0.07,0.49,6.83,6.828,6.602499999999999,,渝农商行
601077,2025-10-29 00:00:00,2025-10-29,6.7,6.66,6.77,6.51,93047800,636684073.0,-1.48,-0.1,1.05,6.76,6.806,6.6370000000000005,,渝农商行
601077,2025-10-30 00:00:00,2025-10-30,6.68,6.68,6.76,6.64,46844100,323421717.0,0.3,0.02,0.53,6.66,6.760000000000001,6.659000000000001,,渝农商行
601077,2025-10-31 00:00:00,2025-10-31,6.71,6.72,6.78,6.6,49212500,338921593.0,0.6,0.04,0.56,6.68,6.732000000000001,6.676,,渝农商行
601077,2025-11-03 00:00:00,2025-11-03,6.71,6.94,7.02,6.65,85653000,605633211.0,3.27,0.22,0.97,6.72,6.7299999999999995,6.7065,,渝农商行
601077,2025-11-04 00:00:00,2025-11-04,6.92,6.95,7.02,6.91,41177800,294719285.0,0.14,0.01,0.47,6.94,6.752,6.7405,,渝农商行
601077,2025-11-05 00:00:00,2025-11-05,6.94,6.9,7.0,6.9,34532200,247032876.0,-0.72,-0.05,0.39,6.95,6.790000000000001,6.767999999999999,,渝农商行
601077,2025-11-06 00:00:00,2025-11-06,6.89,6.89,6.93,6.8,55896800,394425580.0,-0.14,-0.01,0.63,6.9,6.837999999999999,6.7935,,渝农商行
601077,2025-11-07 00:00:00,2025-11-07,6.88,6.81,6.93,6.75,56598400,396853739.0,-1.16,-0.08,0.64,6.89,6.88,6.8255,,渝农商行
601077,2025-11-10 00:00:00,2025-11-10,6.78,6.8,6.88,6.74,63368300,444200452.0,-0.15,-0.01,0.72,6.81,6.898000000000001,6.8515,,渝农商行
601077,2025-11-11 00:00:00,2025-11-11,6.8,6.78,6.85,6.77,40499000,283553998.0,-0.29,-0.02,0.46,6.8,6.87,6.8635,,渝农商行
601077,2025-11-12 00:00:00,2025-11-12,6.81,6.87,7.0,6.78,78681500,560230148.0,1.33,0.09,0.89,6.78,6.836,6.8545,,渝农商行
601077,2025-11-13 00:00:00,2025-11-13,6.84,6.79,6.94,6.75,53550400,375810535.0,-1.16,-0.08,0.61,6.87,6.83,6.850500000000001,,渝农商行
601077,2025-11-14 00:00:00,2025-11-14,6.79,6.79,6.91,6.78,33972400,239224945.0,0.0,0.0,0.38,6.79,6.81,6.836,,渝农商行
601077,2025-11-17 00:00:00,2025-11-17,6.77,6.64,6.8,6.62,47681900,327834161.0,-2.21,-0.15,0.54,6.79,6.806,6.821499999999999,,渝农商行
601077,2025-11-18 00:00:00,2025-11-18,6.64,6.48,6.67,6.46,54779900,368834332.0,-2.41,-0.16,0.62,6.64,6.773999999999999,6.806,,渝农商行
601077,2025-11-19 00:00:00,2025-11-19,6.47,6.52,6.59,6.46,37951200,255694650.0,0.62,0.04,0.43,6.48,6.714,6.786499999999999,,渝农商行
601077,2025-11-20 00:00:00,2025-11-20,6.53,6.56,6.69,6.49,48824900,331821121.0,0.61,0.04,0.55,6.52,6.644,6.768000000000001,,渝农商行
601077,2025-11-21 00:00:00,2025-11-21,6.52,6.34,6.59,6.32,63701300,422349506.0,-3.35,-0.22,0.72,6.56,6.598000000000001,6.755,,渝农商行
601077,2025-11-24 00:00:00,2025-11-24,6.35,6.29,6.4,6.24,59823900,388758494.0,-0.79,-0.05,0.68,6.34,6.508,6.7355,,渝农商行
601077,2025-11-25 00:00:00,2025-11-25,6.28,6.32,6.35,6.25,39887300,259633260.0,0.48,0.03,0.45,6.29,6.438,6.708499999999999,,渝农商行
601077,2025-11-26 00:00:00,2025-11-26,6.33,6.33,6.39,6.29,35530200,232394338.0,0.16,0.01,0.4,6.32,6.406000000000001,6.6865,,渝农商行
601077,2025-11-27 00:00:00,2025-11-27,6.32,6.36,6.38,6.27,40152300,262005680.0,0.47,0.03,0.45,6.33,6.367999999999999,6.67,,渝农商行
601077,2025-11-28 00:00:00,2025-11-28,6.34,6.3,6.35,6.28,32078600,208746660.0,-0.94,-0.06,0.36,6.36,6.328,6.654000000000001,,渝农商行
601077,2025-12-01 00:00:00,2025-12-01,6.33,6.44,6.46,6.3,63918300,422136139.0,2.22,0.14,0.72,6.3,6.32,6.633,,渝农商行
601077,2025-12-02 00:00:00,2025-12-02,6.41,6.52,6.56,6.41,53837000,360503570.0,1.24,0.08,0.61,6.44,6.35,6.608,6.536166666666667,渝农商行
601077,2025-12-03 00:00:00,2025-12-03,6.5,6.45,6.58,6.42,46804000,314085613.0,-1.07,-0.07,0.53,6.52,6.39,6.586500000000001,6.541833333333333,渝农商行
601077,2025-12-04 00:00:00,2025-12-04,6.46,6.43,6.49,6.4,29213300,194133629.0,-0.31,-0.02,0.33,6.45,6.414,6.564,6.541833333333333,渝农商行
601077,2025-12-05 00:00:00,2025-12-05,6.43,6.33,6.49,6.3,52864900,347322320.0,-1.56,-0.1,0.6,6.43,6.428,6.5409999999999995,6.543166666666666,渝农商行
601077,2025-12-08 00:00:00,2025-12-08,6.35,6.3,6.36,6.3,50741900,331016827.0,-0.47,-0.03,0.57,6.33,6.434,6.517,6.5441666666666665,渝农商行
601077,2025-12-09 00:00:00,2025-12-09,6.3,6.26,6.34,6.24,50787500,328818973.0,-0.63,-0.04,0.57,6.3,6.406000000000001,6.492,6.544666666666667,渝农商行
601077,2025-12-10 00:00:00,2025-12-10,6.25,6.16,6.3,6.13,49570800,316637311.0,-1.6,-0.1,0.56,6.26,6.354,6.465999999999999,6.543166666666666,渝农商行
601077,2025-12-11 00:00:00,2025-12-11,6.17,6.11,6.19,6.08,60237300,380876020.0,-0.81,-0.05,0.68,6.16,6.296,6.430499999999999,6.540166666666667,渝农商行
601077,2025-12-12 00:00:00,2025-12-12,6.13,6.12,6.19,6.03,133204100,842014239.0,0.16,0.01,1.51,6.11,6.231999999999999,6.3965000000000005,6.5343333333333335,渝农商行
601077,2025-12-15 00:00:00,2025-12-15,6.1,6.06,6.12,5.97,74249200,463441822.0,-0.98,-0.06,0.84,6.12,6.1899999999999995,6.3629999999999995,6.5293333333333345,渝农商行
601077,2025-12-16 00:00:00,2025-12-16,6.05,6.12,6.13,6.01,56951900,357951762.0,0.99,0.06,0.64,6.06,6.142,6.334,6.525666666666667,渝农商行
601077,2025-12-17 00:00:00,2025-12-17,6.13,6.05,6.13,6.03,61322200,384393745.0,-1.14,-0.07,0.69,6.12,6.114,6.316000000000001,6.524833333333333,渝农商行
601077,2025-12-18 00:00:00,2025-12-18,6.06,6.25,6.29,6.02,76946700,490147457.0,3.31,0.2,0.87,6.05,6.0920000000000005,6.2924999999999995,6.522333333333333,渝农商行
601077,2025-12-19 00:00:00,2025-12-19,6.23,6.3,6.34,6.2,50194400,325776891.0,0.8,0.05,0.57,6.25,6.12,6.277,6.522333333333333,渝农商行
601077,2025-12-22 00:00:00,2025-12-22,6.27,6.16,6.29,6.13,41802700,266829496.0,-2.22,-0.14,0.47,6.3,6.156000000000001,6.275,6.5248333333333335,渝农商行
601077,2025-12-23 00:00:00,2025-12-23,6.16,6.22,6.27,6.16,35775100,229865198.0,0.97,0.06,0.4,6.16,6.176,6.2684999999999995,6.5265,渝农商行
601077,2025-12-24 00:00:00,2025-12-24,6.24,6.23,6.32,6.15,42451300,272247620.0,0.16,0.01,0.48,6.22,6.196,6.2635000000000005,6.529,渝农商行
601077,2025-12-25 00:00:00,2025-12-25,6.22,6.22,6.28,6.17,40662600,260911562.0,-0.16,-0.01,0.46,6.23,6.232,6.2585,6.529166666666667,渝农商行
601077,2025-12-26 00:00:00,2025-12-26,6.2,6.14,6.22,6.13,36886300,234546852.0,-1.29,-0.08,0.42,6.22,6.226,6.2515,6.527166666666667,渝农商行
601077,2025-12-29 00:00:00,2025-12-29,6.14,6.13,6.14,6.05,62754200,394676378.0,-0.16,-0.01,0.71,6.14,6.194,6.243499999999999,6.527666666666667,渝农商行
601077,2025-12-30 00:00:00,2025-12-30,6.13,6.11,6.16,6.06,54662200,344186451.0,-0.33,-0.02,0.62,6.13,6.188,6.228,6.5255,渝农商行
601077,2025-12-31 00:00:00,2025-12-31,6.1,6.26,6.29,6.08,79168600,508573027.0,2.45,0.15,0.9,6.11,6.1659999999999995,6.2075000000000005,6.520666666666666,渝农商行
601077,2026-01-05 00:00:00,2026-01-05,6.24,6.22,6.26,6.1,73354900,468051529.0,-0.64,-0.04,0.83,6.26,6.172,6.1979999999999995,6.5185,渝农商行
601077,2026-01-06 00:00:00,2026-01-06,6.18,6.18,6.25,6.15,90176200,575582611.0,-0.64,-0.04,1.02,6.22,6.172,6.1875,6.518,渝农商行
601077,2026-01-07 00:00:00,2026-01-07,6.16,6.19,6.22,6.14,58478300,373504453.0,0.16,0.01,0.66,6.18,6.18,6.18,6.516166666666667,渝农商行
601077,2026-01-08 00:00:00,2026-01-08,6.2,6.3,6.35,6.17,105296900,685181009.0,1.78,0.11,1.19,6.19,6.192,6.1745,6.510000000000001,渝农商行
601077,2026-01-09 00:00:00,2026-01-09,6.3,6.37,6.43,6.26,81276400,532362275.0,1.11,0.07,0.92,6.3,6.23,6.1765,6.499,渝农商行
601077,2026-01-12 00:00:00,2026-01-12,6.37,6.31,6.37,6.27,69011700,449060135.0,-0.94,-0.06,0.78,6.37,6.252,6.186999999999999,6.489333333333334,渝农商行
601077,2026-01-13 00:00:00,2026-01-13,6.31,6.45,6.53,6.3,81306700,540055729.0,2.22,0.14,0.92,6.31,6.2700000000000005,6.197,6.476500000000001,渝农商行
601077,2026-01-14 00:00:00,2026-01-14,6.45,6.33,6.46,6.3,71496900,468005195.0,-1.86,-0.12,0.81,6.45,6.324,6.213500000000001,6.465999999999999,渝农商行
601077,2026-01-15 00:00:00,2026-01-15,6.31,6.26,6.34,6.24,51925100,337420465.0,-1.11,-0.07,0.59,6.33,6.351999999999999,6.227,6.455666666666667,渝农商行
601077,2026-01-16 00:00:00,2026-01-16,6.25,6.15,6.27,6.11,93221100,592687286.0,-1.76,-0.11,1.05,6.26,6.343999999999999,6.234,6.445499999999999,渝农商行
601077,2026-01-19 00:00:00,2026-01-19,6.13,5.95,6.15,5.92,130632000,810317944.0,-3.25,-0.2,1.48,6.15,6.3,6.239,6.433166666666667,渝农商行
601077,2026-01-20 00:00:00,2026-01-20,5.94,6.07,6.11,5.92,80821600,503497336.0,2.02,0.12,0.91,5.95,6.228,6.224,6.418666666666667,渝农商行
601077,2026-01-21 00:00:00,2026-01-21,6.07,5.99,6.14,5.98,69281700,431696945.0,-1.32,-0.08,0.78,6.07,6.152,6.2125,6.407666666666667,渝农商行
601077,2026-01-22 00:00:00,2026-01-22,5.99,6.07,6.1,5.96,69869100,436950391.0,1.34,0.08,0.79,5.99,6.084,6.204000000000001,6.393666666666666,渝农商行
601077,2026-01-23 00:00:00,2026-01-23,6.08,6.12,6.22,6.05,92129800,564992316.0,0.82,0.05,1.04,6.07,6.046,6.1965,6.3821666666666665,渝农商行
601077,2026-01-26 00:00:00,2026-01-26,6.09,6.13,6.21,6.02,80672500,495631708.0,0.16,0.01,0.91,6.12,6.04,6.191000000000001,6.373166666666666,渝农商行
601077,2026-01-27 00:00:00,2026-01-27,6.13,6.15,6.28,6.1,100565900,624207103.0,0.33,0.02,1.14,6.13,6.076,6.1865000000000006,6.364,渝农商行
601077,2026-01-28 00:00:00,2026-01-28,6.14,6.21,6.3,6.13,86799600,541395062.0,0.98,0.06,0.98,6.15,6.0920000000000005,6.187,6.3545,渝农商行
601077,2026-01-29 00:00:00,2026-01-29,6.21,6.47,6.49,6.2,115989600,740475627.0,4.19,0.26,1.31,6.21,6.136,6.191,6.342333333333333,渝农商行
601077,2026-01-30 00:00:00,2026-01-30,6.46,6.48,6.48,6.36,87161000,559612425.0,0.15,0.01,0.99,6.47,6.216,6.209,6.334333333333333,渝农商行
601077,2026-02-02 00:00:00,2026-02-02,6.41,6.33,6.47,6.31,99996600,637742910.0,-2.31,-0.15,1.13,6.48,6.288,6.220000000000001,6.327333333333333,渝农商行
601077,2026-02-03 00:00:00,2026-02-03,6.33,6.26,6.35,6.23,58819400,368939071.0,-1.11,-0.07,0.67,6.33,6.328,6.2255,6.318,渝农商行
601077,2026-02-04 00:00:00,2026-02-04,6.29,6.35,6.47,6.28,54609100,348547555.0,1.44,0.09,0.62,6.26,6.35,6.2295,6.308833333333333,渝农商行
601077,2026-02-05 00:00:00,2026-02-05,6.38,6.57,6.58,6.33,78332400,509904185.0,3.46,0.22,0.89,6.35,6.377999999999999,6.2375,6.301333333333333,渝农商行
601077,2026-02-06 00:00:00,2026-02-06,6.56,6.58,6.67,6.51,69391900,457725943.0,0.15,0.01,0.79,6.57,6.398,6.251,6.297833333333333,渝农商行
601077,2026-02-09 00:00:00,2026-02-09,6.53,6.6,6.66,6.5,45398500,299341057.0,0.3,0.02,0.51,6.58,6.417999999999999,6.2615,6.293,渝农商行
601077,2026-02-10 00:00:00,2026-02-10,6.59,6.71,6.73,6.59,72621600,484754398.0,1.67,0.11,0.82,6.6,6.4719999999999995,6.276,6.289833333333333,渝农商行
601077,2026-02-11 00:00:00,2026-02-11,6.7,6.76,6.81,6.68,56552300,382320939.0,0.75,0.05,0.64,6.71,6.562,6.289,6.2885,渝农商行
601077,2026-02-12 00:00:00,2026-02-12,6.76,6.71,6.82,6.7,40022300,269853594.0,-0.74,-0.05,0.45,6.76,6.644,6.310499999999999,6.2905,渝农商行
601077,2026-02-13 00:00:00,2026-02-13,6.73,6.65,6.73,6.59,42025200,279371669.0,-0.89,-0.06,0.48,6.71,6.672,6.333,6.294333333333333,渝农商行
601077,2026-02-24 00:00:00,2026-02-24,6.66,6.52,6.67,6.52,45567900,300512933.0,-1.95,-0.13,0.52,6.65,6.686,6.358,6.296499999999999,渝农商行
601077,2026-02-25 00:00:00,2026-02-25,6.53,6.5,6.55,6.45,57192300,371008556.0,-0.31,-0.02,0.65,6.52,6.67,6.3865,6.295833333333333,渝农商行
601077,2026-02-26 00:00:00,2026-02-26,6.49,6.52,6.63,6.47,42813600,279038888.0,0.31,0.02,0.48,6.5,6.628,6.4079999999999995,6.298500000000001,渝农商行
601077,2026-02-27 00:00:00,2026-02-27,6.53,6.49,6.58,6.42,54185400,351422195.0,-0.46,-0.03,0.61,6.52,6.58,6.4345,6.302333333333333,渝农商行
601077,2026-03-02 00:00:00,2026-03-02,6.48,6.5,6.62,6.41,73502100,479126688.0,0.15,0.01,0.83,6.49,6.536,6.455500000000001,6.305166666666667,渝农商行
601077,2026-03-03 00:00:00,2026-03-03,6.5,6.71,6.87,6.43,106781400,713111372.0,3.23,0.21,1.21,6.5,6.506,6.474500000000001,6.308000000000001,渝农商行
601077,2026-03-04 00:00:00,2026-03-04,6.68,6.75,6.77,6.61,91172300,611981923.0,0.6,0.04,1.03,6.71,6.544,6.5035,6.313833333333333,渝农商行
601077,2026-03-05 00:00:00,2026-03-05,6.71,6.77,6.79,6.65,54411300,366768527.0,0.3,0.02,0.62,6.75,6.593999999999999,6.533499999999999,6.321333333333333,渝农商行
601127,2025-09-02 00:00:00,2025-09-02,142.69,146.63,150.57,142.34,58680200,8596149599.0,2.12,3.05,3.89,143.58,,,,赛力斯
601127,2025-09-03 00:00:00,2025-09-03,149.27,147.35,152.69,146.43,49770200,7456703959.0,0.49,0.72,3.3,146.63,,,,赛力斯
601127,2025-09-04 00:00:00,2025-09-04,147.04,147.99,151.67,145.36,47724600,7079741329.0,0.43,0.64,3.16,147.35,,,,赛力斯
601127,2025-09-05 00:00:00,2025-09-05,148.69,146.19,149.38,138.19,73154000,10485335511.0,-1.22,-1.8,4.85,147.99,,,,赛力斯
601127,2025-09-08 00:00:00,2025-09-08,145.99,142.84,149.63,141.05,43623400,6323127014.0,-2.29,-3.35,2.89,146.19,146.348,,,赛力斯
601127,2025-09-09 00:00:00,2025-09-09,142.69,139.67,143.69,139.19,30026000,4248993571.0,-2.22,-3.17,1.99,142.84,146.2,,,赛力斯
601127,2025-09-10 00:00:00,2025-09-10,139.69,138.26,140.9,137.72,22427500,3115981342.0,-1.01,-1.41,1.49,139.67,144.808,,,赛力斯
601127,2025-09-11 00:00:00,2025-09-11,137.69,139.08,139.08,136.23,28978800,3998079644.0,0.59,0.82,1.92,138.26,142.99,,,赛力斯
601127,2025-09-12 00:00:00,2025-09-12,139.09,137.99,139.89,137.76,22048800,3061752507.0,-0.78,-1.09,1.46,139.08,141.20800000000003,,,赛力斯
601127,2025-09-15 00:00:00,2025-09-15,139.69,142.19,144.56,139.69,44323400,6325075414.0,3.04,4.2,2.94,137.99,139.568,,,赛力斯
601127,2025-09-16 00:00:00,2025-09-16,142.69,140.48,142.69,139.72,24022500,3388854995.0,-1.2,-1.71,1.59,142.19,139.438,,,赛力斯
601127,2025-09-17 00:00:00,2025-09-17,139.89,140.77,141.49,139.0,24186700,3393646684.0,0.21,0.29,1.6,140.48,139.6,,,赛力斯
601127,2025-09-18 00:00:00,2025-09-18,140.75,142.79,147.45,140.32,51686300,7458972999.0,1.43,2.02,3.42,140.77,140.102,,,赛力斯
601127,2025-09-19 00:00:00,2025-09-19,142.79,143.29,144.47,141.1,26398400,3776818350.0,0.35,0.5,1.75,142.79,140.844,,,赛力斯
601127,2025-09-22 00:00:00,2025-09-22,143.59,144.39,144.69,140.4,31565500,4510604545.0,0.77,1.1,2.09,143.29,141.904,,,赛力斯
601127,2025-09-23 00:00:00,2025-09-23,144.01,141.69,144.01,139.21,27490900,3887993354.0,-1.87,-2.7,1.82,144.39,142.344,,,赛力斯
601127,2025-09-24 00:00:00,2025-09-24,138.69,143.04,144.68,137.7,35137300,4989953570.0,0.95,1.35,2.33,141.69,142.58599999999998,,,赛力斯
601127,2025-09-25 00:00:00,2025-09-25,139.69,148.34,149.69,139.19,62425500,9141412043.0,3.71,5.3,4.13,143.04,143.04000000000002,,,赛力斯
601127,2025-09-26 00:00:00,2025-09-26,151.69,156.91,163.21,151.31,99743600,16002434024.0,5.78,8.57,6.61,148.34,144.15,,,赛力斯
601127,2025-09-29 00:00:00,2025-09-29,157.69,158.88,159.59,154.18,56773300,8948054815.0,1.26,1.97,3.76,156.91,146.87399999999997,143.6735,,赛力斯
601127,2025-09-30 00:00:00,2025-09-30,160.79,171.26,174.35,159.97,63629000,10731974785.0,7.79,12.38,4.21,158.88,149.772,144.4385,,赛力斯
601127,2025-10-09 00:00:00,2025-10-09,173.19,159.69,173.19,158.46,79427800,12953281518.0,-6.76,-11.57,5.26,171.26,155.686,145.67000000000002,,赛力斯
601127,2025-10-10 00:00:00,2025-10-10,164.69,167.36,171.69,164.69,63593800,10728546442.0,4.8,7.67,4.21,159.69,159.01600000000002,146.28699999999998,,赛力斯
601127,2025-10-13 00:00:00,2025-10-13,160.69,161.19,166.39,158.77,50171800,8108659252.0,-3.69,-6.17,3.32,167.36,162.82,147.25549999999998,,赛力斯
601127,2025-10-14 00:00:00,2025-10-14,162.99,159.22,165.49,158.9,34513800,5596504163.0,-1.22,-1.97,2.29,161.19,163.67600000000002,148.0055,,赛力斯
601127,2025-10-15 00:00:00,2025-10-15,159.44,160.24,160.67,155.44,26884200,4263210823.0,0.64,1.02,1.78,159.22,163.74399999999997,148.8245,,赛力斯
601127,2025-10-16 00:00:00,2025-10-16,160.24,160.24,163.04,159.32,24786100,3997544828.0,0.0,0.0,1.64,160.24,161.54000000000002,149.853,,赛力斯
601127,2025-10-17 00:00:00,2025-10-17,158.69,154.77,159.53,154.7,27969900,4393135462.0,-3.41,-5.47,1.85,160.24,161.65,150.95200000000003,,赛力斯
601127,2025-10-20 00:00:00,2025-10-20,157.27,155.39,157.27,154.39,17024700,2658009446.0,0.4,0.62,1.13,154.77,159.132,151.7365,,赛力斯
601127,2025-10-21 00:00:00,2025-10-21,156.19,157.73,158.58,154.35,21226600,3332311756.0,1.51,2.34,1.41,155.39,157.97199999999998,152.6065,,赛力斯
601127,2025-10-22 00:00:00,2025-10-22,156.71,156.83,158.44,156.27,11927100,1878350509.0,-0.57,-0.9,0.79,157.73,157.674,153.3835,,赛力斯
601127,2025-10-23 00:00:00,2025-10-23,156.69,158.16,159.89,155.49,21851200,3454083491.0,0.85,1.33,1.45,156.83,156.99200000000002,154.201,,赛力斯
601127,2025-10-24 00:00:00,2025-10-24,157.97,159.7,160.57,157.37,20307800,3237533158.0,0.97,1.54,1.35,158.16,156.576,155.07049999999998,,赛力斯
601127,2025-10-27 00:00:00,2025-10-27,159.56,158.72,161.27,156.57,25655100,4088575804.0,-0.61,-0.98,1.7,159.7,157.56199999999998,155.916,,赛力斯
601127,2025-10-28 00:00:00,2025-10-28,157.72,158.69,160.19,156.78,20243100,3211901321.0,-0.02,-0.03,1.34,158.72,158.228,156.6875,,赛力斯
601127,2025-10-29 00:00:00,2025-10-29,158.69,163.68,163.69,158.51,27451000,4453933337.0,3.14,4.99,1.82,158.69,158.42000000000002,157.4025,,赛力斯
601127,2025-10-30 00:00:00,2025-10-30,164.02,162.94,165.33,160.61,27219800,4437220803.0,-0.45,-0.74,1.8,163.68,159.79000000000002,158.502,,赛力斯
601127,2025-10-31 00:00:00,2025-10-31,156.43,155.19,158.4,155.16,40466000,6329428593.0,-4.76,-7.75,2.68,162.94,160.746,159.497,,赛力斯
601127,2025-11-03 00:00:00,2025-11-03,156.0,152.81,156.66,152.05,20110200,3087510483.0,-1.53,-2.38,1.33,155.19,159.844,159.8395,,赛力斯
601127,2025-11-04 00:00:00,2025-11-04,152.8,154.63,155.41,152.06,19089400,2934329525.0,1.19,1.82,1.26,152.81,158.66199999999998,159.6345,,赛力斯
601127,2025-11-05 00:00:00,2025-11-05,150.0,146.03,150.0,145.5,36275100,5344525731.0,-5.56,-8.6,2.4,154.63,157.85,159.422,,赛力斯
601127,2025-11-06 00:00:00,2025-11-06,145.0,142.13,145.0,139.9,39924700,5662986329.0,-2.67,-3.9,2.64,146.03,154.32,158.1605,,赛力斯
601127,2025-11-07 00:00:00,2025-11-07,140.9,138.57,141.73,137.26,35571800,4947266157.0,-2.5,-3.56,2.36,142.13,150.158,157.2825,,赛力斯
601127,2025-11-10 00:00:00,2025-11-10,138.23,138.65,139.69,137.19,23498100,3258955226.0,0.06,0.08,1.56,138.57,146.834,155.84300000000002,,赛力斯
601127,2025-11-11 00:00:00,2025-11-11,139.0,133.84,139.3,133.48,35159100,4750045976.0,-3.47,-4.81,2.33,138.65,144.002,154.716,,赛力斯
601127,2025-11-12 00:00:00,2025-11-12,133.01,135.69,137.0,131.8,28447200,3847204587.0,1.38,1.85,1.88,133.84,139.844,153.44699999999997,,赛力斯
601127,2025-11-13 00:00:00,2025-11-13,135.7,136.35,136.76,133.05,20392300,2756896570.0,0.49,0.66,1.35,135.69,137.776,152.21949999999998,,赛力斯
601127,2025-11-14 00:00:00,2025-11-14,134.94,135.2,136.57,134.8,14129400,1915750955.0,-0.84,-1.15,0.94,136.35,136.62,151.025,,赛力斯
601127,2025-11-17 00:00:00,2025-11-17,134.0,133.62,134.31,132.88,15328400,2044957255.0,-1.17,-1.58,1.02,135.2,135.946,150.04649999999998,,赛力斯
601127,2025-11-18 00:00:00,2025-11-18,133.01,131.37,133.35,131.23,16756100,2212691252.0,-1.68,-2.25,1.11,133.62,134.94,148.958,,赛力斯
601127,2025-11-19 00:00:00,2025-11-19,130.68,129.93,131.87,129.63,16680700,2176529068.0,-1.1,-1.44,1.1,131.37,134.446,147.64,,赛力斯
601127,2025-11-20 00:00:00,2025-11-20,129.65,126.67,130.69,126.6,24174900,3093528221.0,-2.51,-3.26,1.6,129.93,133.294,146.29500000000002,,赛力斯
601127,2025-11-21 00:00:00,2025-11-21,124.46,123.4,126.7,123.4,24923300,3110380871.0,-2.58,-3.27,1.65,126.67,131.358,144.72050000000002,,赛力斯
601127,2025-11-24 00:00:00,2025-11-24,123.42,124.5,125.5,122.37,24317000,3022901682.0,0.89,1.1,1.61,123.4,128.998,142.9055,,赛力斯
601127,2025-11-25 00:00:00,2025-11-25,125.18,124.85,127.16,124.75,21831800,2747561148.0,0.28,0.35,1.45,124.5,127.174,141.1945,,赛力斯
601127,2025-11-26 00:00:00,2025-11-26,124.99,125.1,125.4,123.84,12572400,1569932035.0,0.2,0.25,0.83,124.85,125.87,139.5025,,赛力斯
601127,2025-11-27 00:00:00,2025-11-27,125.1,125.57,126.83,124.65,14776100,1859268076.0,0.38,0.47,0.98,125.1,124.904,137.57350000000002,,赛力斯
601127,2025-11-28 00:00:00,2025-11-28,127.2,126.19,127.32,125.02,15707100,1978720999.0,0.49,0.62,1.04,125.57,124.684,135.70499999999998,,赛力斯
601127,2025-12-01 00:00:00,2025-12-01,126.21,131.22,131.22,126.2,27359500,3548961058.0,3.99,5.03,1.81,126.19,125.242,134.255,,赛力斯
601127,2025-12-02 00:00:00,2025-12-02,131.16,128.9,131.2,128.25,17356500,2242740607.0,-1.77,-2.32,1.15,131.22,126.58600000000001,133.1755,145.4945,赛力斯
601127,2025-12-03 00:00:00,2025-12-03,128.46,126.87,128.88,126.7,12372700,1574758046.0,-1.57,-2.03,0.82,128.9,127.396,131.889,145.24983333333333,赛力斯
601127,2025-12-04 00:00:00,2025-12-04,126.24,125.99,126.66,124.6,11585500,1455260623.0,-0.69,-0.88,0.77,126.87,127.75,130.93099999999998,144.92050000000003,赛力斯
601127,2025-12-05 00:00:00,2025-12-05,126.1,126.11,126.69,124.83,12267800,1538583298.0,0.1,0.12,0.81,125.99,127.83399999999999,130.124,144.5645,赛力斯
601127,2025-12-08 00:00:00,2025-12-08,126.06,125.58,126.38,124.82,13749100,1725361385.0,-0.42,-0.53,0.91,126.11,127.81800000000001,129.501,144.19983333333337,赛力斯
601127,2025-12-09 00:00:00,2025-12-09,125.1,124.0,125.88,123.87,15848600,1976214628.0,-1.26,-1.58,1.05,125.58,126.69000000000001,128.8475,143.85633333333334,赛力斯
601127,2025-12-10 00:00:00,2025-12-10,123.5,124.44,124.56,122.56,13381200,1654653282.0,0.35,0.44,0.89,124.0,125.71000000000001,128.3555,143.54233333333335,赛力斯
601127,2025-12-11 00:00:00,2025-12-11,124.38,122.3,124.8,122.0,16633200,2046855539.0,-1.72,-2.14,1.1,124.44,125.224,127.793,143.2885,赛力斯
601127,2025-12-12 00:00:00,2025-12-12,121.89,122.37,122.8,118.51,20281900,2454767308.0,0.06,0.07,1.34,122.3,124.48600000000002,127.09050000000002,143.0225,赛力斯
601127,2025-12-15 00:00:00,2025-12-15,120.86,119.5,121.85,119.5,14124600,1703293787.0,-2.35,-2.87,0.94,122.37,123.73800000000001,126.449,142.744,赛力斯
601127,2025-12-16 00:00:00,2025-12-16,122.0,123.31,125.0,119.85,31466700,3863443993.0,3.19,3.81,2.08,119.5,122.522,125.74300000000001,142.43583333333333,赛力斯
601127,2025-12-17 00:00:00,2025-12-17,122.01,121.55,122.01,119.95,19814100,2392794067.0,-1.43,-1.76,1.31,123.31,122.38400000000001,125.34,142.12116666666668,赛力斯
601127,2025-12-18 00:00:00,2025-12-18,120.2,119.5,120.7,119.5,12585600,1510772975.0,-1.69,-2.05,0.83,121.55,121.806,124.921,141.80566666666667,赛力斯
601127,2025-12-19 00:00:00,2025-12-19,118.88,120.6,121.3,118.83,12797700,1541688517.0,0.92,1.1,0.85,119.5,121.24600000000001,124.5625,141.45116666666667,赛力斯
601127,2025-12-22 00:00:00,2025-12-22,121.5,121.42,123.38,121.36,14188600,1734256488.0,0.68,0.82,0.94,120.6,120.89200000000001,124.42250000000001,141.08133333333336,赛力斯
601127,2025-12-23 00:00:00,2025-12-23,120.65,119.64,121.0,119.3,14519200,1742004940.0,-1.47,-1.78,0.96,121.42,121.276,124.26850000000002,140.71683333333334,赛力斯
601127,2025-12-24 00:00:00,2025-12-24,119.43,119.7,120.38,118.71,12847900,1532437971.0,0.05,0.06,0.85,119.64,120.542,124.008,140.30433333333335,赛力斯
601127,2025-12-25 00:00:00,2025-12-25,119.7,119.11,119.7,118.8,10931000,1301577066.0,-0.49,-0.59,0.72,119.7,120.172,123.73799999999999,139.93783333333334,赛力斯
601127,2025-12-26 00:00:00,2025-12-26,119.0,120.67,122.95,118.87,22208000,2692402073.0,1.31,1.56,1.47,119.11,120.09400000000001,123.415,139.53900000000002,赛力斯
601127,2025-12-29 00:00:00,2025-12-29,120.66,120.36,122.32,119.86,14633500,1771165832.0,-0.26,-0.31,0.97,120.67,120.10799999999999,123.13900000000001,139.07783333333333,赛力斯
601127,2025-12-30 00:00:00,2025-12-30,120.6,121.34,121.85,119.58,14710000,1781782284.0,0.81,0.98,0.97,120.36,119.896,122.596,138.46866666666665,赛力斯
601127,2025-12-31 00:00:00,2025-12-31,122.88,120.96,125.3,120.89,21397100,2626090912.0,-0.31,-0.38,1.42,121.34,120.23600000000002,122.21799999999999,137.843,赛力斯
601127,2026-01-05 00:00:00,2026-01-05,120.15,121.31,121.8,119.66,16614300,2009932401.0,0.29,0.35,1.1,120.96,120.48799999999999,121.92249999999999,137.00466666666668,赛力斯
601127,2026-01-06 00:00:00,2026-01-06,121.35,125.32,125.66,121.35,37565600,4677525448.0,3.31,4.01,2.49,121.31,120.928,121.6885,136.36499999999998,赛力斯
601127,2026-01-07 00:00:00,2026-01-07,125.33,128.35,130.99,122.8,52768800,6696608281.0,2.42,3.03,3.5,125.32,121.85799999999999,121.649,135.66433333333333,赛力斯
601127,2026-01-08 00:00:00,2026-01-08,126.29,125.3,126.73,124.81,27259500,3424067468.0,-2.38,-3.05,1.81,128.35,123.45599999999999,121.7875,135.117,赛力斯
601127,2026-01-09 00:00:00,2026-01-09,125.28,124.72,125.94,124.01,21015700,2622150052.0,-0.46,-0.58,1.39,125.3,124.248,121.8525,134.55166666666668,赛力斯
601127,2026-01-12 00:00:00,2026-01-12,124.03,124.03,124.45,123.17,23573100,2916065745.0,-0.55,-0.69,1.56,124.72,125.0,121.8665,133.95966666666666,赛力斯
601127,2026-01-13 00:00:00,2026-01-13,124.99,122.7,125.42,122.31,22376400,2774372001.0,-1.07,-1.33,1.48,124.03,125.54400000000001,121.953,133.35616666666667,赛力斯
601127,2026-01-14 00:00:00,2026-01-14,122.21,121.7,123.28,121.01,23281400,2844369424.0,-0.81,-1.0,1.54,122.7,125.01999999999998,121.9695,132.82166666666666,赛力斯
601127,2026-01-15 00:00:00,2026-01-15,121.3,121.32,122.48,121.01,14038400,1705199679.0,-0.31,-0.38,0.93,121.7,123.69000000000001,122.07950000000001,132.26016666666666,赛力斯
601127,2026-01-16 00:00:00,2026-01-16,121.58,120.92,121.92,120.55,15535100,1879584862.0,-0.33,-0.4,1.03,121.32,122.894,121.97999999999999,131.65333333333334,赛力斯
601127,2026-01-19 00:00:00,2026-01-19,120.97,121.15,122.31,120.96,15259600,1852342374.0,0.19,0.23,1.01,120.92,122.13400000000001,121.9485,131.05483333333333,赛力斯
601127,2026-01-20 00:00:00,2026-01-20,121.02,119.18,121.02,118.98,18681500,2236900827.0,-1.63,-1.97,1.24,121.15,121.55799999999999,122.03099999999999,130.438,赛力斯
601127,2026-01-21 00:00:00,2026-01-21,119.0,118.27,119.45,118.02,15871100,1884025789.0,-0.76,-0.91,1.05,119.18,120.854,121.96,129.76266666666666,赛力斯
601127,2026-01-22 00:00:00,2026-01-22,118.0,115.12,118.44,115.0,30185300,3503666208.0,-2.66,-3.15,2.0,118.27,120.168,121.80249999999998,129.08849999999998,赛力斯
601127,2026-01-23 00:00:00,2026-01-23,115.05,118.0,119.29,114.49,33467100,3903281250.0,2.5,2.88,2.22,115.12,118.928,121.57649999999998,128.36233333333334,赛力斯
601127,2026-01-26 00:00:00,2026-01-26,117.5,114.6,117.5,114.57,21443800,2472379231.0,-2.88,-3.4,1.42,118.0,118.34400000000001,121.4915,127.60099999999998,赛力斯
601127,2026-01-27 00:00:00,2026-01-27,114.67,112.58,115.2,112.5,19283900,2180961001.0,-1.76,-2.02,1.28,114.6,117.03400000000002,121.266,126.79533333333333,赛力斯
601127,2026-01-28 00:00:00,2026-01-28,112.0,108.36,112.0,107.58,36206800,3957570802.0,-3.75,-4.22,2.4,112.58,115.71399999999998,120.8615,126.08516666666667,赛力斯
601127,2026-01-29 00:00:00,2026-01-29,107.58,108.95,110.0,106.35,30914400,3326309066.0,0.54,0.59,2.05,108.36,113.732,120.2615,125.34433333333332,赛力斯
601127,2026-01-30 00:00:00,2026-01-30,107.8,104.09,108.3,104.09,28592200,3014169574.0,-4.46,-4.86,1.89,108.95,112.498,119.64200000000001,124.583,赛力斯
601127,2026-02-02 00:00:00,2026-02-02,104.09,104.45,107.65,104.08,23554500,2493254981.0,0.35,0.36,1.56,104.09,109.71599999999998,118.79850000000002,123.884,赛力斯
601127,2026-02-03 00:00:00,2026-02-03,105.02,107.4,107.43,104.69,23840900,2540142902.0,2.82,2.95,1.58,104.45,107.686,117.9555,123.25600000000001,赛力斯
601127,2026-02-04 00:00:00,2026-02-04,107.53,110.29,112.56,107.53,31564900,3491429568.0,2.69,2.89,2.09,107.4,106.65,117.0595,122.7365,赛力斯
601127,2026-02-05 00:00:00,2026-02-05,110.99,109.3,111.03,108.38,16029000,1753788861.0,-0.9,-0.99,1.06,110.29,107.03600000000002,116.15650000000001,122.26383333333334,赛力斯
601127,2026-02-06 00:00:00,2026-02-06,108.74,109.08,110.3,108.61,13241300,1447492704.0,-0.2,-0.22,0.88,109.3,107.106,115.35650000000001,121.85483333333333,赛力斯
601127,2026-02-09 00:00:00,2026-02-09,111.1,110.98,113.45,110.5,19475800,2176917334.0,1.74,1.9,1.29,109.08,108.104,114.57450000000001,121.41133333333333,赛力斯
601127,2026-02-10 00:00:00,2026-02-10,111.98,110.36,111.99,110.01,12060000,1336202498.0,-0.56,-0.62,0.8,110.98,109.41000000000001,113.922,120.98849999999999,赛力斯
601127,2026-02-11 00:00:00,2026-02-11,110.81,110.45,112.07,109.7,13921700,1544176044.0,0.08,0.09,0.92,110.36,110.002,113.30499999999999,120.5745,赛力斯
601127,2026-02-12 00:00:00,2026-02-12,110.48,108.88,110.55,108.24,14495700,1582184119.0,-1.42,-1.57,0.96,110.45,110.03400000000002,112.74249999999999,120.18833333333333,赛力斯
601127,2026-02-13 00:00:00,2026-02-13,108.87,109.22,110.74,108.39,13052800,1431907020.0,0.31,0.34,0.86,108.88,109.95,112.12050000000002,119.8135,赛力斯
601127,2026-02-24 00:00:00,2026-02-24,109.22,108.04,109.4,108.0,13322000,1445492828.0,-1.08,-1.18,0.88,109.22,109.978,111.5355,119.46833333333332,赛力斯
601127,2026-02-25 00:00:00,2026-02-25,108.04,109.14,110.19,107.9,12411900,1354853507.0,1.02,1.1,0.82,108.04,109.39000000000001,110.88,119.15783333333334,赛力斯
601127,2026-02-26 00:00:00,2026-02-26,108.9,106.08,108.9,106.01,17901600,1910206975.0,-2.8,-3.06,1.19,109.14,109.146,110.378,118.92016666666667,赛力斯
601127,2026-02-27 00:00:00,2026-02-27,105.99,107.32,107.97,105.41,13670500,1459421734.0,1.17,1.24,0.91,106.08,108.272,109.76849999999999,118.61316666666667,赛力斯
601127,2026-03-02 00:00:00,2026-03-02,104.63,106.19,106.97,104.0,21638700,2277803225.0,-1.05,-1.13,1.43,107.32,107.96,109.3785,118.321,赛力斯
601127,2026-03-03 00:00:00,2026-03-03,105.73,102.4,106.9,102.17,26486800,2746036265.0,-3.57,-3.79,1.75,106.19,107.354,108.78800000000001,118.00583333333334,赛力斯
601127,2026-03-04 00:00:00,2026-03-04,100.5,101.51,102.37,99.23,16842400,1702398235.0,-0.87,-0.89,1.12,102.4,106.226,108.178,117.61966666666666,赛力斯
601127,2026-03-05 00:00:00,2026-03-05,103.0,101.0,103.55,100.54,13897300,1417287621.0,-0.5,-0.51,0.92,101.51,104.7,107.62449999999998,117.20833333333333,赛力斯
601398,2025-09-02 00:00:00,2025-09-02,7.23,7.43,7.43,7.21,769065200,5756720401.0,2.62,0.19,0.29,7.24,,,,工商银行
601398,2025-09-03 00:00:00,2025-09-03,7.43,7.3,7.44,7.28,491977100,3687104656.0,-1.75,-0.13,0.18,7.43,,,,工商银行
601398,2025-09-04 00:00:00,2025-09-04,7.26,7.4,7.46,7.12,876005900,6522723401.0,1.37,0.1,0.32,7.3,,,,工商银行
601398,2025-09-05 00:00:00,2025-09-05,7.38,7.3,7.4,7.26,441709300,3294733880.0,-1.35,-0.1,0.16,7.4,,,,工商银行
601398,2025-09-08 00:00:00,2025-09-08,7.27,7.26,7.3,7.23,354276000,2623331823.0,-0.55,-0.04,0.13,7.3,7.3340000000000005,,,工商银行
601398,2025-09-09 00:00:00,2025-09-09,7.25,7.29,7.32,7.24,266279400,1977586299.0,0.41,0.03,0.1,7.26,7.337999999999999,,,工商银行
601398,2025-09-10 00:00:00,2025-09-10,7.3,7.33,7.34,7.24,288656000,2148056693.0,0.55,0.04,0.11,7.29,7.31,,,工商银行
601398,2025-09-11 00:00:00,2025-09-11,7.32,7.37,7.44,7.25,541515900,4047763814.0,0.55,0.04,0.2,7.33,7.316,,,工商银行
601398,2025-09-12 00:00:00,2025-09-12,7.35,7.34,7.4,7.31,299282500,2242324705.0,-0.41,-0.03,0.11,7.37,7.31,,,工商银行
601398,2025-09-15 00:00:00,2025-09-15,7.31,7.29,7.37,7.26,329581900,2450259696.0,-0.68,-0.05,0.12,7.34,7.3180000000000005,,,工商银行
601398,2025-09-16 00:00:00,2025-09-16,7.27,7.31,7.35,7.27,289347600,2156214466.0,0.27,0.02,0.11,7.29,7.324,,,工商银行
601398,2025-09-17 00:00:00,2025-09-17,7.28,7.32,7.32,7.26,247584200,1840577293.0,0.14,0.01,0.09,7.31,7.328,,,工商银行
601398,2025-09-18 00:00:00,2025-09-18,7.31,7.15,7.32,7.14,529780700,3898308494.0,-2.32,-0.17,0.2,7.32,7.325999999999999,,,工商银行
601398,2025-09-19 00:00:00,2025-09-19,7.14,7.06,7.14,6.98,480709800,3461205358.0,-1.26,-0.09,0.18,7.15,7.282000000000001,,,工商银行
601398,2025-09-22 00:00:00,2025-09-22,7.06,7.04,7.11,7.01,275089100,1981415047.0,-0.28,-0.02,0.1,7.06,7.225999999999999,,,工商银行
601398,2025-09-23 00:00:00,2025-09-23,7.02,7.26,7.27,6.99,628825600,4616426036.0,3.13,0.22,0.23,7.04,7.175999999999999,,,工商银行
601398,2025-09-24 00:00:00,2025-09-24,7.25,7.33,7.39,7.23,514206900,3831987701.0,0.96,0.07,0.19,7.26,7.1659999999999995,,,工商银行
601398,2025-09-25 00:00:00,2025-09-25,7.3,7.24,7.32,7.17,323722800,2381142340.0,-1.23,-0.09,0.12,7.33,7.168000000000001,,,工商银行
601398,2025-09-26 00:00:00,2025-09-26,7.21,7.27,7.29,7.16,273359300,2015436918.0,0.41,0.03,0.1,7.24,7.186,,,工商银行
601398,2025-09-29 00:00:00,2025-09-29,7.24,7.19,7.26,7.12,405003900,2967071849.0,-1.1,-0.08,0.15,7.27,7.228,7.2765,,工商银行
601398,2025-09-30 00:00:00,2025-09-30,7.17,7.16,7.19,7.12,244567600,1784123669.0,-0.42,-0.03,0.09,7.19,7.258,7.273999999999999,,工商银行
601398,2025-10-09 00:00:00,2025-10-09,7.11,7.17,7.18,7.06,297741100,2160546979.0,0.14,0.01,0.11,7.16,7.238000000000001,7.2605,,工商银行
601398,2025-10-10 00:00:00,2025-10-10,7.15,7.17,7.22,7.14,304869700,2232583779.0,0.0,0.0,0.11,7.17,7.206,7.2540000000000004,,工商银行
601398,2025-10-13 00:00:00,2025-10-13,7.18,7.13,7.22,7.09,395738600,2882595178.0,-0.56,-0.04,0.15,7.17,7.192,7.2425,,工商银行
601398,2025-10-14 00:00:00,2025-10-14,7.12,7.36,7.36,7.08,693878100,5134528488.0,3.23,0.23,0.26,7.13,7.164,7.234,,工商银行
601398,2025-10-15 00:00:00,2025-10-15,7.33,7.32,7.4,7.28,407599300,3046378594.0,-0.54,-0.04,0.15,7.36,7.198,7.239,,工商银行
601398,2025-10-16 00:00:00,2025-10-16,7.29,7.49,7.51,7.29,495623300,3749953456.0,2.32,0.17,0.18,7.32,7.2299999999999995,7.2405,,工商银行
601398,2025-10-17 00:00:00,2025-10-17,7.49,7.48,7.58,7.43,408700200,3125404222.0,-0.13,-0.01,0.15,7.49,7.294,7.2485,,工商银行
601398,2025-10-20 00:00:00,2025-10-20,7.45,7.47,7.51,7.33,391978600,2960246448.0,-0.13,-0.01,0.15,7.48,7.356,7.2540000000000004,,工商银行
601398,2025-10-21 00:00:00,2025-10-21,7.44,7.5,7.51,7.4,344113900,2616075703.0,0.4,0.03,0.13,7.47,7.4239999999999995,7.2605,,工商银行
601398,2025-10-22 00:00:00,2025-10-22,7.49,7.62,7.65,7.48,381586600,2942641849.0,1.6,0.12,0.14,7.5,7.452,7.270999999999999,,工商银行
601398,2025-10-23 00:00:00,2025-10-23,7.62,7.7,7.75,7.57,432661400,3378223696.0,1.05,0.08,0.16,7.62,7.5120000000000005,7.286500000000001,,工商银行
601398,2025-10-24 00:00:00,2025-10-24,7.66,7.7,7.75,7.62,326362300,2556166917.0,0.0,0.0,0.12,7.7,7.554,7.305499999999999,,工商银行
601398,2025-10-27 00:00:00,2025-10-27,7.66,7.77,7.8,7.6,391994700,3079616600.0,0.91,0.07,0.15,7.7,7.598000000000001,7.333,,工商银行
601398,2025-10-28 00:00:00,2025-10-28,7.76,7.85,7.88,7.71,332040800,2640150337.0,1.03,0.08,0.12,7.77,7.6579999999999995,7.3685,,工商银行
601398,2025-10-29 00:00:00,2025-10-29,7.84,7.69,7.85,7.66,368304400,2902412947.0,-2.04,-0.16,0.14,7.85,7.728,7.409000000000001,,工商银行
601398,2025-10-30 00:00:00,2025-10-30,7.69,7.7,7.76,7.64,278716100,2186887580.0,0.13,0.01,0.1,7.69,7.742,7.4305,,工商银行
601398,2025-10-31 00:00:00,2025-10-31,7.73,7.64,7.73,7.53,369325300,2861703074.0,-0.78,-0.06,0.14,7.7,7.742,7.449,,工商银行
601398,2025-11-03 00:00:00,2025-11-03,7.65,7.76,7.8,7.64,342073400,2696886643.0,1.57,0.12,0.13,7.64,7.7299999999999995,7.468999999999999,,工商银行
601398,2025-11-04 00:00:00,2025-11-04,7.75,7.99,8.0,7.75,441097600,3556070089.0,2.96,0.23,0.16,7.76,7.728,7.4935,,工商银行
601398,2025-11-05 00:00:00,2025-11-05,8.03,8.0,8.07,7.95,394153600,3216874938.0,0.13,0.01,0.15,7.99,7.756,7.533500000000001,,工商银行
601398,2025-11-06 00:00:00,2025-11-06,7.98,7.95,8.01,7.92,300975800,2437052281.0,-0.63,-0.05,0.11,8.0,7.8180000000000005,7.5755,,工商银行
601398,2025-11-07 00:00:00,2025-11-07,7.95,7.91,8.02,7.88,280161400,2259074574.0,-0.5,-0.04,0.1,7.95,7.868,7.6145,,工商银行
601398,2025-11-10 00:00:00,2025-11-10,7.88,7.98,7.99,7.84,223291300,1801106446.0,0.88,0.07,0.08,7.91,7.922,7.6515,,工商银行
601398,2025-11-11 00:00:00,2025-11-11,7.96,8.02,8.03,7.93,191740100,1558044146.0,0.5,0.04,0.07,7.98,7.966000000000001,7.694,,工商银行
601398,2025-11-12 00:00:00,2025-11-12,8.02,8.05,8.18,8.01,359289800,2963066407.0,0.37,0.03,0.13,8.02,7.9719999999999995,7.726999999999999,,工商银行
601398,2025-11-13 00:00:00,2025-11-13,8.07,8.07,8.1,7.94,290137900,2369679711.0,0.25,0.02,0.11,8.05,7.981999999999999,7.7635000000000005,,工商银行
601398,2025-11-14 00:00:00,2025-11-14,8.09,8.11,8.24,8.08,306335100,2542717457.0,0.5,0.04,0.11,8.07,8.006,7.7924999999999995,,工商银行
601398,2025-11-17 00:00:00,2025-11-17,8.11,8.03,8.12,7.97,258276800,2109115127.0,-0.99,-0.08,0.1,8.11,8.046,7.824,,工商银行
601398,2025-11-18 00:00:00,2025-11-18,8.0,8.06,8.11,7.97,217596000,1780723631.0,0.37,0.03,0.08,8.03,8.056000000000001,7.851999999999999,,工商银行
601398,2025-11-19 00:00:00,2025-11-19,8.06,8.09,8.18,8.03,234428300,1935987517.0,0.37,0.03,0.09,8.06,8.064000000000002,7.88,,工商银行
601398,2025-11-20 00:00:00,2025-11-20,8.07,8.13,8.26,8.04,359487700,2984350151.0,0.49,0.04,0.13,8.09,8.072,7.903499999999999,,工商银行
601398,2025-11-21 00:00:00,2025-11-21,8.14,8.11,8.24,8.08,464444700,3850244346.0,-0.25,-0.02,0.17,8.13,8.084,7.925,,工商银行
601398,2025-11-24 00:00:00,2025-11-24,8.06,8.06,8.12,7.98,348919000,2859936700.0,-0.62,-0.05,0.13,8.11,8.084,7.9455,,工商银行
601398,2025-11-25 00:00:00,2025-11-25,8.04,8.17,8.18,7.99,305543000,2518475879.0,1.36,0.11,0.11,8.06,8.09,7.960000000000001,,工商银行
601398,2025-11-26 00:00:00,2025-11-26,8.17,8.02,8.24,8.01,331042000,2718206391.0,-1.84,-0.15,0.12,8.17,8.111999999999998,7.975999999999999,,工商银行
601398,2025-11-27 00:00:00,2025-11-27,8.01,8.02,8.05,7.92,234412200,1906028130.0,0.0,0.0,0.09,8.02,8.098,7.9925,,工商银行
601398,2025-11-28 00:00:00,2025-11-28,8.01,7.97,8.03,7.94,208401600,1692569484.0,-0.62,-0.05,0.08,8.02,8.075999999999999,8.0085,,工商银行
601398,2025-12-01 00:00:00,2025-12-01,7.91,7.95,7.97,7.88,265260900,2138449352.0,-0.25,-0.02,0.1,7.97,8.047999999999998,8.024999999999999,,工商银行
601398,2025-12-02 00:00:00,2025-12-02,7.95,7.95,7.98,7.88,214519000,1731677085.0,0.0,0.0,0.08,7.95,8.026,8.0345,7.6015,工商银行
601398,2025-12-03 00:00:00,2025-12-03,7.92,7.91,8.01,7.89,221258500,1789483343.0,-0.5,-0.04,0.08,7.95,7.982000000000001,8.032499999999999,7.613333333333333,工商银行
601398,2025-12-04 00:00:00,2025-12-04,7.93,7.91,7.95,7.88,149101200,1200193245.0,0.0,0.0,0.06,7.91,7.959999999999999,8.027999999999999,7.621333333333333,工商银行
601398,2025-12-05 00:00:00,2025-12-05,7.9,7.85,7.96,7.81,246147300,1971460421.0,-0.76,-0.06,0.09,7.91,7.938000000000001,8.026,7.6315,工商银行
601398,2025-12-08 00:00:00,2025-12-08,7.85,7.85,7.9,7.81,213082000,1705238074.0,0.0,0.0,0.08,7.85,7.914,8.023,7.638999999999999,工商银行
601398,2025-12-09 00:00:00,2025-12-09,7.87,7.96,8.01,7.84,265490100,2142465662.0,1.4,0.11,0.1,7.85,7.894,8.0165,7.648166666666667,工商银行
601398,2025-12-10 00:00:00,2025-12-10,7.95,7.8,7.98,7.78,308417600,2463322811.0,-2.01,-0.16,0.11,7.96,7.896000000000001,8.0135,7.659833333333333,工商银行
601398,2025-12-11 00:00:00,2025-12-11,7.81,7.86,7.86,7.76,262176000,2082812281.0,0.77,0.06,0.1,7.8,7.874,8.001,7.668333333333333,工商银行
601398,2025-12-12 00:00:00,2025-12-12,7.83,7.83,7.84,7.7,519110500,4108578951.0,-0.38,-0.03,0.19,7.86,7.864,7.9905,7.6771666666666665,工商银行
601398,2025-12-15 00:00:00,2025-12-15,7.82,7.81,7.86,7.77,250971300,1963049713.0,-0.26,-0.02,0.09,7.83,7.859999999999999,7.9765,7.684833333333333,工商银行
601398,2025-12-16 00:00:00,2025-12-16,7.81,7.79,7.83,7.73,193438900,1505170841.0,-0.26,-0.02,0.07,7.81,7.851999999999999,7.9655000000000005,7.692666666666667,工商银行
601398,2025-12-17 00:00:00,2025-12-17,7.78,7.81,7.87,7.75,220686100,1727882118.0,0.26,0.02,0.08,7.79,7.8180000000000005,7.952000000000001,7.701,工商银行
601398,2025-12-18 00:00:00,2025-12-18,7.81,7.99,8.0,7.79,241748400,1913173479.0,2.3,0.18,0.09,7.81,7.82,7.938,7.709333333333333,工商银行
601398,2025-12-19 00:00:00,2025-12-19,7.96,7.88,7.98,7.86,235588200,1863589555.0,-1.38,-0.11,0.09,7.99,7.845999999999999,7.931,7.7205,工商银行
601398,2025-12-22 00:00:00,2025-12-22,7.86,7.89,7.91,7.83,166891500,1312853939.0,0.13,0.01,0.06,7.88,7.856,7.919499999999999,7.732666666666668,工商银行
601398,2025-12-23 00:00:00,2025-12-23,7.89,7.92,7.95,7.87,200057000,1583859587.0,0.38,0.03,0.07,7.89,7.872,7.911,7.7465,工商银行
601398,2025-12-24 00:00:00,2025-12-24,7.92,7.91,7.96,7.88,173667100,1375070939.0,-0.13,-0.01,0.06,7.92,7.898000000000001,7.8985,7.761166666666667,工商银行
601398,2025-12-25 00:00:00,2025-12-25,7.9,7.86,7.91,7.83,165519000,1301798781.0,-0.63,-0.05,0.06,7.91,7.918000000000001,7.892999999999999,7.772,工商银行
601398,2025-12-26 00:00:00,2025-12-26,7.84,7.81,7.86,7.79,150069700,1173341228.0,-0.64,-0.05,0.06,7.86,7.892,7.885000000000001,7.780833333333334,工商银行
601398,2025-12-29 00:00:00,2025-12-29,7.81,7.87,7.9,7.77,270638600,2123332197.0,0.77,0.06,0.1,7.81,7.878,7.877000000000001,7.790333333333334,工商银行
601398,2025-12-30 00:00:00,2025-12-30,7.84,7.85,7.87,7.79,208754600,1634489989.0,-0.25,-0.02,0.08,7.87,7.874,7.873,7.800333333333334,工商银行
601398,2025-12-31 00:00:00,2025-12-31,7.83,7.93,7.96,7.83,286652800,2264103770.0,1.02,0.08,0.11,7.85,7.859999999999999,7.868,7.811333333333333,工商银行
601398,2026-01-05 00:00:00,2026-01-05,7.91,7.82,7.94,7.76,425414500,3323770772.0,-1.39,-0.11,0.16,7.93,7.864,7.869,7.824166666666667,工商银行
601398,2026-01-06 00:00:00,2026-01-06,7.81,7.8,7.81,7.76,259577000,2020831027.0,-0.26,-0.02,0.1,7.82,7.856,7.8645,7.834999999999999,工商银行
601398,2026-01-07 00:00:00,2026-01-07,7.78,7.75,7.79,7.7,329789600,2553204798.0,-0.64,-0.05,0.12,7.8,7.853999999999999,7.861999999999999,7.8454999999999995,工商银行
601398,2026-01-08 00:00:00,2026-01-08,7.74,7.69,7.74,7.65,291914000,2241434646.0,-0.77,-0.06,0.11,7.75,7.83,7.856999999999999,7.855833333333333,工商银行
601398,2026-01-09 00:00:00,2026-01-09,7.69,7.71,7.72,7.64,241093000,1852121116.0,0.26,0.02,0.09,7.69,7.798,7.843499999999999,7.8613333333333335,工商银行
601398,2026-01-12 00:00:00,2026-01-12,7.7,7.74,7.77,7.65,292385200,2254589840.0,0.39,0.03,0.11,7.71,7.7540000000000004,7.839,7.867833333333334,工商银行
601398,2026-01-13 00:00:00,2026-01-13,7.75,7.81,7.85,7.74,365192500,2852104728.0,0.9,0.07,0.14,7.74,7.7379999999999995,7.833,7.872,工商银行
601398,2026-01-14 00:00:00,2026-01-14,7.79,7.69,7.79,7.68,390138300,3012753360.0,-1.54,-0.12,0.14,7.81,7.74,7.832000000000001,7.8774999999999995,工商银行
601398,2026-01-15 00:00:00,2026-01-15,7.68,7.68,7.74,7.66,287026700,2210237336.0,-0.13,-0.01,0.11,7.69,7.728,7.8260000000000005,7.881166666666666,工商银行
601398,2026-01-16 00:00:00,2026-01-16,7.67,7.61,7.68,7.58,340670600,2599011574.0,-0.91,-0.07,0.13,7.68,7.726000000000001,7.820500000000001,7.884166666666666,工商银行
601398,2026-01-19 00:00:00,2026-01-19,7.6,7.53,7.63,7.5,329064000,2487942468.0,-1.05,-0.08,0.12,7.61,7.706,7.8105,7.884,工商银行
601398,2026-01-20 00:00:00,2026-01-20,7.52,7.54,7.57,7.5,302886300,2282239426.0,0.13,0.01,0.11,7.53,7.664,7.7875,7.881166666666667,工商银行
601398,2026-01-21 00:00:00,2026-01-21,7.53,7.35,7.56,7.34,474520800,3522309900.0,-2.52,-0.19,0.18,7.54,7.609999999999999,7.7705,7.8785,工商银行
601398,2026-01-22 00:00:00,2026-01-22,7.35,7.27,7.38,7.25,388067400,2834236297.0,-1.09,-0.08,0.14,7.35,7.542,7.7435,7.8715,工商银行
601398,2026-01-23 00:00:00,2026-01-23,7.27,7.21,7.29,7.17,377013400,2724246964.0,-0.83,-0.06,0.14,7.27,7.459999999999999,7.711,7.861833333333333,工商银行
601398,2026-01-26 00:00:00,2026-01-26,7.19,7.24,7.32,7.15,455056600,3299949684.0,0.42,0.03,0.17,7.21,7.38,7.676,7.853833333333332,工商银行
601398,2026-01-27 00:00:00,2026-01-27,7.24,7.23,7.37,7.21,469808100,3430365917.0,-0.14,-0.01,0.17,7.24,7.322,7.6450000000000005,7.846166666666666,工商银行
601398,2026-01-28 00:00:00,2026-01-28,7.21,7.2,7.29,7.16,456456300,3298588943.0,-0.41,-0.03,0.17,7.23,7.26,7.616,7.839333333333333,工商银行
601398,2026-01-29 00:00:00,2026-01-29,7.19,7.26,7.3,7.16,438099600,3165642865.0,0.83,0.06,0.16,7.2,7.2299999999999995,7.582499999999999,7.83,工商银行
601398,2026-01-30 00:00:00,2026-01-30,7.27,7.25,7.39,7.22,460741400,3371970034.0,-0.14,-0.01,0.17,7.26,7.228,7.553,7.817833333333334,工商银行
601398,2026-02-02 00:00:00,2026-02-02,7.26,7.32,7.39,7.25,541179100,3969793200.0,0.97,0.07,0.2,7.25,7.236,7.519,7.8053333333333335,工商银行
601398,2026-02-03 00:00:00,2026-02-03,7.3,7.18,7.31,7.15,449210800,3234033720.0,-1.91,-0.14,0.17,7.32,7.252,7.494,7.794833333333333,工商银行
601398,2026-02-04 00:00:00,2026-02-04,7.18,7.24,7.29,7.17,308484400,2229422896.0,0.84,0.06,0.11,7.18,7.242,7.463000000000001,7.782666666666667,工商银行
601398,2026-02-05 00:00:00,2026-02-05,7.25,7.3,7.32,7.23,310157500,2259528658.0,0.83,0.06,0.12,7.24,7.25,7.4375,7.770333333333332,工商银行
601398,2026-02-06 00:00:00,2026-02-06,7.31,7.26,7.35,7.22,251460100,1827005074.0,-0.55,-0.04,0.09,7.3,7.258,7.418000000000001,7.758333333333334,工商银行
601398,2026-02-09 00:00:00,2026-02-09,7.25,7.28,7.29,7.21,203253000,1475435014.0,0.28,0.02,0.08,7.26,7.260000000000001,7.3955,7.745166666666666,工商银行
601398,2026-02-10 00:00:00,2026-02-10,7.28,7.3,7.34,7.26,194804800,1423437348.0,0.27,0.02,0.07,7.28,7.252000000000001,7.3725,7.732,工商银行
601398,2026-02-11 00:00:00,2026-02-11,7.32,7.29,7.32,7.27,138803100,1012219596.0,-0.14,-0.01,0.05,7.3,7.276000000000001,7.3469999999999995,7.7185,工商银行
601398,2026-02-12 00:00:00,2026-02-12,7.29,7.18,7.3,7.17,353083700,2542533950.0,-1.51,-0.11,0.13,7.29,7.286,7.327,7.706166666666666,工商银行
601398,2026-02-13 00:00:00,2026-02-13,7.19,7.11,7.2,7.11,317392500,2267176686.0,-0.97,-0.07,0.12,7.18,7.2620000000000005,7.302,7.6915000000000004,工商银行
601398,2026-02-24 00:00:00,2026-02-24,7.13,7.06,7.15,7.05,296628000,2101275787.0,-0.7,-0.05,0.11,7.11,7.232000000000001,7.276999999999999,7.675166666666667,工商银行
601398,2026-02-25 00:00:00,2026-02-25,7.06,7.05,7.07,7.03,219289400,1546795850.0,-0.14,-0.01,0.08,7.06,7.188,7.2535,7.657333333333333,工商银行
601398,2026-02-26 00:00:00,2026-02-26,7.06,6.96,7.07,6.93,367815300,2568485976.0,-1.28,-0.09,0.14,7.05,7.138,7.229000000000001,7.639666666666667,工商银行
601398,2026-02-27 00:00:00,2026-02-27,6.94,6.92,6.95,6.91,243931500,1688509137.0,-0.57,-0.04,0.09,6.96,7.072,7.2095,7.621333333333334,工商银行
601398,2026-03-02 00:00:00,2026-03-02,6.9,6.96,6.99,6.85,373808700,2593479400.0,0.58,0.04,0.14,6.92,7.0200000000000005,7.192,7.6005,工商银行
601398,2026-03-03 00:00:00,2026-03-03,6.95,7.12,7.15,6.91,570711700,4038809573.0,2.3,0.16,0.21,6.96,6.99,7.1795,7.582833333333334,工商银行
601398,2026-03-04 00:00:00,2026-03-04,7.1,7.08,7.12,7.01,378868100,2676759814.0,-0.56,-0.04,0.14,7.12,7.002,7.1735,7.567833333333334,工商银行
601398,2026-03-05 00:00:00,2026-03-05,7.04,7.11,7.14,7.03,264204900,1876835995.0,0.42,0.03,0.1,7.08,7.008,7.1659999999999995,7.553,工商银行
601600,2025-09-02 00:00:00,2025-09-02,7.78,7.71,7.85,7.63,303494600,2383104429.0,-0.26,-0.02,2.31,7.73,,,,中国铝业
601600,2025-09-03 00:00:00,2025-09-03,7.77,7.68,7.86,7.59,315093700,2470654525.0,-0.39,-0.03,2.39,7.71,,,,中国铝业
601600,2025-09-04 00:00:00,2025-09-04,7.64,7.31,7.69,7.2,346255500,2606881827.0,-4.82,-0.37,2.63,7.68,,,,中国铝业
601600,2025-09-05 00:00:00,2025-09-05,7.29,7.58,7.61,7.26,245718800,1860810831.0,3.69,0.27,1.87,7.31,,,,中国铝业
601600,2025-09-08 00:00:00,2025-09-08,7.57,7.5,7.63,7.44,189788500,1452633480.0,-1.06,-0.08,1.44,7.58,7.601999999999999,,,中国铝业
601600,2025-09-09 00:00:00,2025-09-09,7.52,7.54,7.7,7.47,222453400,1715642200.0,0.53,0.04,1.69,7.5,7.556,,,中国铝业
601600,2025-09-10 00:00:00,2025-09-10,7.48,7.48,7.52,7.36,155264000,1176398182.0,-0.8,-0.06,1.18,7.54,7.522,,,中国铝业
601600,2025-09-11 00:00:00,2025-09-11,7.48,7.71,7.73,7.46,233402300,1809765799.0,3.07,0.23,1.77,7.48,7.481999999999999,,,中国铝业
601600,2025-09-12 00:00:00,2025-09-12,7.86,7.92,8.07,7.85,414914000,3344728704.0,2.72,0.21,3.15,7.71,7.562,,,中国铝业
601600,2025-09-15 00:00:00,2025-09-15,7.96,7.95,8.05,7.88,236710800,1917156486.0,0.38,0.03,1.8,7.92,7.630000000000001,,,中国铝业
601600,2025-09-16 00:00:00,2025-09-16,8.01,7.76,8.05,7.59,360081700,2824368585.0,-2.39,-0.19,2.74,7.95,7.720000000000001,,,中国铝业
601600,2025-09-17 00:00:00,2025-09-17,7.72,7.83,7.87,7.66,207108700,1632563248.0,0.9,0.07,1.57,7.76,7.764,,,中国铝业
601600,2025-09-18 00:00:00,2025-09-18,7.72,7.52,7.72,7.46,284197400,2196473912.0,-3.96,-0.31,2.16,7.83,7.8340000000000005,,,中国铝业
601600,2025-09-19 00:00:00,2025-09-19,7.57,7.62,7.72,7.52,188364700,1456011326.0,1.33,0.1,1.43,7.52,7.795999999999999,,,中国铝业
601600,2025-09-22 00:00:00,2025-09-22,7.66,7.57,7.69,7.48,151440600,1160229340.0,-0.66,-0.05,1.15,7.62,7.736,,,中国铝业
601600,2025-09-23 00:00:00,2025-09-23,7.53,7.46,7.6,7.37,172444400,1310092117.0,-1.45,-0.11,1.31,7.57,7.659999999999999,,,中国铝业
601600,2025-09-24 00:00:00,2025-09-24,7.41,7.48,7.49,7.32,168063200,1266007334.0,0.27,0.02,1.28,7.46,7.6,,,中国铝业
601600,2025-09-25 00:00:00,2025-09-25,7.56,7.49,7.64,7.44,224439900,1716670719.0,0.13,0.01,1.7,7.48,7.529999999999999,,,中国铝业
601600,2025-09-26 00:00:00,2025-09-26,7.44,7.5,7.6,7.41,226923300,1735675838.0,0.13,0.01,1.72,7.49,7.524000000000001,,,中国铝业
601600,2025-09-29 00:00:00,2025-09-29,7.57,8.03,8.06,7.52,494872600,3935294393.0,7.07,0.53,3.76,7.5,7.5,7.617,,中国铝业
601600,2025-09-30 00:00:00,2025-09-30,8.01,8.12,8.15,7.97,317271900,2601337928.0,1.12,0.09,2.41,8.03,7.5920000000000005,7.632000000000001,,中国铝业
601600,2025-10-09 00:00:00,2025-10-09,8.37,8.56,8.57,8.2,537060500,4583376509.0,5.42,0.44,4.08,8.12,7.723999999999999,7.652500000000001,,中国铝业
601600,2025-10-10 00:00:00,2025-10-10,8.46,8.5,8.7,8.36,369705200,3196898810.0,-0.7,-0.06,2.81,8.56,7.94,7.6965,,中国铝业
601600,2025-10-13 00:00:00,2025-10-13,8.16,8.45,8.5,8.16,375291200,3169885024.0,-0.59,-0.05,2.85,8.5,8.142,7.756,,中国铝业
601600,2025-10-14 00:00:00,2025-10-14,8.7,8.52,9.15,8.46,624173000,5545604105.0,0.83,0.07,4.74,8.45,8.331999999999999,7.7995,,中国铝业
601600,2025-10-15 00:00:00,2025-10-15,8.62,8.75,8.86,8.5,388002300,3417170318.0,2.7,0.23,2.95,8.52,8.429999999999998,7.850500000000001,,中国铝业
601600,2025-10-16 00:00:00,2025-10-16,8.68,8.6,8.86,8.5,309421400,2716464941.0,-1.71,-0.15,2.35,8.75,8.556000000000001,7.911,,中国铝业
601600,2025-10-17 00:00:00,2025-10-17,8.72,8.47,8.86,8.45,279847600,2408065628.0,-1.51,-0.13,2.13,8.6,8.563999999999998,7.9670000000000005,,中国铝业
601600,2025-10-20 00:00:00,2025-10-20,8.51,8.37,8.57,8.32,233492900,1968180599.0,-1.18,-0.1,1.77,8.47,8.557999999999998,8.004999999999999,,中国铝业
601600,2025-10-21 00:00:00,2025-10-21,8.45,8.62,8.77,8.43,297020400,2561940694.0,2.99,0.25,2.26,8.37,8.542,8.0275,,中国铝业
601600,2025-10-22 00:00:00,2025-10-22,8.42,8.75,8.8,8.39,282027100,2433075122.0,1.51,0.13,2.14,8.62,8.562,8.060999999999998,,中国铝业
601600,2025-10-23 00:00:00,2025-10-23,8.78,9.04,9.14,8.7,470458100,4202976601.0,3.31,0.29,3.57,8.75,8.562000000000001,8.110499999999998,,中国铝业
601600,2025-10-24 00:00:00,2025-10-24,9.2,9.23,9.48,9.02,415340600,3828497889.0,2.1,0.19,3.15,9.04,8.65,8.171000000000001,,中国铝业
601600,2025-10-27 00:00:00,2025-10-27,9.27,9.4,9.41,9.11,403775500,3746706208.0,1.84,0.17,3.07,9.23,8.802000000000001,8.256499999999999,,中国铝业
601600,2025-10-28 00:00:00,2025-10-28,9.35,9.26,9.72,9.24,461288600,4361803708.0,-1.49,-0.14,3.5,9.4,9.008,8.3455,,中国铝业
601600,2025-10-29 00:00:00,2025-10-29,9.38,9.91,10.05,9.34,494031400,4815002360.0,7.02,0.65,3.75,9.26,9.136,8.43,,中国铝业
601600,2025-10-30 00:00:00,2025-10-30,9.81,10.31,10.5,9.78,550706200,5632349811.0,4.04,0.4,4.18,9.91,9.368,8.552499999999998,,中国铝业
601600,2025-10-31 00:00:00,2025-10-31,10.25,9.99,10.3,9.95,424832200,4284834929.0,-3.1,-0.32,3.23,10.31,9.622,8.693999999999999,,中国铝业
601600,2025-11-03 00:00:00,2025-11-03,10.14,10.17,10.22,9.75,402931300,4028579169.0,1.8,0.18,3.06,9.99,9.774,8.818999999999999,,中国铝业
601600,2025-11-04 00:00:00,2025-11-04,10.16,9.85,10.39,9.76,377335600,3784215574.0,-3.15,-0.32,2.87,10.17,9.928,8.952499999999999,,中国铝业
601600,2025-11-05 00:00:00,2025-11-05,9.51,9.87,9.9,9.46,286561300,2770862390.0,0.2,0.02,2.18,9.85,10.046000000000001,9.0435,,中国铝业
601600,2025-11-06 00:00:00,2025-11-06,9.87,10.86,10.86,9.83,696823300,7359065754.0,10.03,0.99,5.29,9.87,10.038,9.130999999999998,,中国铝业
601600,2025-11-07 00:00:00,2025-11-07,10.7,10.75,10.99,10.65,499544300,5413642486.0,-1.01,-0.11,3.79,10.86,10.148,9.245999999999999,,中国铝业
601600,2025-11-10 00:00:00,2025-11-10,10.82,11.1,11.26,10.68,553630600,6085133444.0,3.26,0.35,4.21,10.75,10.3,9.3585,,中国铝业
601600,2025-11-11 00:00:00,2025-11-11,11.1,10.98,11.22,10.9,338138600,3720761964.0,-1.08,-0.12,2.57,11.1,10.485999999999999,9.491,,中国铝业
601600,2025-11-12 00:00:00,2025-11-12,10.98,11.71,11.74,10.93,584617900,6692439333.0,6.65,0.73,4.44,10.98,10.712,9.613999999999999,,中国铝业
601600,2025-11-13 00:00:00,2025-11-13,11.7,12.17,12.3,11.55,616600700,7362510803.0,3.93,0.46,4.68,11.71,11.08,9.761999999999999,,中国铝业
601600,2025-11-14 00:00:00,2025-11-14,11.85,11.66,12.06,11.65,450046300,5321185145.0,-4.19,-0.51,3.42,12.17,11.342,9.9405,,中国铝业
601600,2025-11-17 00:00:00,2025-11-17,11.41,11.16,11.49,11.03,511784300,5754169327.0,-4.29,-0.5,3.89,11.66,11.524,10.1,,中国铝业
601600,2025-11-18 00:00:00,2025-11-18,10.91,10.75,11.05,10.62,459397200,4967088899.0,-3.67,-0.41,3.49,11.16,11.536,10.2395,,中国铝业
601600,2025-11-19 00:00:00,2025-11-19,10.78,10.98,11.11,10.78,352875700,3859323529.0,2.14,0.23,2.68,10.75,11.49,10.346,,中国铝业
601600,2025-11-20 00:00:00,2025-11-20,11.1,11.04,11.3,10.99,293002700,3263022531.0,0.55,0.06,2.23,10.98,11.344,10.4575,,中国铝业
601600,2025-11-21 00:00:00,2025-11-21,10.72,10.52,10.91,10.5,370727700,3958355755.0,-4.71,-0.52,2.82,11.04,11.117999999999999,10.557500000000001,,中国铝业
601600,2025-11-24 00:00:00,2025-11-24,10.58,10.49,10.65,10.19,333719800,3472596126.0,-0.29,-0.03,2.53,10.52,10.89,10.622,,中国铝业
601600,2025-11-25 00:00:00,2025-11-25,10.67,10.55,10.7,10.42,255255800,2694924052.0,0.57,0.06,1.94,10.49,10.756,10.6765,,中国铝业
601600,2025-11-26 00:00:00,2025-11-26,10.54,10.39,10.63,10.33,213504800,2226651051.0,-1.52,-0.16,1.62,10.55,10.716,10.741,,中国铝业
601600,2025-11-27 00:00:00,2025-11-27,10.61,10.44,10.76,10.42,244799500,2591432351.0,0.48,0.05,1.86,10.39,10.598,10.765,,中国铝业
601600,2025-11-28 00:00:00,2025-11-28,10.39,10.51,10.64,10.31,173393400,1818052771.0,0.67,0.07,1.32,10.44,10.478,10.7715,,中国铝业
601600,2025-12-01 00:00:00,2025-12-01,10.78,10.69,10.92,10.57,357066100,3833749088.0,1.71,0.18,2.71,10.51,10.475999999999999,10.7975,,中国铝业
601600,2025-12-02 00:00:00,2025-12-02,10.61,10.58,10.64,10.44,163313600,1721064048.0,-1.03,-0.11,1.24,10.69,10.516000000000002,10.8235,9.131,中国铝业
601600,2025-12-03 00:00:00,2025-12-03,10.55,11.03,11.27,10.55,402031700,4404442154.0,4.25,0.45,3.05,10.58,10.522,10.86,9.178500000000001,中国铝业
601600,2025-12-04 00:00:00,2025-12-04,11.27,10.89,11.3,10.84,316820000,3502013906.0,-1.27,-0.14,2.41,11.03,10.65,10.918000000000001,9.233833333333333,中国铝业
601600,2025-12-05 00:00:00,2025-12-05,10.92,11.4,11.49,10.92,385304400,4359783649.0,4.68,0.51,2.93,10.89,10.74,10.9195,9.287333333333333,中国铝业
601600,2025-12-08 00:00:00,2025-12-08,11.33,11.27,11.34,11.02,347288000,3871019702.0,-1.14,-0.13,2.64,11.4,10.918,10.952,9.355500000000001,中国铝业
601600,2025-12-09 00:00:00,2025-12-09,11.14,10.59,11.15,10.48,406731200,4364775994.0,-6.03,-0.68,3.09,11.27,11.034,10.9605,9.417,中国铝业
601600,2025-12-10 00:00:00,2025-12-10,10.58,10.72,10.73,10.47,205557500,2183374597.0,1.23,0.13,1.56,10.59,11.036,10.941,9.4685,中国铝业
601600,2025-12-11 00:00:00,2025-12-11,10.8,10.47,10.88,10.46,238715000,2539170051.0,-2.33,-0.25,1.81,10.72,10.974,10.8915,9.521500000000001,中国铝业
601600,2025-12-12 00:00:00,2025-12-12,10.68,10.75,10.79,10.6,316042100,3384075697.0,2.67,0.28,2.4,10.47,10.89,10.8065,9.571333333333333,中国铝业
601600,2025-12-15 00:00:00,2025-12-15,10.53,10.54,10.8,10.47,204674000,2167424774.0,-1.95,-0.21,1.55,10.75,10.76,10.761,9.621999999999998,中国铝业
601600,2025-12-16 00:00:00,2025-12-16,10.44,10.28,10.5,10.09,202540900,2078669241.0,-2.47,-0.26,1.54,10.54,10.614,10.73,9.665666666666668,中国铝业
601600,2025-12-17 00:00:00,2025-12-17,10.38,10.59,10.66,10.32,180582200,1896950100.0,3.02,0.31,1.37,10.28,10.552,10.7065,9.7045,中国铝业
601600,2025-12-18 00:00:00,2025-12-18,10.59,10.53,10.77,10.51,144878500,1537548090.0,-0.57,-0.06,1.1,10.59,10.526,10.687000000000001,9.751666666666667,中国铝业
601600,2025-12-19 00:00:00,2025-12-19,10.58,10.85,10.93,10.43,228500500,2457680096.0,3.04,0.32,1.74,10.53,10.538,10.6615,9.796666666666665,中国铝业
601600,2025-12-22 00:00:00,2025-12-22,11.05,10.97,11.1,10.86,203505600,2235066281.0,1.11,0.12,1.55,10.85,10.557999999999998,10.678,9.852166666666667,中国铝业
601600,2025-12-23 00:00:00,2025-12-23,10.89,10.97,11.25,10.85,226324600,2501412422.0,0.0,0.0,1.72,10.97,10.644,10.702,9.908,中国铝业
601600,2025-12-24 00:00:00,2025-12-24,11.0,11.07,11.09,10.8,216217800,2377332772.0,0.91,0.1,1.64,10.97,10.782,10.723,9.964666666666666,中国铝业
601600,2025-12-25 00:00:00,2025-12-25,10.97,10.96,10.98,10.82,161778200,1765005028.0,-0.99,-0.11,1.23,11.07,10.878,10.757,10.024833333333333,中国铝业
601600,2025-12-26 00:00:00,2025-12-26,10.99,11.84,11.94,10.97,473629100,5435929758.0,8.03,0.88,3.6,10.96,10.964,10.783,10.082833333333333,中国铝业
601600,2025-12-29 00:00:00,2025-12-29,11.87,11.45,11.94,11.41,425870800,4960804155.0,-3.29,-0.39,3.23,11.84,11.162,10.8495,10.155333333333333,中国铝业
601600,2025-12-30 00:00:00,2025-12-30,11.13,11.99,12.12,11.12,409754400,4820315432.0,4.72,0.54,3.11,11.45,11.258000000000001,10.8875,10.221166666666667,中国铝业
601600,2025-12-31 00:00:00,2025-12-31,11.99,12.22,12.38,11.96,398049400,4861601306.0,1.92,0.23,3.02,11.99,11.462,10.958,10.287166666666668,中国铝业
601600,2026-01-05 00:00:00,2026-01-05,12.72,13.02,13.3,12.61,458673300,5957356015.0,6.55,0.8,3.48,12.22,11.692,11.0175,10.355500000000001,中国铝业
601600,2026-01-06 00:00:00,2026-01-06,13.28,13.97,14.18,13.28,564924000,7764393420.0,7.3,0.95,4.29,13.02,12.104,11.124,10.429833333333335,中国铝业
601600,2026-01-07 00:00:00,2026-01-07,13.96,14.05,14.24,13.62,479627200,6669834640.0,0.57,0.08,3.64,13.97,12.530000000000001,11.252500000000001,10.520999999999999,中国铝业
601600,2026-01-08 00:00:00,2026-01-08,13.7,13.65,14.05,13.48,376908200,5180916824.0,-2.85,-0.4,2.86,14.05,13.05,11.391499999999999,10.614333333333333,中国铝业
601600,2026-01-09 00:00:00,2026-01-09,13.49,14.05,14.3,13.49,392865100,5469608311.0,2.93,0.4,2.98,13.65,13.382000000000001,11.5445,10.699833333333334,中国铝业
601600,2026-01-12 00:00:00,2026-01-12,14.34,13.85,14.44,13.62,474327700,6597287956.0,-1.42,-0.2,3.6,14.05,13.748,11.711,10.788166666666665,中国铝业
601600,2026-01-13 00:00:00,2026-01-13,13.8,13.97,14.37,13.69,380848800,5340090059.0,0.87,0.12,2.89,13.85,13.914000000000001,11.879999999999999,10.875666666666666,中国铝业
601600,2026-01-14 00:00:00,2026-01-14,14.1,13.63,14.43,13.56,539974900,7522761320.0,-2.43,-0.34,4.1,13.97,13.914000000000001,12.041,10.967333333333332,中国铝业
601600,2026-01-15 00:00:00,2026-01-15,13.48,13.74,14.18,13.32,421352600,5805985990.0,0.81,0.11,3.2,13.63,13.830000000000002,12.1955,11.055,中国铝业
601600,2026-01-16 00:00:00,2026-01-16,13.75,13.26,14.09,13.1,527008700,7140959221.0,-3.49,-0.48,4.0,13.74,13.848000000000003,12.368500000000001,11.140333333333333,中国铝业
601600,2026-01-19 00:00:00,2026-01-19,13.25,13.33,13.41,12.83,361276800,4764651445.0,0.53,0.07,2.74,13.26,13.690000000000001,12.501999999999999,11.215499999999999,中国铝业
601600,2026-01-20 00:00:00,2026-01-20,13.4,13.29,13.62,12.93,347086100,4604142772.0,-0.3,-0.04,2.63,13.33,13.586000000000002,12.642,11.287,中国铝业
601600,2026-01-21 00:00:00,2026-01-21,13.2,13.4,13.46,13.02,267865300,3561319411.0,0.83,0.11,2.03,13.29,13.45,12.764,11.354666666666667,中国铝业
601600,2026-01-22 00:00:00,2026-01-22,13.4,13.28,13.5,13.21,274707400,3658676363.0,-0.9,-0.12,2.09,13.4,13.404000000000002,12.885500000000002,11.421333333333333,中国铝业
601600,2026-01-23 00:00:00,2026-01-23,13.39,13.23,13.52,13.08,475917800,6327370440.0,-0.38,-0.05,3.61,13.28,13.312000000000001,13.001,11.488333333333333,中国铝业
601600,2026-01-26 00:00:00,2026-01-26,13.46,13.4,13.86,13.33,675222100,9173107682.0,1.28,0.17,5.13,13.23,13.306000000000001,13.109,11.543666666666667,中国铝业
601600,2026-01-27 00:00:00,2026-01-27,13.34,13.27,13.7,13.11,510560600,6839552676.0,-0.97,-0.13,3.88,13.4,13.319999999999999,13.231,11.595166666666668,中国铝业
601600,2026-01-28 00:00:00,2026-01-28,13.45,14.6,14.6,13.13,829795800,11718403835.0,10.02,1.33,6.3,13.27,13.315999999999999,13.3025,11.649833333333333,中国铝业
601600,2026-01-29 00:00:00,2026-01-29,15.01,15.7,15.85,14.24,1067686200,16120934544.0,7.53,1.1,8.1,14.6,13.556000000000001,13.459999999999999,11.723666666666666,中国铝业
601600,2026-01-30 00:00:00,2026-01-30,14.7,14.13,15.01,14.13,776754500,11154511799.0,-10.0,-1.57,5.9,15.7,14.040000000000001,13.645500000000002,11.821166666666667,中国铝业
601600,2026-02-02 00:00:00,2026-02-02,13.01,12.72,13.6,12.72,787814100,10322166756.0,-9.98,-1.41,5.98,14.13,14.219999999999999,13.741,11.892166666666666,中国铝业
601600,2026-02-03 00:00:00,2026-02-03,13.1,13.14,13.19,12.67,475032500,6143511809.0,3.3,0.42,3.61,12.72,14.084,13.725999999999999,11.923166666666667,中国铝业
601600,2026-02-04 00:00:00,2026-02-04,13.37,13.44,13.54,13.22,337011700,4504126120.0,2.28,0.3,2.56,13.14,14.058000000000002,13.684500000000003,11.963,中国铝业
601600,2026-02-05 00:00:00,2026-02-05,13.13,12.64,13.26,12.36,383179100,4875000354.0,-5.95,-0.8,2.91,13.44,13.825999999999999,13.654000000000002,12.002,中国铝业
601600,2026-02-06 00:00:00,2026-02-06,12.18,12.89,13.08,12.18,296307000,3783989245.0,1.98,0.25,2.25,12.64,13.214000000000002,13.6035,12.029666666666667,中国铝业
601600,2026-02-09 00:00:00,2026-02-09,13.12,13.05,13.2,12.88,206140000,2684937921.0,1.24,0.16,1.56,12.89,12.966,13.5455,12.049333333333333,中国铝业
601600,2026-02-10 00:00:00,2026-02-10,13.12,13.15,13.26,13.01,198249300,2603191151.0,0.77,0.1,1.5,13.05,13.032,13.505500000000001,12.064,中国铝业
601600,2026-02-11 00:00:00,2026-02-11,13.06,13.32,13.45,13.05,212624600,2825969942.0,1.29,0.17,1.61,13.15,13.034,13.464499999999997,12.088833333333332,中国铝业
601600,2026-02-12 00:00:00,2026-02-12,13.26,13.21,13.44,13.2,187857000,2499123225.0,-0.83,-0.11,1.43,13.32,13.010000000000002,13.449000000000002,12.124833333333333,中国铝业
601600,2026-02-13 00:00:00,2026-02-13,12.97,12.69,13.09,12.66,259190400,3323093316.0,-3.94,-0.52,1.97,13.21,13.124,13.4225,12.165833333333333,中国铝业
601600,2026-02-24 00:00:00,2026-02-24,13.01,12.96,13.12,12.87,198410400,2578283875.0,2.13,0.27,1.51,12.69,13.084,13.394,12.194333333333333,中国铝业
601600,2026-02-25 00:00:00,2026-02-25,13.07,13.53,13.79,13.01,324128300,4369775026.0,4.4,0.57,2.46,12.96,13.065999999999999,13.375499999999999,12.226333333333335,中国铝业
601600,2026-02-26 00:00:00,2026-02-26,13.75,13.46,13.78,13.34,235503600,3179215172.0,-0.52,-0.07,1.79,13.53,13.142000000000001,13.3875,12.2765,中国铝业
601600,2026-02-27 00:00:00,2026-02-27,13.35,13.72,13.92,13.32,273842400,3749389808.0,1.93,0.26,2.08,13.46,13.170000000000002,13.3905,12.326,中国铝业
601600,2026-03-02 00:00:00,2026-03-02,13.88,14.27,14.31,13.47,476840400,6644103702.0,4.01,0.55,3.62,13.72,13.272,13.4125,12.378833333333334,中国铝业
601600,2026-03-03 00:00:00,2026-03-03,14.29,13.97,14.55,13.8,451023600,6375465166.0,-2.1,-0.3,3.42,14.27,13.588,13.464500000000001,12.4435,中国铝业
601600,2026-03-04 00:00:00,2026-03-04,14.17,14.45,14.85,14.11,477629600,6918024475.0,3.44,0.48,3.63,13.97,13.790000000000001,13.493,12.502333333333333,中国铝业
601600,2026-03-05 00:00:00,2026-03-05,14.85,14.79,15.2,14.44,539558700,7999450824.0,2.35,0.34,4.1,14.45,13.974,13.552000000000001,12.568000000000001,中国铝业
601607,2025-09-02 00:00:00,2025-09-02,18.42,18.48,18.65,18.34,27056900,503119893.0,0.6,0.11,0.97,18.37,,,,上海医药
601607,2025-09-03 00:00:00,2025-09-03,18.47,18.36,18.54,18.2,20210100,373081228.0,-0.65,-0.12,0.72,18.48,,,,上海医药
601607,2025-09-04 00:00:00,2025-09-04,18.36,18.14,18.37,17.97,20624500,376754489.0,-1.2,-0.22,0.74,18.36,,,,上海医药
601607,2025-09-05 00:00:00,2025-09-05,18.13,18.21,18.24,17.99,17022300,309897797.0,0.39,0.07,0.61,18.14,,,,上海医药
601607,2025-09-08 00:00:00,2025-09-08,18.22,18.33,18.39,18.21,24140900,444732529.0,0.66,0.12,0.87,18.21,18.312,,,上海医药
601607,2025-09-09 00:00:00,2025-09-09,18.29,18.14,18.34,18.06,16224800,296958064.0,-1.04,-0.19,0.58,18.33,18.304,,,上海医药
601607,2025-09-10 00:00:00,2025-09-10,18.1,18.03,18.18,18.0,11270300,204872603.0,-0.61,-0.11,0.4,18.14,18.235999999999997,,,上海医药
601607,2025-09-11 00:00:00,2025-09-11,18.0,18.17,18.17,17.88,15197100,276001618.0,0.78,0.14,0.54,18.03,18.169999999999998,,,上海医药
601607,2025-09-12 00:00:00,2025-09-12,18.17,17.89,18.2,17.84,32132600,582076888.0,-1.54,-0.28,1.15,18.17,18.176000000000002,,,上海医药
601607,2025-09-15 00:00:00,2025-09-15,17.93,18.01,18.09,17.9,16805600,304514422.0,0.67,0.12,0.6,17.89,18.112000000000002,,,上海医药
601607,2025-09-16 00:00:00,2025-09-16,18.08,17.95,18.22,17.89,23445400,424475613.0,-0.33,-0.06,0.84,18.01,18.048000000000002,,,上海医药
601607,2025-09-17 00:00:00,2025-09-17,17.95,18.0,18.04,17.93,14630100,264949448.0,0.28,0.05,0.52,17.95,18.01,,,上海医药
601607,2025-09-18 00:00:00,2025-09-18,18.01,18.11,18.36,17.96,32847500,598904206.0,0.61,0.11,1.18,18.0,18.004,,,上海医药
601607,2025-09-19 00:00:00,2025-09-19,18.09,17.81,18.09,17.75,26832400,482900145.0,-1.66,-0.3,0.96,18.11,17.992,,,上海医药
601607,2025-09-22 00:00:00,2025-09-22,17.88,17.8,17.96,17.74,14835300,266161391.0,-0.06,-0.01,0.53,17.81,17.976,,,上海医药
601607,2025-09-23 00:00:00,2025-09-23,17.76,17.72,17.86,17.56,16147300,287263018.0,-0.45,-0.08,0.58,17.8,17.933999999999997,,,上海医药
601607,2025-09-24 00:00:00,2025-09-24,17.67,17.92,17.99,17.63,16924700,304393626.0,1.13,0.2,0.61,17.72,17.887999999999998,,,上海医药
601607,2025-09-25 00:00:00,2025-09-25,17.86,17.79,17.89,17.71,14223900,254610977.0,-0.73,-0.13,0.51,17.92,17.872000000000003,,,上海医药
601607,2025-09-26 00:00:00,2025-09-26,17.75,17.82,17.85,17.66,11574200,206931521.0,0.17,0.03,0.41,17.79,17.808,,,上海医药
601607,2025-09-29 00:00:00,2025-09-29,17.81,17.71,17.81,17.64,18078300,322079651.0,-0.62,-0.11,0.65,17.82,17.810000000000002,18.052500000000002,,上海医药
601607,2025-09-30 00:00:00,2025-09-30,17.73,17.83,17.83,17.66,14368800,256728961.0,0.68,0.12,0.52,17.71,17.791999999999998,18.0195,,上海医药
601607,2025-10-09 00:00:00,2025-10-09,17.78,18.17,18.22,17.75,31626800,574457972.0,1.91,0.34,1.13,17.83,17.814,17.987000000000002,,上海医药
601607,2025-10-10 00:00:00,2025-10-10,18.17,18.25,18.28,18.08,20426800,374288054.0,0.44,0.08,0.73,18.17,17.864,17.9775,,上海医药
601607,2025-10-13 00:00:00,2025-10-13,17.96,18.08,18.18,17.91,17872900,324616722.0,-0.93,-0.17,0.64,18.25,17.956,17.982999999999997,,上海医药
601607,2025-10-14 00:00:00,2025-10-14,18.07,18.18,18.27,18.04,17789300,325139336.0,0.55,0.1,0.64,18.08,18.008000000000003,17.976499999999998,,上海医药
601607,2025-10-15 00:00:00,2025-10-15,18.18,18.27,18.42,18.09,23676600,435605107.0,0.5,0.09,0.85,18.18,18.101999999999997,17.969,,上海医药
601607,2025-10-16 00:00:00,2025-10-16,18.26,18.21,18.36,18.16,19707500,362184402.0,-0.33,-0.06,0.71,18.27,18.19,17.975500000000004,,上海医药
601607,2025-10-17 00:00:00,2025-10-17,18.23,18.03,18.29,18.0,15352000,280564281.0,-0.99,-0.18,0.55,18.21,18.198,17.9845,,上海医药
601607,2025-10-20 00:00:00,2025-10-20,18.07,18.08,18.11,17.96,12657100,229624109.0,0.28,0.05,0.45,18.03,18.154,17.9775,,上海医药
601607,2025-10-21 00:00:00,2025-10-21,18.1,18.13,18.13,18.01,12386200,225519657.0,0.28,0.05,0.44,18.08,18.154,17.987000000000002,,上海医药
601607,2025-10-22 00:00:00,2025-10-22,18.12,18.26,18.32,18.08,14741400,270673973.0,0.72,0.13,0.53,18.13,18.144,17.993000000000002,,上海医药
601607,2025-10-23 00:00:00,2025-10-23,18.23,18.26,18.3,18.11,10878400,199208193.0,0.0,0.0,0.39,18.26,18.142,18.0085,,上海医药
601607,2025-10-24 00:00:00,2025-10-24,18.23,18.16,18.28,18.13,10953800,200538565.0,-0.55,-0.1,0.39,18.26,18.152,18.0215,,上海医药
601607,2025-10-27 00:00:00,2025-10-27,18.24,18.19,18.25,18.1,12718100,232701868.0,0.17,0.03,0.46,18.16,18.178,18.024,,上海医药
601607,2025-10-28 00:00:00,2025-10-28,18.2,18.17,18.28,18.15,12030500,220426645.0,-0.11,-0.02,0.43,18.19,18.2,18.043,,上海医药
601607,2025-10-29 00:00:00,2025-10-29,18.18,18.18,18.2,18.09,11564200,211236199.0,0.06,0.01,0.41,18.17,18.208000000000006,18.061500000000002,,上海医药
601607,2025-10-30 00:00:00,2025-10-30,18.18,18.2,18.3,18.14,16617300,304843634.0,0.11,0.02,0.6,18.18,18.192,18.084500000000002,,上海医药
601607,2025-10-31 00:00:00,2025-10-31,18.05,17.82,18.05,17.68,35691000,640878921.0,-2.09,-0.38,1.28,18.2,18.18,18.0985,,上海医药
601607,2025-11-03 00:00:00,2025-11-03,17.84,17.79,17.88,17.75,22043000,394783195.0,-0.17,-0.03,0.79,17.82,18.112000000000002,18.1,,上海医药
601607,2025-11-04 00:00:00,2025-11-04,17.8,17.7,17.8,17.66,16002400,285520317.0,-0.51,-0.09,0.57,17.79,18.032000000000004,18.098499999999998,,上海医药
601607,2025-11-05 00:00:00,2025-11-05,17.64,17.74,17.74,17.61,11724100,208857262.0,0.23,0.04,0.42,17.7,17.938,18.098000000000003,,上海医药
601607,2025-11-06 00:00:00,2025-11-06,17.74,17.74,17.77,17.7,10537100,188227022.0,0.0,0.0,0.38,17.74,17.85,18.0935,,上海医药
601607,2025-11-07 00:00:00,2025-11-07,17.78,17.84,17.97,17.75,16119900,289875220.0,0.56,0.1,0.58,17.74,17.758,18.072,,上海医药
601607,2025-11-10 00:00:00,2025-11-10,17.88,18.15,18.16,17.83,26867400,487214392.0,1.74,0.31,0.96,17.84,17.762,18.0515,,上海医药
601607,2025-11-11 00:00:00,2025-11-11,18.13,18.25,18.29,18.06,21674200,396465726.0,0.55,0.1,0.78,18.15,17.833999999999996,18.055,,上海医药
601607,2025-11-12 00:00:00,2025-11-12,18.24,18.29,18.43,18.22,22921300,423032077.0,0.22,0.04,0.82,18.25,17.944,18.058500000000002,,上海医药
601607,2025-11-13 00:00:00,2025-11-13,18.31,18.29,18.32,18.12,15655800,286615085.0,0.0,0.0,0.56,18.29,18.054,18.0595,,上海医药
601607,2025-11-14 00:00:00,2025-11-14,18.19,18.2,18.44,18.14,19302300,355559484.0,-0.49,-0.09,0.69,18.29,18.163999999999998,18.063499999999998,,上海医药
601607,2025-11-17 00:00:00,2025-11-17,18.21,17.98,18.23,17.96,16722100,303331405.0,-1.21,-0.22,0.6,18.2,18.235999999999997,18.071999999999996,,上海医药
601607,2025-11-18 00:00:00,2025-11-18,17.96,17.87,18.04,17.82,12201600,219790081.0,-0.61,-0.11,0.44,17.98,18.202,18.067,,上海医药
601607,2025-11-19 00:00:00,2025-11-19,17.84,17.8,17.9,17.74,9764500,175003610.0,-0.39,-0.07,0.35,17.87,18.125999999999998,18.054,,上海医药
601607,2025-11-20 00:00:00,2025-11-20,17.81,17.8,17.91,17.78,10357500,185938020.0,0.0,0.0,0.37,17.8,18.028,18.031,,上海医药
601607,2025-11-21 00:00:00,2025-11-21,17.76,17.6,17.79,17.59,17293500,307703673.0,-1.12,-0.2,0.62,17.8,17.93,18.008000000000003,,上海医药
601607,2025-11-24 00:00:00,2025-11-24,17.66,17.64,17.67,17.51,10193600,180722974.0,0.23,0.04,0.37,17.6,17.810000000000002,17.979999999999997,,上海医药
601607,2025-11-25 00:00:00,2025-11-25,17.66,17.76,17.77,17.58,10470000,186592149.0,0.68,0.12,0.38,17.64,17.742,17.9525,,上海医药
601607,2025-11-26 00:00:00,2025-11-26,17.77,17.75,17.86,17.71,9429500,168878969.0,-0.06,-0.01,0.34,17.76,17.72,17.932,,上海医药
601607,2025-11-27 00:00:00,2025-11-27,17.75,17.69,17.76,17.66,7369500,131344367.0,-0.34,-0.06,0.26,17.75,17.71,17.910500000000003,,上海医药
601607,2025-11-28 00:00:00,2025-11-28,17.71,17.69,17.72,17.62,6812800,121146444.0,0.0,0.0,0.24,17.69,17.688,17.884999999999998,,上海医药
601607,2025-12-01 00:00:00,2025-12-01,17.69,17.81,17.83,17.64,12597200,224765333.0,0.68,0.12,0.45,17.69,17.706000000000003,17.8785,,上海医药
601607,2025-12-02 00:00:00,2025-12-02,17.77,17.76,17.8,17.72,7991000,142764655.0,-0.28,-0.05,0.29,17.81,17.740000000000002,17.8795,18.010166666666667,上海医药
601607,2025-12-03 00:00:00,2025-12-03,17.78,17.81,17.87,17.74,12738200,228435701.0,0.28,0.05,0.46,17.76,17.740000000000002,17.8825,18.000000000000004,上海医药
601607,2025-12-04 00:00:00,2025-12-04,17.81,17.77,17.83,17.69,8878400,158687128.0,-0.22,-0.04,0.32,17.81,17.752000000000002,17.886000000000003,17.988833333333336,上海医药
601607,2025-12-05 00:00:00,2025-12-05,17.76,17.78,17.78,17.65,10972400,195667162.0,0.06,0.01,0.39,17.77,17.767999999999997,17.8875,17.979,上海医药
601607,2025-12-08 00:00:00,2025-12-08,17.81,17.8,17.84,17.75,9131300,163614980.0,0.11,0.02,0.33,17.78,17.785999999999998,17.8845,17.973000000000003,上海医药
601607,2025-12-09 00:00:00,2025-12-09,17.78,17.68,17.79,17.63,8406200,149693797.0,-0.67,-0.12,0.3,17.8,17.784000000000002,17.867,17.966166666666666,上海医药
601607,2025-12-10 00:00:00,2025-12-10,17.71,17.63,17.72,17.57,11830800,210056150.0,-0.28,-0.05,0.42,17.68,17.768,17.8385,17.955333333333332,上海医药
601607,2025-12-11 00:00:00,2025-12-11,17.62,17.69,17.81,17.57,14022400,250092516.0,0.34,0.06,0.5,17.63,17.732,17.805500000000002,17.946833333333334,上海医药
601607,2025-12-12 00:00:00,2025-12-12,17.68,17.93,17.97,17.66,31383200,565299016.0,1.36,0.24,1.13,17.69,17.716,17.7755,17.941166666666668,上海医药
601607,2025-12-15 00:00:00,2025-12-15,17.88,17.84,17.98,17.82,10235700,184591994.0,-0.5,-0.09,0.37,17.93,17.746000000000002,17.762,17.937166666666666,上海医药
601607,2025-12-16 00:00:00,2025-12-16,17.79,17.73,17.86,17.68,8630100,154034393.0,-0.62,-0.11,0.31,17.84,17.754,17.755000000000003,17.936333333333334,上海医药
601607,2025-12-17 00:00:00,2025-12-17,17.71,17.79,17.83,17.66,7428700,132783764.0,0.34,0.06,0.27,17.73,17.764,17.748,17.931666666666665,上海医药
601607,2025-12-18 00:00:00,2025-12-18,17.79,18.01,18.03,17.76,14794900,267110717.0,1.24,0.22,0.53,17.79,17.796,17.7475,17.929,上海医药
601607,2025-12-19 00:00:00,2025-12-19,17.93,17.91,17.98,17.79,11908300,214484497.0,-0.56,-0.1,0.43,18.01,17.86,17.758,17.929166666666667,上海医药
601607,2025-12-22 00:00:00,2025-12-22,17.89,17.86,17.91,17.84,8665100,155781789.0,-0.28,-0.05,0.31,17.91,17.856,17.773500000000002,17.925833333333333,上海医药
601607,2025-12-23 00:00:00,2025-12-23,17.84,17.81,17.89,17.78,6684000,119956248.0,-0.28,-0.05,0.24,17.86,17.86,17.7845,17.926666666666666,上海医药
601607,2025-12-24 00:00:00,2025-12-24,17.79,17.81,17.81,17.71,7584400,135603470.0,0.0,0.0,0.27,17.81,17.875999999999998,17.787,17.926833333333335,上海医药
601607,2025-12-25 00:00:00,2025-12-25,17.8,17.81,17.83,17.74,7226200,129326495.0,0.0,0.0,0.26,17.81,17.880000000000003,17.79,17.928333333333335,上海医药
601607,2025-12-26 00:00:00,2025-12-26,17.82,17.74,17.82,17.72,6585300,117792568.0,-0.39,-0.07,0.24,17.81,17.839999999999996,17.796,17.926499999999997,上海医药
601607,2025-12-29 00:00:00,2025-12-29,17.74,17.71,17.75,17.7,5914900,105512038.0,-0.17,-0.03,0.21,17.74,17.806,17.798499999999997,17.925666666666665,上海医药
601607,2025-12-30 00:00:00,2025-12-30,17.71,17.7,17.73,17.68,7716500,137536517.0,-0.06,-0.01,0.28,17.71,17.776,17.7935,17.923833333333334,上海医药
601607,2025-12-31 00:00:00,2025-12-31,17.7,17.74,17.74,17.69,6342600,113127901.0,0.23,0.04,0.23,17.7,17.753999999999998,17.7905,17.92366666666667,上海医药
601607,2026-01-05 00:00:00,2026-01-05,17.8,17.85,17.87,17.7,11967800,213304847.0,0.62,0.11,0.43,17.74,17.740000000000002,17.787,17.92216666666667,上海医药
601607,2026-01-06 00:00:00,2026-01-06,17.88,17.89,17.9,17.81,14233500,254214674.0,0.22,0.04,0.51,17.85,17.748,17.791,17.916833333333333,上海医药
601607,2026-01-07 00:00:00,2026-01-07,17.93,17.82,17.93,17.8,13344800,238074027.0,-0.39,-0.07,0.48,17.89,17.778,17.7965,17.910833333333336,上海医药
601607,2026-01-08 00:00:00,2026-01-08,17.81,17.84,17.86,17.79,8604500,153418355.0,0.11,0.02,0.31,17.82,17.8,17.7975,17.9065,上海医药
601607,2026-01-09 00:00:00,2026-01-09,17.85,17.88,17.93,17.82,13814200,246907628.0,0.22,0.04,0.5,17.84,17.828,17.8055,17.90083333333333,上海医药
601607,2026-01-12 00:00:00,2026-01-12,17.89,17.92,17.94,17.85,19061100,341130654.0,0.22,0.04,0.68,17.88,17.856,17.817999999999998,17.894333333333336,上海医药
601607,2026-01-13 00:00:00,2026-01-13,17.92,18.06,18.13,17.85,24656300,444602373.0,0.78,0.14,0.88,17.92,17.87,17.8295,17.889499999999998,上海医药
601607,2026-01-14 00:00:00,2026-01-14,18.06,17.58,18.07,17.56,51759300,922583757.0,-2.66,-0.48,1.86,18.06,17.904000000000003,17.836,17.89,上海医药
601607,2026-01-15 00:00:00,2026-01-15,17.61,17.54,17.65,17.52,21476800,377339850.0,-0.23,-0.04,0.77,17.58,17.856,17.823,17.881666666666668,上海医药
601607,2026-01-16 00:00:00,2026-01-16,17.55,17.36,17.59,17.3,24733800,430533543.0,-1.03,-0.18,0.89,17.54,17.796,17.813499999999998,17.87183333333333,上海医药
601607,2026-01-19 00:00:00,2026-01-19,17.36,17.32,17.38,17.28,15350700,266011144.0,-0.23,-0.04,0.55,17.36,17.692,17.792,17.856833333333334,上海医药
601607,2026-01-20 00:00:00,2026-01-20,17.35,17.47,17.51,17.33,14302300,249124779.0,0.87,0.15,0.51,17.32,17.572,17.7575,17.841166666666666,上海医药
601607,2026-01-21 00:00:00,2026-01-21,17.49,17.37,17.5,17.32,14745700,256435049.0,-0.57,-0.1,0.53,17.47,17.454,17.7355,17.829666666666665,上海医药
601607,2026-01-22 00:00:00,2026-01-22,17.35,17.31,17.43,17.23,21605900,374118412.0,-0.35,-0.06,0.77,17.37,17.412,17.711,17.816,上海医药
601607,2026-01-23 00:00:00,2026-01-23,17.37,17.48,17.53,17.35,26174900,457298427.0,0.98,0.17,0.94,17.31,17.366,17.686,17.80166666666667,上海医药
601607,2026-01-26 00:00:00,2026-01-26,17.5,17.61,17.64,17.41,24935900,437703723.0,0.74,0.13,0.89,17.48,17.39,17.6695,17.79,上海医药
601607,2026-01-27 00:00:00,2026-01-27,17.66,17.43,17.68,17.4,19245500,336371234.0,-1.02,-0.18,0.69,17.61,17.448,17.659499999999998,17.780166666666666,上海医药
601607,2026-01-28 00:00:00,2026-01-28,17.43,17.4,17.5,17.38,15039600,262139113.0,-0.17,-0.03,0.54,17.43,17.439999999999998,17.644,17.773666666666667,上海医药
601607,2026-01-29 00:00:00,2026-01-29,17.36,17.42,17.43,17.28,17694400,306728442.0,0.11,0.02,0.63,17.4,17.445999999999998,17.6285,17.767166666666665,上海医药
601607,2026-01-30 00:00:00,2026-01-30,17.41,17.3,17.45,17.25,16240600,281628635.0,-0.69,-0.12,0.58,17.42,17.468,17.6145,17.7625,上海医药
601607,2026-02-02 00:00:00,2026-02-02,17.26,17.11,17.31,17.1,17724900,305088126.0,-1.1,-0.19,0.64,17.3,17.432,17.592499999999998,17.755166666666664,上海医药
601607,2026-02-03 00:00:00,2026-02-03,17.13,17.17,17.2,17.07,8874400,152063711.0,0.35,0.06,0.32,17.11,17.332,17.555500000000002,17.744666666666667,上海医药
601607,2026-02-04 00:00:00,2026-02-04,17.13,17.27,17.29,17.11,9264400,159536150.0,0.58,0.1,0.33,17.17,17.279999999999998,17.5195,17.7335,上海医药
601607,2026-02-05 00:00:00,2026-02-05,17.29,17.31,17.33,17.22,10141300,175254790.0,0.23,0.04,0.36,17.27,17.254,17.491999999999997,17.718833333333333,上海医药
601607,2026-02-06 00:00:00,2026-02-06,17.31,17.26,17.38,17.25,9484000,164187591.0,-0.29,-0.05,0.34,17.31,17.232,17.4655,17.703166666666668,上海医药
601607,2026-02-09 00:00:00,2026-02-09,17.3,17.29,17.32,17.26,7220300,124831811.0,0.17,0.03,0.26,17.26,17.224,17.4345,17.686,上海医药
601607,2026-02-10 00:00:00,2026-02-10,17.3,17.28,17.32,17.24,6427500,111124994.0,-0.06,-0.01,0.23,17.29,17.26,17.403,17.669333333333334,上海医药
601607,2026-02-11 00:00:00,2026-02-11,17.29,17.27,17.3,17.26,5142000,88853810.0,-0.06,-0.01,0.18,17.28,17.282,17.363999999999997,17.654,上海医药
601607,2026-02-12 00:00:00,2026-02-12,17.29,17.21,17.29,17.18,7038100,121177001.0,-0.35,-0.06,0.25,17.27,17.282,17.3485,17.642166666666665,上海医药
601607,2026-02-13 00:00:00,2026-02-13,17.2,17.16,17.22,17.14,6592400,113307423.0,-0.29,-0.05,0.24,17.21,17.262,17.332,17.63116666666667,上海医药
601607,2026-02-24 00:00:00,2026-02-24,17.22,17.22,17.27,17.19,7296200,125618417.0,0.35,0.06,0.26,17.16,17.242,17.322,17.6205,上海医药
601607,2026-02-25 00:00:00,2026-02-25,17.22,17.29,17.34,17.22,9937700,171835063.0,0.41,0.07,0.36,17.22,17.228,17.317,17.610833333333332,上海医药
601607,2026-02-26 00:00:00,2026-02-26,17.32,17.22,17.32,17.2,9669000,166696415.0,-0.4,-0.07,0.35,17.29,17.23,17.308,17.605666666666664,上海医药
601607,2026-02-27 00:00:00,2026-02-27,17.22,17.2,17.24,17.19,7337400,126289018.0,-0.12,-0.02,0.26,17.22,17.22,17.3005,17.598666666666663,上海医药
601607,2026-03-02 00:00:00,2026-03-02,17.11,17.25,17.28,17.08,13332700,229359171.0,0.29,0.05,0.48,17.2,17.218,17.294999999999998,17.589333333333332,上海医药
601607,2026-03-03 00:00:00,2026-03-03,17.24,17.21,17.33,17.17,15885500,274094307.0,-0.23,-0.04,0.57,17.25,17.236,17.283499999999997,17.581,上海医药
601607,2026-03-04 00:00:00,2026-03-04,17.21,17.0,17.21,16.94,14858200,253433085.0,-1.22,-0.21,0.53,17.21,17.234,17.2635,17.573,上海医药
601607,2026-03-05 00:00:00,2026-03-05,17.03,17.03,17.1,17.01,6341300,108106305.0,0.18,0.03,0.23,17.0,17.176,17.242,17.561500000000002,上海医药
601618,2025-09-02 00:00:00,2025-09-02,3.46,3.45,3.55,3.41,207671500,720320512.0,0.58,0.02,1.16,3.43,,,,中国中冶
601618,2025-09-03 00:00:00,2025-09-03,3.47,3.45,3.54,3.41,192819500,671593136.0,0.0,0.0,1.08,3.45,,,,中国中冶
601618,2025-09-04 00:00:00,2025-09-04,3.43,3.38,3.46,3.33,150443800,509214332.0,-2.03,-0.07,0.84,3.45,,,,中国中冶
601618,2025-09-05 00:00:00,2025-09-05,3.39,3.43,3.44,3.35,126246800,428821727.0,1.48,0.05,0.71,3.38,,,,中国中冶
601618,2025-09-08 00:00:00,2025-09-08,3.43,3.47,3.49,3.41,128863400,443727377.0,1.17,0.04,0.72,3.43,3.428,,,中国中冶
601618,2025-09-09 00:00:00,2025-09-09,3.46,3.43,3.5,3.41,93783700,323482532.0,-1.15,-0.04,0.53,3.47,3.436,,,中国中冶
601618,2025-09-10 00:00:00,2025-09-10,3.41,3.39,3.42,3.35,105996600,358778936.0,-1.17,-0.04,0.59,3.43,3.432,,,中国中冶
601618,2025-09-11 00:00:00,2025-09-11,3.38,3.43,3.44,3.38,99425000,339162412.0,1.18,0.04,0.56,3.39,3.4200000000000004,,,中国中冶
601618,2025-09-12 00:00:00,2025-09-12,3.43,3.48,3.5,3.42,132706400,460432010.0,1.46,0.05,0.74,3.43,3.4299999999999997,,,中国中冶
601618,2025-09-15 00:00:00,2025-09-15,3.48,3.48,3.53,3.45,102449000,356671391.0,0.0,0.0,0.57,3.48,3.44,,,中国中冶
601618,2025-09-16 00:00:00,2025-09-16,3.52,3.49,3.59,3.42,151703400,529164125.0,0.29,0.01,0.85,3.48,3.442,,,中国中冶
601618,2025-09-17 00:00:00,2025-09-17,3.48,3.46,3.5,3.42,85348000,295133925.0,-0.86,-0.03,0.48,3.49,3.4539999999999997,,,中国中冶
601618,2025-09-18 00:00:00,2025-09-18,3.46,3.38,3.48,3.35,125740600,429128100.0,-2.31,-0.08,0.7,3.46,3.468,,,中国中冶
601618,2025-09-19 00:00:00,2025-09-19,3.37,3.37,3.4,3.35,86936100,293070776.0,-0.3,-0.01,0.49,3.38,3.4579999999999997,,,中国中冶
601618,2025-09-22 00:00:00,2025-09-22,3.36,3.3,3.37,3.27,79210900,261557031.0,-2.08,-0.07,0.44,3.37,3.436,,,中国中冶
601618,2025-09-23 00:00:00,2025-09-23,3.31,3.32,3.32,3.25,106295500,349419336.0,0.61,0.02,0.6,3.3,3.4,,,中国中冶
601618,2025-09-24 00:00:00,2025-09-24,3.33,3.31,3.33,3.28,66537000,219737700.0,-0.3,-0.01,0.37,3.32,3.3660000000000005,,,中国中冶
601618,2025-09-25 00:00:00,2025-09-25,3.38,3.43,3.5,3.38,216438200,744075820.0,3.63,0.12,1.21,3.31,3.336,,,中国中冶
601618,2025-09-26 00:00:00,2025-09-26,3.41,3.41,3.45,3.38,113281900,387563955.0,-0.58,-0.02,0.63,3.43,3.346,,,中国中冶
601618,2025-09-29 00:00:00,2025-09-29,3.42,3.5,3.52,3.4,152351500,528237724.0,2.64,0.09,0.85,3.41,3.354,3.4145000000000003,,中国中冶
601618,2025-09-30 00:00:00,2025-09-30,3.5,3.85,3.85,3.48,489968700,1837474815.0,10.0,0.35,2.74,3.5,3.3939999999999997,3.418,,中国中冶
601618,2025-10-09 00:00:00,2025-10-09,4.0,4.14,4.24,3.91,889367100,3670288381.0,7.53,0.29,4.98,3.85,3.5,3.438,,中国中冶
601618,2025-10-10 00:00:00,2025-10-10,4.01,4.05,4.3,3.97,616096600,2539405213.0,-2.17,-0.09,3.45,4.14,3.6659999999999995,3.4725,,中国中冶
601618,2025-10-13 00:00:00,2025-10-13,3.91,4.0,4.07,3.83,504295500,1988352154.0,-1.23,-0.05,2.82,4.05,3.79,3.5060000000000002,,中国中冶
601618,2025-10-14 00:00:00,2025-10-14,4.12,3.94,4.17,3.91,395433500,1596112030.0,-1.5,-0.06,2.21,4.0,3.908,3.5345,,中国中冶
601618,2025-10-15 00:00:00,2025-10-15,3.94,3.94,4.03,3.86,243347300,956097700.0,0.0,0.0,1.36,3.94,3.996,3.558,,中国中冶
601618,2025-10-16 00:00:00,2025-10-16,3.9,3.82,3.92,3.79,183791200,705913946.0,-3.05,-0.12,1.03,3.94,4.014,3.5834999999999995,,中国中冶
601618,2025-10-17 00:00:00,2025-10-17,3.83,3.71,3.83,3.7,199512700,746243072.0,-2.88,-0.11,1.12,3.82,3.95,3.6049999999999995,,中国中冶
601618,2025-10-20 00:00:00,2025-10-20,3.72,3.67,3.74,3.66,172600500,636668117.0,-1.08,-0.04,0.97,3.71,3.882,3.6189999999999998,,中国中冶
601618,2025-10-21 00:00:00,2025-10-21,3.69,3.71,3.75,3.69,144959900,539754865.0,1.09,0.04,0.81,3.67,3.816,3.6285,,中国中冶
601618,2025-10-22 00:00:00,2025-10-22,3.67,3.68,3.71,3.65,112980000,415392448.0,-0.81,-0.03,0.63,3.71,3.7699999999999996,3.6399999999999997,,中国中冶
601618,2025-10-23 00:00:00,2025-10-23,3.68,3.68,3.69,3.59,122985400,447608753.0,0.0,0.0,0.69,3.68,3.718,3.6494999999999997,,中国中冶
601618,2025-10-24 00:00:00,2025-10-24,3.7,3.74,3.76,3.69,174046000,647549789.0,1.63,0.06,0.97,3.68,3.69,3.6605000000000003,,中国中冶
601618,2025-10-27 00:00:00,2025-10-27,3.8,3.82,3.88,3.77,242645700,927166270.0,2.14,0.08,1.36,3.74,3.696,3.6784999999999997,,中国中冶
601618,2025-10-28 00:00:00,2025-10-28,3.8,3.65,3.81,3.63,243544800,899265816.0,-4.45,-0.17,1.36,3.82,3.7260000000000004,3.7010000000000005,,中国中冶
601618,2025-10-29 00:00:00,2025-10-29,3.64,3.7,3.7,3.58,188047400,686244978.0,1.37,0.05,1.05,3.65,3.714,3.7184999999999997,,中国中冶
601618,2025-10-30 00:00:00,2025-10-30,3.67,3.7,3.82,3.66,285588900,1067508206.0,0.0,0.0,1.6,3.7,3.718,3.7375,,中国中冶
601618,2025-10-31 00:00:00,2025-10-31,3.6,3.49,3.63,3.49,344813200,1221012187.0,-5.68,-0.21,1.93,3.7,3.722,3.757,,中国中冶
601618,2025-11-03 00:00:00,2025-11-03,3.5,3.53,3.54,3.46,156369600,547655024.0,1.15,0.04,0.88,3.49,3.6719999999999997,3.7600000000000002,,中国中冶
601618,2025-11-04 00:00:00,2025-11-04,3.52,3.48,3.55,3.45,118435700,414769362.0,-1.42,-0.05,0.66,3.53,3.614,3.7659999999999996,,中国中冶
601618,2025-11-05 00:00:00,2025-11-05,3.42,3.49,3.51,3.41,125552900,433864353.0,0.29,0.01,0.7,3.48,3.5799999999999996,3.7649999999999997,,中国中冶
601618,2025-11-06 00:00:00,2025-11-06,3.47,3.49,3.54,3.47,205871500,719246749.0,0.0,0.0,1.15,3.49,3.5380000000000003,3.747,,中国中冶
601618,2025-11-07 00:00:00,2025-11-07,3.48,3.49,3.53,3.45,142608400,498296577.0,0.0,0.0,0.8,3.49,3.496,3.7145,,中国中冶
601618,2025-11-10 00:00:00,2025-11-10,3.49,3.49,3.56,3.48,258831600,908158202.0,0.0,0.0,1.45,3.49,3.496,3.6865,,中国中冶
601618,2025-11-11 00:00:00,2025-11-11,3.51,3.51,3.58,3.49,404653300,1424037226.0,0.57,0.02,2.27,3.49,3.4880000000000004,3.661,,中国中冶
601618,2025-11-12 00:00:00,2025-11-12,3.51,3.45,3.51,3.42,245394700,847985916.0,-1.71,-0.06,1.37,3.51,3.4939999999999998,3.6395000000000004,,中国中冶
601618,2025-11-13 00:00:00,2025-11-13,3.45,3.48,3.53,3.44,525545200,1829551087.0,0.87,0.03,2.94,3.45,3.4859999999999998,3.6149999999999998,,中国中冶
601618,2025-11-14 00:00:00,2025-11-14,3.44,3.38,3.44,3.38,318729200,1084789236.0,-2.87,-0.1,1.79,3.48,3.4840000000000004,3.5980000000000003,,中国中冶
601618,2025-11-17 00:00:00,2025-11-17,3.38,3.35,3.39,3.33,182212000,610289446.0,-0.89,-0.03,1.02,3.38,3.4619999999999997,3.5815000000000006,,中国中冶
601618,2025-11-18 00:00:00,2025-11-18,3.34,3.29,3.35,3.27,188888000,624521329.0,-1.79,-0.06,1.06,3.35,3.4339999999999997,3.5655,,中国中冶
601618,2025-11-19 00:00:00,2025-11-19,3.29,3.3,3.31,3.27,122530600,403311027.0,0.3,0.01,0.69,3.29,3.3899999999999997,3.5445,,中国中冶
601618,2025-11-20 00:00:00,2025-11-20,3.3,3.31,3.34,3.29,151018200,500742855.0,0.3,0.01,0.85,3.3,3.3600000000000003,3.5255,,中国中冶
601618,2025-11-21 00:00:00,2025-11-21,3.28,3.19,3.29,3.18,203146700,654981684.0,-3.63,-0.12,1.14,3.31,3.3259999999999996,3.507,,中国中冶
601618,2025-11-24 00:00:00,2025-11-24,3.19,3.21,3.23,3.18,122692200,393045977.0,0.63,0.02,0.69,3.19,3.2880000000000003,3.4795000000000003,,中国中冶
601618,2025-11-25 00:00:00,2025-11-25,3.22,3.21,3.23,3.2,117492300,377634026.0,0.0,0.0,0.66,3.21,3.2600000000000002,3.4489999999999994,,中国中冶
601618,2025-11-26 00:00:00,2025-11-26,3.22,3.19,3.23,3.18,131637200,421903973.0,-0.62,-0.02,0.74,3.21,3.2439999999999998,3.4270000000000005,,中国中冶
601618,2025-11-27 00:00:00,2025-11-27,3.2,3.17,3.21,3.17,109659500,349344922.0,-0.63,-0.02,0.61,3.19,3.222,3.4015,,中国中冶
601618,2025-11-28 00:00:00,2025-11-28,3.17,3.18,3.19,3.13,129949500,411046911.0,0.32,0.01,0.73,3.17,3.194,3.375,,中国中冶
601618,2025-12-01 00:00:00,2025-12-01,3.3,3.25,3.35,3.23,396775300,1304460999.0,2.2,0.07,2.22,3.18,3.1919999999999997,3.3594999999999997,,中国中冶
601618,2025-12-02 00:00:00,2025-12-02,3.23,3.24,3.25,3.19,135900800,437829815.0,-0.31,-0.01,0.76,3.25,3.2,3.3455,3.508666666666667,中国中冶
601618,2025-12-03 00:00:00,2025-12-03,3.23,3.27,3.31,3.21,197859000,645719719.0,0.93,0.03,1.11,3.24,3.2060000000000004,3.3335,3.5054999999999996,中国中冶
601618,2025-12-04 00:00:00,2025-12-04,3.32,3.29,3.36,3.28,217850900,723605221.0,0.61,0.02,1.22,3.27,3.222,3.3225000000000002,3.5025,中国中冶
601618,2025-12-05 00:00:00,2025-12-05,3.27,3.39,3.4,3.27,317418800,1062767316.0,3.04,0.1,1.78,3.29,3.246,3.3125,3.499833333333333,中国中冶
601618,2025-12-08 00:00:00,2025-12-08,3.41,3.39,3.44,3.36,205316100,696945567.0,0.0,0.0,1.15,3.39,3.2880000000000003,3.3075,3.5,中国中冶
601618,2025-12-09 00:00:00,2025-12-09,3.23,3.05,3.23,3.05,777823100,2394497831.0,-10.03,-0.34,4.36,3.39,3.3160000000000003,3.3024999999999998,3.499333333333333,中国中冶
601618,2025-12-10 00:00:00,2025-12-10,2.99,2.96,3.03,2.93,452287000,1344435135.0,-2.95,-0.09,2.53,3.05,3.278,3.2795,3.4923333333333333,中国中冶
601618,2025-12-11 00:00:00,2025-12-11,2.96,2.92,2.97,2.91,214441800,628336619.0,-1.35,-0.04,1.2,2.96,3.216,3.255,3.4845,中国中冶
601618,2025-12-12 00:00:00,2025-12-12,2.92,2.94,2.95,2.91,167030300,490334445.0,0.68,0.02,0.94,2.92,3.1420000000000003,3.2270000000000003,3.4766666666666666,中国中冶
601618,2025-12-15 00:00:00,2025-12-15,2.92,2.93,2.95,2.9,151920800,444697488.0,-0.34,-0.01,0.85,2.94,3.052,3.2049999999999996,3.4684999999999997,中国中冶
601618,2025-12-16 00:00:00,2025-12-16,2.93,2.91,2.93,2.9,145146800,422563634.0,-0.68,-0.02,0.81,2.93,2.96,3.184,3.4593333333333334,中国中冶
601618,2025-12-17 00:00:00,2025-12-17,2.91,2.96,2.97,2.9,170919500,501749710.0,1.72,0.05,0.96,2.91,2.932,3.165,3.4498333333333333,中国中冶
601618,2025-12-18 00:00:00,2025-12-18,3.02,3.04,3.08,2.99,289493200,877994898.0,2.7,0.08,1.62,2.96,2.932,3.148,3.4410000000000003,中国中冶
601618,2025-12-19 00:00:00,2025-12-19,3.03,3.03,3.05,3.02,185938800,564122937.0,-0.33,-0.01,1.04,3.04,2.9560000000000004,3.1345,3.4339999999999997,中国中冶
601618,2025-12-22 00:00:00,2025-12-22,3.04,3.01,3.04,3.0,140537900,423848725.0,-0.66,-0.02,0.79,3.03,2.9739999999999998,3.1265,3.428166666666667,中国中冶
601618,2025-12-23 00:00:00,2025-12-23,3.01,3.0,3.02,2.98,145796600,437678001.0,-0.33,-0.01,0.82,3.01,2.9899999999999998,3.1165,3.4221666666666666,中国中冶
601618,2025-12-24 00:00:00,2025-12-24,2.99,2.99,3.0,2.97,158836000,473485511.0,-0.33,-0.01,0.89,3.0,3.008,3.106,3.4171666666666667,中国中冶
601618,2025-12-25 00:00:00,2025-12-25,2.99,2.98,2.99,2.95,149376500,443774075.0,-0.33,-0.01,0.84,2.99,3.014,3.096,3.4116666666666666,中国中冶
601618,2025-12-26 00:00:00,2025-12-26,2.98,3.0,3.01,2.97,156522500,468694284.0,0.67,0.02,0.88,2.98,3.002,3.0865,3.4061666666666666,中国中冶
601618,2025-12-29 00:00:00,2025-12-29,3.01,3.04,3.1,2.99,277915700,849075725.0,1.33,0.04,1.56,3.0,2.996,3.0774999999999997,3.399,中国中冶
601618,2025-12-30 00:00:00,2025-12-30,3.0,2.98,3.01,2.96,186806400,557689682.0,-1.97,-0.06,1.05,3.04,3.0020000000000002,3.0669999999999997,3.392833333333334,中国中冶
601618,2025-12-31 00:00:00,2025-12-31,2.98,2.97,2.99,2.96,126868600,377155364.0,-0.34,-0.01,0.71,2.98,2.998,3.054,3.3841666666666668,中国中冶
601618,2026-01-05 00:00:00,2026-01-05,2.98,2.97,3.0,2.96,212042000,630028743.0,0.0,0.0,1.19,2.97,2.994,3.039,3.3695,中国中冶
601618,2026-01-06 00:00:00,2026-01-06,2.97,3.05,3.05,2.96,284493000,858854783.0,2.69,0.08,1.59,2.97,2.992,3.023,3.35,中国中冶
601618,2026-01-07 00:00:00,2026-01-07,3.06,3.07,3.12,3.06,268206600,828141164.0,0.66,0.02,1.5,3.05,3.002,3.0060000000000002,3.3333333333333335,中国中冶
601618,2026-01-08 00:00:00,2026-01-08,3.05,3.07,3.1,3.05,161747900,497796046.0,0.0,0.0,0.91,3.07,3.008,2.9899999999999998,3.317833333333333,中国中冶
601618,2026-01-09 00:00:00,2026-01-09,3.07,3.08,3.1,3.06,175591200,540508161.0,0.33,0.01,0.98,3.07,3.0260000000000002,2.991,3.3033333333333332,中国中冶
601618,2026-01-12 00:00:00,2026-01-12,3.08,3.09,3.1,3.06,214537900,660981904.0,0.32,0.01,1.2,3.08,3.048,2.9970000000000003,3.289,中国中冶
601618,2026-01-13 00:00:00,2026-01-13,3.1,3.09,3.12,3.07,220832500,682655155.0,0.0,0.0,1.24,3.09,3.072,3.0055,3.2768333333333337,中国中冶
601618,2026-01-14 00:00:00,2026-01-14,3.09,3.06,3.11,3.04,252269600,777555967.0,-0.97,-0.03,1.41,3.09,3.08,3.0130000000000003,3.2664999999999997,中国中冶
601618,2026-01-15 00:00:00,2026-01-15,3.05,3.05,3.07,3.04,154062000,470391461.0,-0.33,-0.01,0.86,3.06,3.0780000000000003,3.0195,3.256333333333333,中国中冶
601618,2026-01-16 00:00:00,2026-01-16,3.05,3.08,3.17,3.05,344021700,1066572351.0,0.98,0.03,1.93,3.05,3.074,3.0265,3.2453333333333334,中国中冶
601618,2026-01-19 00:00:00,2026-01-19,3.05,3.02,3.06,2.98,249045300,751155032.0,-1.95,-0.06,1.4,3.08,3.074,3.0324999999999998,3.2353333333333336,中国中冶
601618,2026-01-20 00:00:00,2026-01-20,3.02,3.09,3.1,3.01,246838500,755560173.0,2.32,0.07,1.38,3.02,3.0599999999999996,3.0315000000000003,3.2243333333333335,中国中冶
601618,2026-01-21 00:00:00,2026-01-21,3.07,3.07,3.09,3.05,166449600,510432352.0,-0.65,-0.02,0.93,3.09,3.0599999999999996,3.0345,3.2135000000000002,中国中冶
601618,2026-01-22 00:00:00,2026-01-22,3.07,3.09,3.11,3.06,189894800,586515325.0,0.65,0.02,1.06,3.07,3.062,3.0375,3.201,中国中冶
601618,2026-01-23 00:00:00,2026-01-23,3.1,3.14,3.15,3.08,288684300,899251170.0,1.62,0.05,1.62,3.09,3.07,3.0420000000000003,3.191666666666667,中国中冶
601618,2026-01-26 00:00:00,2026-01-26,3.13,3.25,3.26,3.12,482222600,1551995255.0,3.5,0.11,2.7,3.14,3.082,3.0494999999999997,3.1823333333333332,中国中冶
601618,2026-01-27 00:00:00,2026-01-27,3.24,3.15,3.24,3.14,311241600,987193663.0,-3.08,-0.1,1.74,3.25,3.128,3.0629999999999997,3.1748333333333334,中国中冶
601618,2026-01-28 00:00:00,2026-01-28,3.14,3.3,3.46,3.14,953471700,3179306887.0,4.76,0.15,5.34,3.15,3.1399999999999997,3.0705,3.1691666666666665,中国中冶
601618,2026-01-29 00:00:00,2026-01-29,3.35,3.29,3.38,3.21,669275100,2191941715.0,-0.3,-0.01,3.75,3.3,3.186,3.0835,3.1653333333333333,中国中冶
601618,2026-01-30 00:00:00,2026-01-30,3.24,3.13,3.26,3.11,429594900,1363496361.0,-4.86,-0.16,2.41,3.29,3.226,3.0989999999999998,3.1621666666666663,中国中冶
601618,2026-02-02 00:00:00,2026-02-02,3.1,3.02,3.12,3.01,330454100,1011302632.0,-3.51,-0.11,1.85,3.13,3.2239999999999993,3.107,3.156166666666666,中国中冶
601618,2026-02-03 00:00:00,2026-02-03,3.04,3.04,3.06,3.01,211711500,642684945.0,0.66,0.02,1.19,3.02,3.178,3.1094999999999997,3.1483333333333334,中国中冶
601618,2026-02-04 00:00:00,2026-02-04,3.05,3.11,3.11,3.04,223289400,687048362.0,2.3,0.07,1.25,3.04,3.1559999999999997,3.1089999999999995,3.140833333333333,中国中冶
601618,2026-02-05 00:00:00,2026-02-05,3.09,3.06,3.1,3.04,185591500,568021163.0,-1.61,-0.05,1.04,3.11,3.118,3.1109999999999998,3.1345,中国中冶
601618,2026-02-06 00:00:00,2026-02-06,3.04,3.05,3.07,3.02,146624800,446735313.0,-0.33,-0.01,0.82,3.06,3.072,3.1105,3.1270000000000002,中国中冶
601618,2026-02-09 00:00:00,2026-02-09,3.07,3.06,3.08,3.05,153190900,469289445.0,0.33,0.01,0.86,3.05,3.056,3.109,3.1203333333333334,中国中冶
601618,2026-02-10 00:00:00,2026-02-10,3.06,3.04,3.07,3.03,112669000,342821369.0,-0.65,-0.02,0.63,3.06,3.064,3.1075,3.113333333333333,中国中冶
601618,2026-02-11 00:00:00,2026-02-11,3.04,3.05,3.06,3.03,107168400,326722110.0,0.33,0.01,0.6,3.04,3.064,3.1049999999999995,3.107666666666667,中国中冶
601618,2026-02-12 00:00:00,2026-02-12,3.05,3.04,3.07,3.03,134562400,410472552.0,-0.33,-0.01,0.75,3.05,3.052,3.1045000000000003,3.1026666666666665,中国中冶
601618,2026-02-13 00:00:00,2026-02-13,3.04,3.0,3.04,3.0,172583500,520944386.0,-1.32,-0.04,0.97,3.04,3.0479999999999996,3.104,3.0985,中国中冶
601618,2026-02-24 00:00:00,2026-02-24,3.03,3.1,3.1,3.02,285627100,878182791.0,3.33,0.1,1.6,3.0,3.0380000000000003,3.1,3.0934999999999997,中国中冶
601618,2026-02-25 00:00:00,2026-02-25,3.09,3.14,3.26,3.08,652664000,2076101913.0,1.29,0.04,3.66,3.1,3.0460000000000003,3.104,3.0900000000000003,中国中冶
601618,2026-02-26 00:00:00,2026-02-26,3.15,3.16,3.22,3.15,316673800,1006197160.0,0.64,0.02,1.77,3.14,3.0660000000000003,3.1065,3.0891666666666664,中国中冶
601618,2026-02-27 00:00:00,2026-02-27,3.16,3.21,3.22,3.14,347359000,1107085487.0,1.58,0.05,1.95,3.16,3.088,3.1109999999999998,3.088333333333333,中国中冶
601618,2026-03-02 00:00:00,2026-03-02,3.16,3.19,3.21,3.15,289355300,920540125.0,-0.62,-0.02,1.62,3.21,3.1220000000000003,3.117,3.0883333333333334,中国中冶
601618,2026-03-03 00:00:00,2026-03-03,3.19,3.12,3.21,3.12,342234700,1079869708.0,-2.19,-0.07,1.92,3.19,3.1599999999999997,3.1195,3.0883333333333334,中国中冶
601618,2026-03-04 00:00:00,2026-03-04,3.1,3.09,3.14,3.06,242274800,749025710.0,-0.96,-0.03,1.36,3.12,3.164,3.1130000000000004,3.0875,中国中冶
601618,2026-03-05 00:00:00,2026-03-05,3.11,3.12,3.15,3.11,204177700,638147657.0,0.97,0.03,1.14,3.09,3.154,3.11,3.086,中国中冶
601628,2025-09-02 00:00:00,2025-09-02,40.71,40.69,40.99,40.3,17141000,700283640.0,-0.1,-0.04,0.08,40.73,,,,中国人寿
601628,2025-09-03 00:00:00,2025-09-03,40.76,39.64,40.95,39.31,21869700,877207691.0,-2.58,-1.05,0.11,40.69,,,,中国人寿
601628,2025-09-04 00:00:00,2025-09-04,39.38,40.26,40.69,38.83,33829300,1352168577.0,1.56,0.62,0.16,39.64,,,,中国人寿
601628,2025-09-05 00:00:00,2025-09-05,39.81,39.79,39.97,39.45,18089800,722380010.0,-1.17,-0.47,0.09,40.26,,,,中国人寿
601628,2025-09-08 00:00:00,2025-09-08,39.67,39.44,39.85,39.31,12751800,506546077.0,-0.88,-0.35,0.06,39.79,40.221999999999994,,,中国人寿
601628,2025-09-09 00:00:00,2025-09-09,39.32,39.47,39.64,39.18,11925500,473003262.0,0.08,0.03,0.06,39.44,39.964,,,中国人寿
601628,2025-09-10 00:00:00,2025-09-10,39.36,39.22,39.49,39.18,12150300,480431135.0,-0.63,-0.25,0.06,39.47,39.72,,,中国人寿
601628,2025-09-11 00:00:00,2025-09-11,39.26,39.42,39.43,38.88,22275800,878346272.0,0.51,0.2,0.11,39.22,39.635999999999996,,,中国人寿
601628,2025-09-12 00:00:00,2025-09-12,39.51,38.98,39.56,38.92,17834800,703603475.0,-1.12,-0.44,0.09,39.42,39.468,,,中国人寿
601628,2025-09-15 00:00:00,2025-09-15,38.87,38.65,39.03,38.64,15229200,594904223.0,-0.85,-0.33,0.07,38.98,39.306,,,中国人寿
601628,2025-09-16 00:00:00,2025-09-16,38.64,38.53,38.78,38.31,15524600,600921243.0,-0.31,-0.12,0.07,38.65,39.148,,,中国人寿
601628,2025-09-17 00:00:00,2025-09-17,38.52,39.0,39.03,38.46,14438500,562920418.0,1.22,0.47,0.07,38.53,38.96,,,中国人寿
601628,2025-09-18 00:00:00,2025-09-18,38.84,38.46,38.91,38.13,18772100,727194763.0,-1.38,-0.54,0.09,39.0,38.916000000000004,,,中国人寿
601628,2025-09-19 00:00:00,2025-09-19,38.38,38.02,38.42,37.8,11336800,433545784.0,-1.14,-0.44,0.05,38.46,38.724000000000004,,,中国人寿
601628,2025-09-22 00:00:00,2025-09-22,37.96,37.63,38.16,37.41,11776600,446707644.0,-1.03,-0.39,0.06,38.02,38.532,,,中国人寿
601628,2025-09-23 00:00:00,2025-09-23,37.56,37.71,37.9,37.26,11300300,427932163.0,0.21,0.08,0.05,37.63,38.327999999999996,,,中国人寿
601628,2025-09-24 00:00:00,2025-09-24,37.68,37.77,37.97,37.41,10734800,407591646.0,0.16,0.06,0.05,37.71,38.164,,,中国人寿
601628,2025-09-25 00:00:00,2025-09-25,37.75,37.76,37.93,37.46,9020600,342681907.0,-0.03,-0.01,0.04,37.77,37.918,,,中国人寿
601628,2025-09-26 00:00:00,2025-09-26,37.56,38.24,38.42,37.51,14786700,566621036.0,1.27,0.48,0.07,37.76,37.778,,,中国人寿
601628,2025-09-29 00:00:00,2025-09-29,38.24,39.46,39.96,38.03,36686600,1449096568.0,3.19,1.22,0.18,38.24,37.822,38.9705,,中国人寿
601628,2025-09-30 00:00:00,2025-09-30,39.45,39.4,39.64,38.87,18883000,747790388.0,-0.15,-0.06,0.09,39.46,38.188,38.907,,中国人寿
601628,2025-10-09 00:00:00,2025-10-09,39.44,39.38,39.44,38.48,13213500,518367280.0,-0.05,-0.02,0.06,39.4,38.525999999999996,38.8425,,中国人寿
601628,2025-10-10 00:00:00,2025-10-10,39.08,39.42,40.06,39.06,13020000,518839568.0,0.1,0.04,0.06,39.38,38.848,38.8295,,中国人寿
601628,2025-10-13 00:00:00,2025-10-13,38.83,38.93,39.23,38.59,13018400,508917327.0,-1.24,-0.49,0.06,39.42,39.18,38.7875,,中国人寿
601628,2025-10-14 00:00:00,2025-10-14,39.11,39.74,40.02,39.11,22552700,901445049.0,2.08,0.81,0.11,38.93,39.318,38.7445,,中国人寿
601628,2025-10-15 00:00:00,2025-10-15,39.72,40.46,40.54,39.54,19347800,781623443.0,1.81,0.72,0.09,39.74,39.374,38.7595,,中国人寿
601628,2025-10-16 00:00:00,2025-10-16,41.02,42.56,42.67,41.02,59750400,2535593646.0,5.19,2.1,0.29,40.46,39.586,38.809000000000005,,中国人寿
601628,2025-10-17 00:00:00,2025-10-17,42.52,40.81,42.75,40.68,34293900,1424512112.0,-4.11,-1.75,0.16,42.56,40.222,38.976,,中国人寿
601628,2025-10-20 00:00:00,2025-10-20,43.2,42.5,43.35,42.09,51494100,2194191722.0,4.14,1.69,0.25,40.81,40.5,39.045500000000004,,中国人寿
601628,2025-10-21 00:00:00,2025-10-21,42.47,43.99,44.24,42.13,48489100,2109348180.0,3.51,1.49,0.23,42.5,41.214,39.221500000000006,,中国人寿
601628,2025-10-22 00:00:00,2025-10-22,43.57,43.93,44.25,43.37,23261700,1020799882.0,-0.14,-0.06,0.11,43.99,42.064,39.4885,,中国人寿
601628,2025-10-23 00:00:00,2025-10-23,43.87,44.47,45.0,43.68,24639800,1089580476.0,1.23,0.54,0.12,43.93,42.758,39.758500000000005,,中国人寿
601628,2025-10-24 00:00:00,2025-10-24,44.2,44.38,44.55,43.83,19194000,849537325.0,-0.2,-0.09,0.09,44.47,43.14,40.032000000000004,,中国人寿
601628,2025-10-27 00:00:00,2025-10-27,44.3,45.06,45.42,43.6,27584400,1234233399.0,1.53,0.68,0.13,44.38,43.854,40.328,,中国人寿
601628,2025-10-28 00:00:00,2025-10-28,45.06,45.1,45.39,44.55,14120500,634012283.0,0.09,0.04,0.07,45.06,44.366,40.68,,中国人寿
601628,2025-10-29 00:00:00,2025-10-29,44.99,45.22,45.58,44.75,17565100,792030652.0,0.27,0.12,0.08,45.1,44.588,41.0535,,中国人寿
601628,2025-10-30 00:00:00,2025-10-30,45.22,44.38,45.73,44.08,20602500,925999057.0,-1.86,-0.84,0.1,45.22,44.846000000000004,41.429,,中国人寿
601628,2025-10-31 00:00:00,2025-10-31,44.7,43.97,44.95,43.9,21869300,969667609.0,-0.92,-0.41,0.11,44.38,44.828,41.7595,,中国人寿
601628,2025-11-03 00:00:00,2025-11-03,43.99,43.08,44.15,42.8,22801100,987119712.0,-2.02,-0.89,0.11,43.97,44.746,42.07000000000001,,中国人寿
601628,2025-11-04 00:00:00,2025-11-04,43.23,43.43,43.8,43.0,13916300,603879625.0,0.81,0.35,0.07,43.08,44.35,42.312,,中国人寿
601628,2025-11-05 00:00:00,2025-11-05,43.11,43.06,43.39,42.6,10759300,463081501.0,-0.85,-0.37,0.05,43.43,44.016,42.5105,,中国人寿
601628,2025-11-06 00:00:00,2025-11-06,43.4,43.86,43.92,43.12,14705700,642493490.0,1.86,0.8,0.07,43.06,43.584,42.6935,,中国人寿
601628,2025-11-07 00:00:00,2025-11-07,43.7,43.6,43.97,43.35,10178900,444652297.0,-0.59,-0.26,0.05,43.86,43.48,42.917500000000004,,中国人寿
601628,2025-11-10 00:00:00,2025-11-10,43.61,44.45,44.45,43.16,13530800,595349880.0,1.95,0.85,0.06,43.6,43.406,43.1265,,中国人寿
601628,2025-11-11 00:00:00,2025-11-11,44.38,43.73,44.38,43.21,12863400,562174943.0,-1.62,-0.72,0.06,44.45,43.68,43.4025,,中国人寿
601628,2025-11-12 00:00:00,2025-11-12,43.99,44.6,44.8,43.6,17258800,766046340.0,1.99,0.87,0.08,43.73,43.739999999999995,43.602,,中国人寿
601628,2025-11-13 00:00:00,2025-11-13,44.3,44.77,45.07,44.17,15195800,677933006.0,0.38,0.17,0.07,44.6,44.048,43.809,,中国人寿
601628,2025-11-14 00:00:00,2025-11-14,44.66,44.14,45.3,44.11,10482900,468844575.0,-1.41,-0.63,0.05,44.77,44.23,43.9195,,中国人寿
601628,2025-11-17 00:00:00,2025-11-17,44.15,43.42,44.27,42.99,10991800,477118024.0,-1.63,-0.72,0.05,44.14,44.338,44.086,,中国人寿
601628,2025-11-18 00:00:00,2025-11-18,43.25,43.02,43.57,42.78,9650700,415781457.0,-0.92,-0.4,0.05,43.42,44.132000000000005,44.132,,中国人寿
601628,2025-11-19 00:00:00,2025-11-19,43.14,44.3,44.68,43.01,16699000,735351932.0,2.98,1.28,0.08,43.02,43.989999999999995,44.0835,,中国人寿
601628,2025-11-20 00:00:00,2025-11-20,44.22,44.4,44.96,44.03,13228300,588746872.0,0.23,0.1,0.06,44.3,43.93,44.102,,中国人寿
601628,2025-11-21 00:00:00,2025-11-21,44.42,43.48,44.66,43.46,13703500,601784679.0,-2.07,-0.92,0.07,44.4,43.855999999999995,44.0985,,中国人寿
601628,2025-11-24 00:00:00,2025-11-24,43.54,43.12,44.1,42.99,12597400,548201192.0,-0.83,-0.36,0.06,43.48,43.724000000000004,44.0535,,中国人寿
601628,2025-11-25 00:00:00,2025-11-25,43.06,43.98,44.55,43.06,11578400,508606616.0,1.99,0.86,0.06,43.12,43.664,43.9565,,中国人寿
601628,2025-11-26 00:00:00,2025-11-26,44.0,43.5,44.45,43.11,11156200,485030635.0,-1.09,-0.48,0.05,43.98,43.856,43.9005,,中国人寿
601628,2025-11-27 00:00:00,2025-11-27,43.37,43.95,44.57,43.03,10812900,473915096.0,1.03,0.45,0.05,43.5,43.696,43.814499999999995,,中国人寿
601628,2025-11-28 00:00:00,2025-11-28,43.93,43.52,44.0,43.26,7928000,345708684.0,-0.98,-0.43,0.04,43.95,43.605999999999995,43.793,,中国人寿
601628,2025-12-01 00:00:00,2025-12-01,43.54,43.69,44.02,43.1,10508900,458433261.0,0.39,0.17,0.05,43.52,43.614,43.7705,,中国人寿
601628,2025-12-02 00:00:00,2025-12-02,43.98,43.88,44.73,43.65,10541300,464141974.0,0.43,0.19,0.05,43.69,43.727999999999994,43.801,41.6945,中国人寿
601628,2025-12-03 00:00:00,2025-12-03,43.66,43.06,43.94,43.0,10844500,470344796.0,-1.87,-0.82,0.05,43.88,43.708,43.8235,41.747,中国人寿
601628,2025-12-04 00:00:00,2025-12-04,43.06,43.4,43.4,42.87,7762300,335006636.0,0.79,0.34,0.04,43.06,43.62,43.8235,41.786500000000004,中国人寿
601628,2025-12-05 00:00:00,2025-12-05,43.36,45.4,45.66,43.23,20567200,919436975.0,4.61,2.0,0.1,43.4,43.510000000000005,43.8005,41.84916666666667,中国人寿
601628,2025-12-08 00:00:00,2025-12-08,45.67,45.51,46.06,45.2,16555700,755827103.0,0.24,0.11,0.08,45.4,43.886,43.890499999999996,41.93483333333333,中国人寿
601628,2025-12-09 00:00:00,2025-12-09,45.45,44.62,45.51,44.5,11070100,496211686.0,-1.96,-0.89,0.05,45.51,44.25,43.94349999999999,42.030166666666666,中国人寿
601628,2025-12-10 00:00:00,2025-12-10,44.55,44.7,44.88,44.09,9633000,428525495.0,0.18,0.08,0.05,44.62,44.398,43.988,42.116499999999995,中国人寿
601628,2025-12-11 00:00:00,2025-12-11,44.7,44.99,45.27,44.25,12391800,554575734.0,0.65,0.29,0.06,44.7,44.726,43.993,42.20366666666667,中国人寿
601628,2025-12-12 00:00:00,2025-12-12,44.56,45.3,45.35,44.13,16353200,732430902.0,0.69,0.31,0.08,44.99,45.044,44.004000000000005,42.29983333333334,中国人寿
601628,2025-12-15 00:00:00,2025-12-15,44.9,46.01,46.63,44.8,21223800,977216482.0,1.57,0.71,0.1,45.3,45.024,44.062,42.39783333333334,中国人寿
601628,2025-12-16 00:00:00,2025-12-16,45.86,45.19,46.27,45.02,14661700,666619289.0,-1.78,-0.82,0.07,46.01,45.124,44.1915,42.515,中国人寿
601628,2025-12-17 00:00:00,2025-12-17,45.2,46.85,47.44,45.05,23922400,1110200920.0,3.67,1.66,0.11,45.19,45.238,44.3,42.624,中国人寿
601628,2025-12-18 00:00:00,2025-12-18,46.81,46.87,47.0,46.2,14850400,693482347.0,0.04,0.02,0.07,46.85,45.668,44.4275,42.76266666666666,中国人寿
601628,2025-12-19 00:00:00,2025-12-19,46.6,46.5,47.15,46.05,14863400,690715685.0,-0.79,-0.37,0.07,46.87,46.044,44.551,42.893833333333326,中国人寿
601628,2025-12-22 00:00:00,2025-12-22,46.66,46.36,46.77,45.82,13668300,630989496.0,-0.3,-0.14,0.07,46.5,46.284000000000006,44.702000000000005,43.02783333333333,中国人寿
601628,2025-12-23 00:00:00,2025-12-23,46.37,46.53,47.38,46.2,15570300,727492715.0,0.37,0.17,0.07,46.36,46.354,44.864000000000004,43.16683333333333,中国人寿
601628,2025-12-24 00:00:00,2025-12-24,46.32,46.28,46.6,46.04,12987200,601549349.0,-0.54,-0.25,0.06,46.53,46.622,44.9915,43.31516666666667,中国人寿
601628,2025-12-25 00:00:00,2025-12-25,46.2,46.94,47.65,46.13,15106400,711197019.0,1.43,0.66,0.07,46.28,46.507999999999996,45.1305,43.458,中国人寿
601628,2025-12-26 00:00:00,2025-12-26,46.85,46.68,47.51,46.43,13683900,640410131.0,-0.55,-0.26,0.07,46.94,46.522,45.28,43.61083333333333,中国人寿
601628,2025-12-29 00:00:00,2025-12-29,46.4,46.14,47.22,46.01,13283100,616844617.0,-1.16,-0.54,0.06,46.68,46.558,45.438,43.759499999999996,中国人寿
601628,2025-12-30 00:00:00,2025-12-30,46.0,45.57,46.0,45.0,16259900,739524337.0,-1.24,-0.57,0.08,46.14,46.513999999999996,45.5605,43.89116666666667,中国人寿
601628,2025-12-31 00:00:00,2025-12-31,45.6,45.5,45.79,45.24,9837500,447706655.0,-0.15,-0.07,0.05,45.57,46.322,45.644999999999996,43.993,中国人寿
601628,2026-01-05 00:00:00,2026-01-05,46.0,48.27,48.42,45.91,28860700,1369224455.0,6.09,2.77,0.14,45.5,46.166000000000004,45.767,44.09466666666666,中国人寿
601628,2026-01-06 00:00:00,2026-01-06,48.27,49.67,50.2,48.27,26641800,1316397127.0,2.9,1.4,0.13,48.27,46.432,46.0105,44.24283333333333,中国人寿
601628,2026-01-07 00:00:00,2026-01-07,49.52,50.17,50.88,49.14,18997900,950266550.0,1.01,0.5,0.09,49.67,47.03,46.224000000000004,44.413666666666664,中国人寿
601628,2026-01-08 00:00:00,2026-01-08,50.0,49.0,50.0,48.25,17052300,835149103.0,-2.33,-1.17,0.08,50.17,47.836,46.45700000000001,44.601,中国人寿
601628,2026-01-09 00:00:00,2026-01-09,48.99,48.81,49.5,48.23,14826600,723096898.0,-0.39,-0.19,0.07,49.0,48.522000000000006,46.676,44.75533333333333,中国人寿
601628,2026-01-12 00:00:00,2026-01-12,48.73,49.44,49.98,48.22,21090100,1037989321.0,1.29,0.63,0.1,48.81,49.184000000000005,46.8815,44.8945,中国人寿
601628,2026-01-13 00:00:00,2026-01-13,49.4,51.03,51.92,49.25,21604400,1101131200.0,3.22,1.59,0.1,49.44,49.418000000000006,47.104,45.009166666666665,中国人寿
601628,2026-01-14 00:00:00,2026-01-14,50.76,49.58,50.76,49.4,22022900,1101086564.0,-2.84,-1.45,0.11,51.03,49.69,47.3905,45.1795,中国人寿
601628,2026-01-15 00:00:00,2026-01-15,49.11,48.83,50.04,48.6,17488500,861443510.0,-1.51,-0.75,0.08,49.58,49.571999999999996,47.569,45.2975,中国人寿
601628,2026-01-16 00:00:00,2026-01-16,49.08,47.52,49.22,47.12,23606400,1127364648.0,-2.68,-1.31,0.11,48.83,49.538,47.751,45.378166666666665,中国人寿
601628,2026-01-19 00:00:00,2026-01-19,47.5,47.52,47.85,46.98,15315900,725937887.0,0.0,0.0,0.07,47.52,49.28,47.784499999999994,45.438,中国人寿
601628,2026-01-20 00:00:00,2026-01-20,47.5,48.29,48.88,47.17,22096700,1063045867.0,1.62,0.77,0.11,47.52,48.896,47.81699999999999,45.48883333333333,中国人寿
601628,2026-01-21 00:00:00,2026-01-21,48.29,47.92,48.75,47.71,18570900,895078275.0,-0.77,-0.37,0.09,48.29,48.348,47.9065,45.553999999999995,中国人寿
601628,2026-01-22 00:00:00,2026-01-22,48.2,46.9,48.74,46.81,16626300,791709595.0,-2.13,-1.02,0.08,47.92,48.016000000000005,47.9845,45.60166666666667,中国人寿
601628,2026-01-23 00:00:00,2026-01-23,46.66,45.73,46.9,45.06,43541100,1986364625.0,-2.49,-1.17,0.21,46.9,47.629999999999995,48.003,45.63166666666667,中国人寿
601628,2026-01-26 00:00:00,2026-01-26,45.74,46.93,47.7,45.5,36603900,1722499311.0,2.62,1.2,0.18,45.73,47.272000000000006,47.9755,45.64016666666667,中国人寿
601628,2026-01-27 00:00:00,2026-01-27,47.0,48.5,49.4,46.84,36026400,1749130799.0,3.35,1.57,0.17,46.93,47.153999999999996,47.975,45.68266666666667,中国人寿
601628,2026-01-28 00:00:00,2026-01-28,48.42,48.34,49.2,47.74,26445800,1283734663.0,-0.33,-0.16,0.13,48.5,47.196000000000005,48.066,45.75816666666666,中国人寿
601628,2026-01-29 00:00:00,2026-01-29,48.36,49.62,49.9,47.85,31762400,1558407786.0,2.65,1.28,0.15,48.34,47.279999999999994,48.176,45.84583333333333,中国人寿
601628,2026-01-30 00:00:00,2026-01-30,49.41,49.72,50.7,49.0,21574900,1073300396.0,0.2,0.1,0.1,49.62,47.824,48.378499999999995,45.949,中国人寿
601628,2026-02-02 00:00:00,2026-02-02,48.96,48.34,50.07,48.01,28815300,1410279231.0,-2.78,-1.38,0.14,49.72,48.622,48.5895,46.06000000000001,中国人寿
601628,2026-02-03 00:00:00,2026-02-03,48.56,48.31,48.99,47.52,20043200,965649075.0,-0.06,-0.03,0.1,48.34,48.904,48.593,46.13466666666667,中国人寿
601628,2026-02-04 00:00:00,2026-02-04,48.24,48.7,48.97,48.06,14791100,717127001.0,0.81,0.39,0.07,48.31,48.866,48.525,46.213166666666666,中国人寿
601628,2026-02-05 00:00:00,2026-02-05,48.87,47.83,49.29,47.2,16667200,796261330.0,-1.79,-0.87,0.08,48.7,48.938,48.451499999999996,46.284,中国人寿
601628,2026-02-06 00:00:00,2026-02-06,47.83,47.47,48.0,47.22,12968000,617283749.0,-0.75,-0.36,0.06,47.83,48.58,48.393,46.352333333333334,中国人寿
601628,2026-02-09 00:00:00,2026-02-09,48.12,48.97,49.1,47.55,14592000,708880708.0,3.16,1.5,0.07,47.47,48.13,48.326,46.400166666666664,中国人寿
601628,2026-02-10 00:00:00,2026-02-10,48.8,49.17,49.38,48.28,13629200,665815343.0,0.41,0.2,0.07,48.97,48.256,48.302499999999995,46.470166666666664,中国人寿
601628,2026-02-11 00:00:00,2026-02-11,49.18,48.77,49.66,48.4,10923100,533817310.0,-0.81,-0.4,0.05,49.17,48.428000000000004,48.2095,46.554,中国人寿
601628,2026-02-12 00:00:00,2026-02-12,48.78,48.18,48.9,48.1,10095800,488131119.0,-1.21,-0.59,0.05,48.77,48.44199999999999,48.169,46.643166666666666,中国人寿
601628,2026-02-13 00:00:00,2026-02-13,48.36,47.39,48.4,47.31,11418100,544033628.0,-1.64,-0.79,0.05,48.18,48.512,48.1365,46.729166666666664,中国人寿
601628,2026-02-24 00:00:00,2026-02-24,47.6,46.41,47.77,46.08,18157600,847841342.0,-2.07,-0.98,0.09,47.39,48.496,48.13,46.78066666666666,中国人寿
601628,2026-02-25 00:00:00,2026-02-25,46.41,45.9,46.69,45.73,25041300,1156406903.0,-1.1,-0.51,0.12,46.41,47.984,48.07449999999999,46.81416666666667,中国人寿
601628,2026-02-26 00:00:00,2026-02-26,45.9,44.8,45.96,44.63,19226000,866961089.0,-2.4,-1.1,0.09,45.9,47.33,47.955,46.8545,中国人寿
601628,2026-02-27 00:00:00,2026-02-27,44.72,44.48,45.08,44.34,13700200,611204858.0,-0.71,-0.32,0.07,44.8,46.536,47.799,46.8825,中国人寿
601628,2026-03-02 00:00:00,2026-03-02,44.03,43.59,44.33,43.39,24406500,1067014500.0,-2.0,-0.89,0.12,44.48,45.796,47.678000000000004,46.89083333333333,中国人寿
601628,2026-03-03 00:00:00,2026-03-03,43.77,44.12,44.93,43.12,29598500,1303626363.0,1.22,0.53,0.14,43.59,45.035999999999994,47.571000000000005,46.89233333333333,中国人寿
601628,2026-03-04 00:00:00,2026-03-04,43.91,42.61,43.91,41.78,28102700,1195674710.0,-3.42,-1.51,0.13,44.12,44.577999999999996,47.430499999999995,46.89516666666667,中国人寿
601628,2026-03-05 00:00:00,2026-03-05,42.8,42.63,43.05,42.39,22285800,951528845.0,0.05,0.02,0.11,42.61,43.92,47.135999999999996,46.88,中国人寿
601872,2025-09-02 00:00:00,2025-09-02,6.6,6.59,6.62,6.5,65474600,434455788.0,0.15,0.01,0.81,6.58,,,,招商轮船
601872,2025-09-03 00:00:00,2025-09-03,6.61,6.6,6.66,6.49,51699900,342554848.0,0.15,0.01,0.64,6.59,,,,招商轮船
601872,2025-09-04 00:00:00,2025-09-04,6.69,6.75,6.89,6.69,123094700,844650353.0,2.27,0.15,1.52,6.6,,,,招商轮船
601872,2025-09-05 00:00:00,2025-09-05,6.98,7.15,7.2,6.96,166722000,1193440029.0,5.93,0.4,2.06,6.75,,,,招商轮船
601872,2025-09-08 00:00:00,2025-09-08,7.65,7.87,7.87,7.6,114508500,901752686.0,10.07,0.72,1.42,7.15,6.734,,,招商轮船
601872,2025-09-09 00:00:00,2025-09-09,7.87,8.06,8.4,7.58,282993600,2304783044.0,2.41,0.19,3.5,7.87,6.992,,,招商轮船
601872,2025-09-10 00:00:00,2025-09-10,7.84,8.03,8.16,7.79,168555600,1358540661.0,-0.37,-0.03,2.09,8.06,7.286,,,招商轮船
601872,2025-09-11 00:00:00,2025-09-11,7.9,8.02,8.2,7.89,120149700,975472084.0,-0.12,-0.01,1.49,8.03,7.572,,,招商轮船
601872,2025-09-12 00:00:00,2025-09-12,8.46,8.3,8.62,8.14,196011800,1653180846.0,3.49,0.28,2.43,8.02,7.8260000000000005,,,招商轮船
601872,2025-09-15 00:00:00,2025-09-15,8.63,8.9,9.13,8.62,208839600,1873552015.0,7.23,0.6,2.59,8.3,8.056000000000001,,,招商轮船
601872,2025-09-16 00:00:00,2025-09-16,8.68,8.72,9.09,8.45,178062800,1567246842.0,-2.02,-0.18,2.21,8.9,8.262,,,招商轮船
601872,2025-09-17 00:00:00,2025-09-17,8.96,8.88,9.23,8.71,123426900,1106120257.0,1.83,0.16,1.53,8.72,8.394,,,招商轮船
601872,2025-09-18 00:00:00,2025-09-18,8.81,8.6,8.9,8.49,129329200,1133055048.0,-3.15,-0.28,1.6,8.88,8.564000000000002,,,招商轮船
601872,2025-09-19 00:00:00,2025-09-19,8.53,8.79,8.91,8.43,122880700,1084717242.0,2.21,0.19,1.52,8.6,8.68,,,招商轮船
601872,2025-09-22 00:00:00,2025-09-22,8.63,8.7,8.72,8.33,120289400,1038465644.0,-1.02,-0.09,1.49,8.79,8.778,,,招商轮船
601872,2025-09-23 00:00:00,2025-09-23,8.56,8.64,8.84,8.43,89295300,777271423.0,-0.69,-0.06,1.11,8.7,8.738,,,招商轮船
601872,2025-09-24 00:00:00,2025-09-24,8.8,8.89,9.03,8.64,105004200,934297339.0,2.89,0.25,1.3,8.64,8.722,,,招商轮船
601872,2025-09-25 00:00:00,2025-09-25,8.78,8.58,8.83,8.43,94971800,821533242.0,-3.49,-0.31,1.18,8.89,8.724,,,招商轮船
601872,2025-09-26 00:00:00,2025-09-26,8.5,8.46,8.6,8.4,58692300,503433729.0,-1.4,-0.12,0.73,8.58,8.72,,,招商轮船
601872,2025-09-29 00:00:00,2025-09-29,8.48,8.67,8.67,8.2,88836900,762473234.0,2.48,0.21,1.1,8.46,8.654,8.0555,,招商轮船
601872,2025-09-30 00:00:00,2025-09-30,8.52,8.81,8.84,8.52,73474000,645336253.0,1.61,0.14,0.91,8.67,8.648,8.16,,招商轮船
601872,2025-10-09 00:00:00,2025-10-09,8.38,8.26,8.46,7.99,176419500,1459275064.0,-6.24,-0.55,2.18,8.81,8.681999999999999,8.271,,招商轮船
601872,2025-10-10 00:00:00,2025-10-10,8.43,8.6,8.74,8.38,118063500,1022128723.0,4.12,0.34,1.46,8.26,8.556000000000001,8.354,,招商轮船
601872,2025-10-13 00:00:00,2025-10-13,8.86,9.03,9.26,8.71,165670300,1500311789.0,5.0,0.43,2.05,8.6,8.559999999999999,8.4465,,招商轮船
601872,2025-10-14 00:00:00,2025-10-14,9.21,8.99,9.31,8.92,106092400,967630485.0,-0.44,-0.04,1.31,9.03,8.674,8.5405,,招商轮船
601872,2025-10-15 00:00:00,2025-10-15,8.93,8.68,8.97,8.42,100521900,873611685.0,-3.45,-0.31,1.24,8.99,8.738,8.5965,,招商轮船
601872,2025-10-16 00:00:00,2025-10-16,8.84,8.79,8.92,8.68,71432600,634178107.0,1.27,0.11,0.88,8.68,8.712,8.627500000000001,,招商轮船
601872,2025-10-17 00:00:00,2025-10-17,8.85,8.62,8.9,8.59,53909700,473207991.0,-1.93,-0.17,0.67,8.79,8.818,8.6655,,招商轮船
601872,2025-10-20 00:00:00,2025-10-20,8.63,8.72,8.82,8.54,62693500,548894176.0,1.16,0.1,0.78,8.62,8.822,8.6955,,招商轮船
601872,2025-10-21 00:00:00,2025-10-21,8.73,8.67,8.77,8.53,49807200,435395269.0,-0.57,-0.05,0.62,8.72,8.76,8.7165,,招商轮船
601872,2025-10-22 00:00:00,2025-10-22,8.53,8.44,8.63,8.39,69862400,595451572.0,-2.65,-0.23,0.87,8.67,8.696,8.705,,招商轮船
601872,2025-10-23 00:00:00,2025-10-23,8.51,8.43,8.57,8.24,68546500,578914143.0,-0.12,-0.01,0.85,8.44,8.648,8.690999999999999,,招商轮船
601872,2025-10-24 00:00:00,2025-10-24,8.68,8.26,8.82,8.2,83479700,704275793.0,-2.02,-0.17,1.03,8.43,8.575999999999999,8.6685,,招商轮船
601872,2025-10-27 00:00:00,2025-10-27,8.33,8.3,8.46,8.24,67125300,560801677.0,0.48,0.04,0.83,8.26,8.504000000000001,8.6515,,招商轮船
601872,2025-10-28 00:00:00,2025-10-28,8.36,8.26,8.42,8.21,61934400,515080998.0,-0.48,-0.04,0.77,8.3,8.419999999999998,8.626999999999999,,招商轮船
601872,2025-10-29 00:00:00,2025-10-29,8.4,8.58,8.59,8.3,71307800,604780115.0,3.87,0.32,0.88,8.26,8.338,8.605,,招商轮船
601872,2025-10-30 00:00:00,2025-10-30,8.98,9.44,9.44,8.98,117201900,1097939892.0,10.02,0.86,1.45,8.58,8.366000000000001,8.602,,招商轮船
601872,2025-10-31 00:00:00,2025-10-31,9.3,9.26,9.45,9.05,196598000,1816345575.0,-1.91,-0.18,2.43,9.44,8.568000000000001,8.6295,,招商轮船
601872,2025-11-03 00:00:00,2025-11-03,9.24,9.22,9.46,9.03,120109100,1107329191.0,-0.43,-0.04,1.49,9.26,8.767999999999999,8.663499999999999,,招商轮船
601872,2025-11-04 00:00:00,2025-11-04,9.12,8.34,9.17,8.32,198496600,1707432685.0,-9.54,-0.88,2.46,9.22,8.952000000000002,8.7015,,招商轮船
601872,2025-11-05 00:00:00,2025-11-05,8.26,8.39,8.57,8.14,98718600,823699578.0,0.6,0.05,1.22,8.34,8.968,8.684999999999999,,招商轮船
601872,2025-11-06 00:00:00,2025-11-06,8.34,8.51,8.58,8.33,61318100,520631220.0,1.43,0.12,0.76,8.39,8.93,8.664,,招商轮船
601872,2025-11-07 00:00:00,2025-11-07,8.54,8.67,8.82,8.53,72387500,628655691.0,1.88,0.16,0.9,8.51,8.744,8.6765,,招商轮船
601872,2025-11-10 00:00:00,2025-11-10,8.52,8.52,8.67,8.46,62218300,531048138.0,-1.73,-0.15,0.77,8.67,8.626000000000001,8.680000000000001,,招商轮船
601872,2025-11-11 00:00:00,2025-11-11,8.56,8.51,8.69,8.48,45295200,388494258.0,-0.12,-0.01,0.56,8.52,8.485999999999999,8.6545,,招商轮船
601872,2025-11-12 00:00:00,2025-11-12,8.52,8.56,8.69,8.37,71502400,613447753.0,0.59,0.05,0.89,8.51,8.52,8.630500000000001,,招商轮船
601872,2025-11-13 00:00:00,2025-11-13,8.95,9.08,9.23,8.85,119002900,1076691777.0,6.07,0.52,1.47,8.56,8.553999999999998,8.624500000000001,,招商轮船
601872,2025-11-14 00:00:00,2025-11-14,9.3,9.16,9.55,9.11,112735500,1049042483.0,0.88,0.08,1.4,9.08,8.668000000000001,8.639,,招商轮船
601872,2025-11-17 00:00:00,2025-11-17,9.31,9.2,9.43,9.04,86853800,802915161.0,0.44,0.04,1.08,9.16,8.766,8.666,,招商轮船
601872,2025-11-18 00:00:00,2025-11-18,9.18,8.85,9.25,8.78,81145000,727115224.0,-3.8,-0.35,1.0,9.2,8.902000000000001,8.690000000000001,,招商轮船
601872,2025-11-19 00:00:00,2025-11-19,9.03,9.28,9.38,8.99,112354300,1032847642.0,4.86,0.43,1.39,8.85,8.969999999999999,8.699000000000002,,招商轮船
601872,2025-11-20 00:00:00,2025-11-20,9.14,8.97,9.26,8.93,74018300,670876859.0,-3.34,-0.31,0.92,9.28,9.113999999999999,8.741000000000001,,招商轮船
601872,2025-11-21 00:00:00,2025-11-21,9.0,8.77,9.27,8.76,89276100,800533244.0,-2.23,-0.2,1.11,8.97,9.091999999999999,8.768,,招商轮船
601872,2025-11-24 00:00:00,2025-11-24,9.03,9.03,9.29,8.88,139142200,1265660417.0,2.96,0.26,1.72,8.77,9.014,8.793499999999998,,招商轮船
601872,2025-11-25 00:00:00,2025-11-25,8.81,8.85,9.01,8.67,100950500,891468469.0,-1.99,-0.18,1.25,9.03,8.98,8.83,,招商轮船
601872,2025-11-26 00:00:00,2025-11-26,8.68,8.65,8.79,8.5,93638000,807876966.0,-2.26,-0.2,1.16,8.85,8.979999999999999,8.8595,,招商轮船
601872,2025-11-27 00:00:00,2025-11-27,8.61,8.65,8.77,8.58,55082500,477388277.0,0.0,0.0,0.68,8.65,8.854000000000001,8.863,,招商轮船
601872,2025-11-28 00:00:00,2025-11-28,8.76,8.81,8.95,8.65,69870700,614190437.0,1.85,0.16,0.87,8.65,8.79,8.8235,,招商轮船
601872,2025-12-01 00:00:00,2025-12-01,8.96,9.66,9.69,8.94,227792900,2160613538.0,9.65,0.85,2.82,8.81,8.798,8.801,,招商轮船
601872,2025-12-02 00:00:00,2025-12-02,9.47,8.7,9.66,8.69,241211500,2157519433.0,-9.94,-0.96,2.99,9.66,8.924,8.823,8.526666666666667,招商轮船
601872,2025-12-03 00:00:00,2025-12-03,8.7,8.76,8.93,8.61,114663600,1008880777.0,0.69,0.06,1.42,8.7,8.894,8.841000000000001,8.562000000000001,招商轮船
601872,2025-12-04 00:00:00,2025-12-04,8.93,8.84,9.19,8.81,97845600,878634339.0,0.91,0.08,1.21,8.76,8.916,8.8595,8.598166666666666,招商轮船
601872,2025-12-05 00:00:00,2025-12-05,8.7,8.32,8.8,8.23,162597500,1363540343.0,-5.88,-0.52,2.01,8.84,8.953999999999999,8.876000000000001,8.6355,招商轮船
601872,2025-12-08 00:00:00,2025-12-08,8.32,8.34,8.37,8.2,77226600,639642406.0,0.24,0.02,0.96,8.32,8.856,8.8585,8.661666666666667,招商轮船
601872,2025-12-09 00:00:00,2025-12-09,8.37,8.23,8.45,8.16,65845400,547415380.0,-1.32,-0.11,0.82,8.34,8.592,8.8495,8.6815,招商轮船
601872,2025-12-10 00:00:00,2025-12-10,8.1,8.22,8.24,7.94,56827700,463352533.0,-0.12,-0.01,0.7,8.23,8.498,8.8355,8.6875,招商轮船
601872,2025-12-11 00:00:00,2025-12-11,8.33,8.2,8.39,8.19,42891300,354783484.0,-0.24,-0.02,0.53,8.22,8.39,8.818499999999998,8.690166666666666,招商轮船
601872,2025-12-12 00:00:00,2025-12-12,8.26,8.38,8.49,8.25,78036400,651786681.0,2.2,0.18,0.97,8.2,8.261999999999999,8.7745,8.693000000000001,招商轮船
601872,2025-12-15 00:00:00,2025-12-15,8.32,8.62,8.84,8.29,97631200,843065208.0,2.86,0.24,1.21,8.38,8.274,8.7355,8.699000000000002,招商轮船
601872,2025-12-16 00:00:00,2025-12-16,8.6,8.36,8.62,8.3,54945900,460868427.0,-3.02,-0.26,0.68,8.62,8.33,8.7065,8.704333333333333,招商轮船
601872,2025-12-17 00:00:00,2025-12-17,8.4,8.76,8.82,8.36,85162600,733611726.0,4.78,0.4,1.05,8.36,8.356,8.681999999999999,8.695333333333334,招商轮船
601872,2025-12-18 00:00:00,2025-12-18,8.74,8.88,8.98,8.73,60248200,535154656.0,1.37,0.12,0.75,8.76,8.463999999999999,8.656,8.696,招商轮船
601872,2025-12-19 00:00:00,2025-12-19,8.59,8.51,8.65,8.43,76221400,651353214.0,-4.17,-0.37,0.94,8.88,8.6,8.6515,8.696,招商轮船
601872,2025-12-22 00:00:00,2025-12-22,8.53,8.93,9.03,8.51,108020200,958710493.0,4.94,0.42,1.34,8.51,8.626,8.6385,8.694500000000001,招商轮船
601872,2025-12-23 00:00:00,2025-12-23,8.68,8.92,9.02,8.67,70198100,623966261.0,-0.11,-0.01,0.87,8.93,8.687999999999999,8.633500000000002,8.696833333333332,招商轮船
601872,2025-12-24 00:00:00,2025-12-24,8.73,8.74,8.83,8.57,83341100,726131778.0,-2.02,-0.18,1.03,8.92,8.8,8.636999999999999,8.700500000000002,招商轮船
601872,2025-12-25 00:00:00,2025-12-25,8.75,8.91,9.03,8.68,61291500,544748568.0,1.95,0.17,0.76,8.74,8.796,8.6415,8.702166666666667,招商轮船
601872,2025-12-26 00:00:00,2025-12-26,8.95,8.91,9.06,8.78,53298200,474479629.0,0.0,0.0,0.66,8.91,8.802000000000001,8.6545,8.702499999999999,招商轮船
601872,2025-12-29 00:00:00,2025-12-29,8.92,9.12,9.15,8.66,91156200,817723037.0,2.36,0.21,1.13,8.91,8.882,8.6595,8.708,招商轮船
601872,2025-12-30 00:00:00,2025-12-30,9.04,8.98,9.09,8.93,48872500,440285032.0,-1.54,-0.14,0.61,9.12,8.92,8.6325,8.719,招商轮船
601872,2025-12-31 00:00:00,2025-12-31,8.96,8.98,9.12,8.9,56796700,511521842.0,0.0,0.0,0.7,8.98,8.932,8.6465,8.724166666666667,招商轮船
601872,2026-01-05 00:00:00,2026-01-05,8.98,8.97,9.17,8.85,85724500,770574089.0,-0.11,-0.01,1.06,8.98,8.98,8.6575,8.727,招商轮船
601872,2026-01-06 00:00:00,2026-01-06,8.91,9.14,9.2,8.89,82522600,750481558.0,1.9,0.17,1.02,8.97,8.991999999999999,8.664,8.738833333333332,招商轮船
601872,2026-01-07 00:00:00,2026-01-07,9.25,9.01,9.48,8.97,70557400,646247162.0,-1.42,-0.13,0.87,9.14,9.038,8.705,8.747833333333334,招商轮船
601872,2026-01-08 00:00:00,2026-01-08,9.48,9.6,9.8,9.39,160255800,1540204449.0,6.55,0.59,1.98,9.01,9.016000000000002,8.7385,8.7475,招商轮船
601872,2026-01-09 00:00:00,2026-01-09,9.86,9.83,10.08,9.67,142704800,1407982108.0,2.4,0.23,1.77,9.6,9.14,8.807,8.757666666666665,招商轮船
601872,2026-01-12 00:00:00,2026-01-12,10.08,10.7,10.81,9.86,193414100,2028152201.0,8.85,0.87,2.4,9.83,9.31,8.8875,8.776833333333334,招商轮船
601872,2026-01-13 00:00:00,2026-01-13,10.72,11.21,11.35,10.64,148553300,1642951212.0,4.77,0.51,1.84,10.7,9.655999999999999,9.0125,8.808666666666666,招商轮船
601872,2026-01-14 00:00:00,2026-01-14,11.35,11.25,11.66,10.9,115167100,1290310910.0,0.36,0.04,1.43,11.21,10.07,9.154,8.851833333333333,招商轮船
601872,2026-01-15 00:00:00,2026-01-15,11.14,11.39,11.72,11.12,93510100,1074277779.0,1.24,0.14,1.16,11.25,10.517999999999999,9.285499999999999,8.894,招商轮船
601872,2026-01-16 00:00:00,2026-01-16,11.16,11.22,11.62,11.07,105790300,1194354687.0,-1.49,-0.17,1.31,11.39,10.876,9.437000000000001,8.939333333333332,招商轮船
601872,2026-01-19 00:00:00,2026-01-19,11.28,11.45,11.72,11.28,91554100,1053925467.0,2.05,0.23,1.13,11.22,11.154,9.56,8.985666666666667,招商轮船
601872,2026-01-20 00:00:00,2026-01-20,11.45,11.25,11.56,11.05,88545700,994375772.0,-1.75,-0.2,1.1,11.45,11.304,9.6885,9.036,招商轮船
601872,2026-01-21 00:00:00,2026-01-21,11.17,11.05,11.28,10.92,82997400,917595869.0,-1.78,-0.2,1.03,11.25,11.312000000000001,9.8255,9.085833333333333,招商轮船
601872,2026-01-22 00:00:00,2026-01-22,11.05,11.06,11.45,11.0,70694300,789080595.0,0.09,0.01,0.88,11.05,11.272,9.9315,9.131666666666666,招商轮船
601872,2026-01-23 00:00:00,2026-01-23,10.98,10.81,11.1,10.69,94524900,1029445367.0,-2.26,-0.25,1.17,11.06,11.206,10.0385,9.178333333333335,招商轮船
601872,2026-01-26 00:00:00,2026-01-26,11.05,11.38,11.45,11.05,141182100,1596869059.0,5.27,0.57,1.75,10.81,11.124,10.142,9.215499999999999,招商轮船
601872,2026-01-27 00:00:00,2026-01-27,11.22,11.24,11.64,11.1,120937800,1366430022.0,-1.23,-0.14,1.5,11.38,11.110000000000001,10.2655,9.247833333333334,招商轮船
601872,2026-01-28 00:00:00,2026-01-28,11.42,11.17,11.44,10.94,106450800,1191568447.0,-0.62,-0.07,1.32,11.24,11.108,10.382000000000001,9.280833333333334,招商轮船
601872,2026-01-29 00:00:00,2026-01-29,11.4,11.03,11.52,10.95,114454600,1277766968.0,-1.25,-0.14,1.42,11.17,11.132000000000001,10.4845,9.313333333333334,招商轮船
601872,2026-01-30 00:00:00,2026-01-30,11.08,11.36,11.5,11.03,131873200,1490650202.0,2.99,0.33,1.63,11.03,11.126000000000001,10.587,9.358166666666667,招商轮船
601872,2026-02-02 00:00:00,2026-02-02,11.3,10.79,11.6,10.73,127926700,1416145118.0,-5.02,-0.57,1.58,11.36,11.236,10.706,9.407666666666668,招商轮船
601872,2026-02-03 00:00:00,2026-02-03,11.07,11.52,11.55,10.84,130142000,1457340010.0,6.77,0.73,1.61,10.79,11.117999999999999,10.797,9.445666666666666,招商轮船
601872,2026-02-04 00:00:00,2026-02-04,11.7,12.0,12.15,11.49,154345500,1830831999.0,4.17,0.48,1.91,11.52,11.173999999999998,10.916,9.493166666666667,招商轮船
601872,2026-02-05 00:00:00,2026-02-05,12.0,11.65,12.24,11.42,125241100,1470745124.0,-2.92,-0.35,1.55,12.0,11.34,11.0655,9.551166666666665,招商轮船
601872,2026-02-06 00:00:00,2026-02-06,11.5,11.36,11.55,11.23,81522000,926496194.0,-2.49,-0.29,1.01,11.65,11.464,11.168,9.603499999999999,招商轮船
601872,2026-02-09 00:00:00,2026-02-09,11.65,12.02,12.18,11.6,105257300,1258992237.0,5.81,0.66,1.3,11.36,11.464,11.2445,9.650166666666667,招商轮船
601872,2026-02-10 00:00:00,2026-02-10,11.99,12.32,12.38,11.6,96161200,1160070439.0,2.5,0.3,1.19,12.02,11.709999999999999,11.3105,9.699166666666665,招商轮船
601872,2026-02-11 00:00:00,2026-02-11,12.32,12.02,12.44,12.0,77633700,941470323.0,-2.44,-0.3,0.96,12.32,11.870000000000001,11.366000000000001,9.751833333333334,招商轮船
601872,2026-02-12 00:00:00,2026-02-12,12.44,13.22,13.22,12.44,102161400,1332852266.0,9.98,1.2,1.27,12.02,11.873999999999999,11.4045,9.798833333333333,招商轮船
601872,2026-02-13 00:00:00,2026-02-13,13.19,12.19,13.21,12.12,185787300,2304730248.0,-7.79,-1.03,2.3,13.22,12.187999999999999,11.495999999999999,9.871666666666668,招商轮船
601872,2026-02-24 00:00:00,2026-02-24,13.41,13.41,13.41,13.12,154832200,2069005993.0,10.01,1.22,1.92,12.19,12.354,11.5445,9.920166666666665,招商轮船
601872,2026-02-25 00:00:00,2026-02-25,13.99,14.75,14.75,13.8,210754300,3086592751.0,9.99,1.34,2.61,13.41,12.632000000000001,11.642500000000002,9.994166666666668,招商轮船
601872,2026-02-26 00:00:00,2026-02-26,14.64,15.6,15.79,14.63,269108300,4132297432.0,5.76,0.85,3.33,14.75,13.118,11.8175,10.093833333333333,招商轮船
601872,2026-02-27 00:00:00,2026-02-27,15.99,16.24,16.41,15.65,219378300,3524536219.0,4.1,0.64,2.72,15.6,13.834,12.045,10.203333333333331,招商轮船
601872,2026-03-02 00:00:00,2026-03-02,17.5,17.86,17.86,15.92,415211900,7071400898.0,9.98,1.62,5.14,16.24,14.437999999999999,12.303999999999998,10.3265,招商轮船
601872,2026-03-03 00:00:00,2026-03-03,18.9,19.65,19.65,17.92,379546400,7281220686.0,10.02,1.79,4.7,17.86,15.572,12.6565,10.479999999999999,招商轮船
601872,2026-03-04 00:00:00,2026-03-04,18.8,17.71,18.8,17.69,346669900,6203936380.0,-9.87,-1.94,4.29,19.65,16.82,13.069999999999999,10.663333333333332,招商轮船
601872,2026-03-05 00:00:00,2026-03-05,17.34,17.46,18.4,16.5,300505800,5301964404.0,-1.41,-0.25,3.72,17.71,17.412,13.3935,10.811666666666666,招商轮船
601881,2025-09-02 00:00:00,2025-09-02,18.1,17.82,18.17,17.66,72115700,1297063843.0,-1.66,-0.3,1.0,18.12,,,,中国银河
601881,2025-09-03 00:00:00,2025-09-03,17.83,17.19,17.94,17.05,72442400,1268388440.0,-3.54,-0.63,1.0,17.82,,,,中国银河
601881,2025-09-04 00:00:00,2025-09-04,17.19,17.02,17.27,16.87,62543400,1075372844.0,-0.99,-0.17,0.86,17.19,,,,中国银河
601881,2025-09-05 00:00:00,2025-09-05,17.07,17.09,17.11,16.87,58989400,1009580376.0,0.41,0.07,0.81,17.02,,,,中国银河
601881,2025-09-08 00:00:00,2025-09-08,17.06,16.96,17.09,16.91,54774400,936092277.0,-0.76,-0.13,0.76,17.09,17.448,,,中国银河
601881,2025-09-09 00:00:00,2025-09-09,16.96,17.09,17.28,16.9,57267000,984945073.0,0.77,0.13,0.79,16.96,17.216,,,中国银河
601881,2025-09-10 00:00:00,2025-09-10,17.04,16.95,17.16,16.91,37544100,642845562.0,-0.82,-0.14,0.52,17.09,17.07,,,中国银河
601881,2025-09-11 00:00:00,2025-09-11,16.88,17.36,17.36,16.84,66721900,1152435140.0,2.42,0.41,0.92,16.95,17.022,,,中国银河
601881,2025-09-12 00:00:00,2025-09-12,17.28,17.07,17.38,17.05,54794200,947324522.0,-1.67,-0.29,0.76,17.36,17.089999999999996,,,中国银河
601881,2025-09-15 00:00:00,2025-09-15,17.08,17.08,17.2,16.98,34667300,596652961.0,0.06,0.01,0.48,17.07,17.086,,,中国银河
601881,2025-09-16 00:00:00,2025-09-16,17.07,17.14,17.24,16.86,50265100,862053535.0,0.35,0.06,0.69,17.08,17.11,,,中国银河
601881,2025-09-17 00:00:00,2025-09-17,17.08,17.27,17.36,17.08,47454200,823290323.0,0.76,0.13,0.66,17.14,17.119999999999997,,,中国银河
601881,2025-09-18 00:00:00,2025-09-18,17.13,16.73,17.23,16.55,74542700,1270007894.0,-3.13,-0.54,1.03,17.27,17.184,,,中国银河
601881,2025-09-19 00:00:00,2025-09-19,16.73,16.59,16.8,16.51,36683900,614501712.0,-0.84,-0.14,0.51,16.73,17.058,,,中国银河
601881,2025-09-22 00:00:00,2025-09-22,16.61,16.88,16.91,16.56,41913800,708166029.0,1.75,0.29,0.58,16.59,16.962,,,中国银河
601881,2025-09-23 00:00:00,2025-09-23,16.76,16.64,16.77,16.46,36421300,608943049.0,-1.42,-0.24,0.5,16.88,16.922,,,中国银河
601881,2025-09-24 00:00:00,2025-09-24,16.53,16.73,16.85,16.51,36338800,609240984.0,0.54,0.09,0.5,16.64,16.822,,,中国银河
601881,2025-09-25 00:00:00,2025-09-25,16.68,16.92,17.12,16.66,48479300,827115713.0,1.14,0.19,0.67,16.73,16.714000000000002,,,中国银河
601881,2025-09-26 00:00:00,2025-09-26,16.78,16.87,17.06,16.74,34286700,582762478.0,-0.3,-0.05,0.47,16.92,16.752000000000002,,,中国银河
601881,2025-09-29 00:00:00,2025-09-29,16.78,17.66,18.0,16.77,127532000,2246715831.0,4.68,0.79,1.76,16.87,16.808,17.076,,中国银河
601881,2025-09-30 00:00:00,2025-09-30,17.58,17.65,17.8,17.5,65785100,1167626652.0,-0.06,-0.01,0.91,17.66,16.964000000000002,17.053,,中国银河
601881,2025-10-09 00:00:00,2025-10-09,17.57,17.71,17.75,17.34,61876100,1094809762.0,0.34,0.06,0.85,17.65,17.166,17.0445,,中国银河
601881,2025-10-10 00:00:00,2025-10-10,17.67,17.79,18.07,17.6,68956000,1240540096.0,0.45,0.08,0.95,17.71,17.362000000000002,17.070500000000003,,中国银河
601881,2025-10-13 00:00:00,2025-10-13,17.25,17.62,17.69,17.23,52823500,932283273.0,-0.96,-0.17,0.73,17.79,17.535999999999998,17.109,,中国银河
601881,2025-10-14 00:00:00,2025-10-14,17.74,17.68,18.06,17.58,59361000,1064015104.0,0.34,0.06,0.82,17.62,17.686,17.1355,,中国银河
601881,2025-10-15 00:00:00,2025-10-15,17.74,17.91,17.96,17.5,60202900,1077579289.0,1.3,0.23,0.83,17.68,17.689999999999998,17.1715,,中国银河
601881,2025-10-16 00:00:00,2025-10-16,17.85,18.08,18.34,17.76,79440600,1445225599.0,0.95,0.17,1.1,17.91,17.742,17.2125,,中国银河
601881,2025-10-17 00:00:00,2025-10-17,18.06,17.75,18.28,17.73,62494500,1131377020.0,-1.83,-0.33,0.86,18.08,17.816,17.269,,中国银河
601881,2025-10-20 00:00:00,2025-10-20,17.93,17.64,18.03,17.59,40561800,724209771.0,-0.62,-0.11,0.56,17.75,17.808,17.2885,,中国银河
601881,2025-10-21 00:00:00,2025-10-21,17.7,17.74,17.98,17.64,42263300,756396651.0,0.57,0.1,0.58,17.64,17.812,17.317,,中国银河
601881,2025-10-22 00:00:00,2025-10-22,17.67,17.59,17.7,17.52,26175900,463903197.0,-0.85,-0.15,0.36,17.74,17.823999999999998,17.35,,中国银河
601881,2025-10-23 00:00:00,2025-10-23,17.59,17.65,17.67,17.28,36964700,649456046.0,0.34,0.06,0.51,17.59,17.759999999999998,17.3725,,中国银河
601881,2025-10-24 00:00:00,2025-10-24,17.67,17.73,17.78,17.49,41657400,739349498.0,0.45,0.08,0.58,17.65,17.674,17.3915,,中国银河
601881,2025-10-27 00:00:00,2025-10-27,17.96,17.96,18.12,17.78,65781300,1188959199.0,1.3,0.23,0.91,17.73,17.669999999999998,17.4415,,中国银河
601881,2025-10-28 00:00:00,2025-10-28,17.98,17.73,18.0,17.69,38020900,682020197.0,-1.28,-0.23,0.52,17.96,17.733999999999998,17.509999999999998,,中国银河
601881,2025-10-29 00:00:00,2025-10-29,17.69,18.02,18.08,17.69,47297200,855071353.0,1.64,0.29,0.65,17.73,17.732,17.552500000000002,,中国银河
601881,2025-10-30 00:00:00,2025-10-30,17.96,17.58,17.98,17.56,56749800,1013464475.0,-2.44,-0.44,0.78,18.02,17.818,17.6215,,中国银河
601881,2025-10-31 00:00:00,2025-10-31,17.7,17.46,17.74,17.44,41514900,733296746.0,-0.68,-0.12,0.57,17.58,17.804000000000002,17.663999999999998,,中国银河
601881,2025-11-03 00:00:00,2025-11-03,17.4,17.45,17.5,17.17,38827600,677006436.0,-0.06,-0.01,0.54,17.46,17.75,17.691000000000003,,中国银河
601881,2025-11-04 00:00:00,2025-11-04,17.4,17.28,17.43,17.2,27188300,473418479.0,-0.97,-0.17,0.38,17.45,17.648,17.720000000000002,,中国银河
601881,2025-11-05 00:00:00,2025-11-05,17.22,17.14,17.26,17.13,30829100,533402744.0,-0.81,-0.14,0.43,17.28,17.558,17.701,,中国银河
601881,2025-11-06 00:00:00,2025-11-06,17.17,17.35,17.4,17.16,32406100,564620592.0,1.23,0.21,0.45,17.14,17.382,17.6755,,中国银河
601881,2025-11-07 00:00:00,2025-11-07,17.28,17.15,17.28,17.13,26930500,465969065.0,-1.15,-0.2,0.37,17.35,17.336000000000002,17.6575,,中国银河
601881,2025-11-10 00:00:00,2025-11-10,17.08,17.24,17.31,17.0,38926100,671768226.0,0.52,0.09,0.54,17.15,17.274,17.6255,,中国银河
601881,2025-11-11 00:00:00,2025-11-11,17.23,17.0,17.31,16.98,32300000,555989709.0,-1.39,-0.24,0.45,17.24,17.232,17.6065,,中国银河
601881,2025-11-12 00:00:00,2025-11-12,17.03,16.82,17.03,16.76,31322000,532321021.0,-1.06,-0.18,0.43,17.0,17.176,17.572499999999998,,中国银河
601881,2025-11-13 00:00:00,2025-11-13,16.8,16.96,16.98,16.8,24007100,408533535.0,0.83,0.14,0.33,16.82,17.112000000000002,17.517999999999997,,中国银河
601881,2025-11-14 00:00:00,2025-11-14,16.88,16.73,16.91,16.73,23308000,394856850.0,-1.36,-0.23,0.32,16.96,17.034,17.462,,中国银河
601881,2025-11-17 00:00:00,2025-11-17,16.7,16.52,16.76,16.45,25735200,426289961.0,-1.26,-0.21,0.36,16.73,16.95,17.410999999999998,,中国银河
601881,2025-11-18 00:00:00,2025-11-18,16.5,16.52,16.68,16.47,23652400,392001541.0,0.0,0.0,0.33,16.52,16.806,17.355,,中国银河
601881,2025-11-19 00:00:00,2025-11-19,16.52,16.52,16.65,16.48,19962200,330602808.0,0.0,0.0,0.28,16.52,16.71,17.294,,中国银河
601881,2025-11-20 00:00:00,2025-11-20,17.2,16.47,17.2,16.44,67556600,1135565380.0,-0.3,-0.05,0.93,16.52,16.65,17.2405,,中国银河
601881,2025-11-21 00:00:00,2025-11-21,16.25,15.88,16.37,15.8,53160500,854623616.0,-3.58,-0.59,0.73,16.47,16.552,17.1815,,中国银河
601881,2025-11-24 00:00:00,2025-11-24,15.88,15.89,15.98,15.77,27230800,432726331.0,0.06,0.01,0.38,15.88,16.381999999999998,17.089,,中国银河
601881,2025-11-25 00:00:00,2025-11-25,15.91,15.83,16.01,15.81,38368700,609837999.0,-0.38,-0.06,0.53,15.89,16.256,16.9855,,中国银河
601881,2025-11-26 00:00:00,2025-11-26,15.84,15.84,15.91,15.8,21246700,337017908.0,0.06,0.01,0.29,15.83,16.118000000000002,16.890499999999996,,中国银河
601881,2025-11-27 00:00:00,2025-11-27,15.8,15.86,15.96,15.79,21053200,334542378.0,0.13,0.02,0.29,15.84,15.982,16.7815,,中国银河
601881,2025-11-28 00:00:00,2025-11-28,15.85,15.9,15.9,15.73,19982800,316548608.0,0.25,0.04,0.28,15.86,15.86,16.695500000000003,,中国银河
601881,2025-12-01 00:00:00,2025-12-01,15.89,15.95,15.95,15.84,25569000,406461222.0,0.31,0.05,0.35,15.9,15.863999999999999,16.6175,,中国银河
601881,2025-12-02 00:00:00,2025-12-02,15.91,15.76,15.94,15.75,22173100,350674967.0,-1.19,-0.19,0.31,15.95,15.876,16.542499999999997,17.112833333333334,中国银河
601881,2025-12-03 00:00:00,2025-12-03,15.79,15.68,15.85,15.66,21561700,339143713.0,-0.51,-0.08,0.3,15.76,15.862,16.4665,17.073500000000003,中国银河
601881,2025-12-04 00:00:00,2025-12-04,15.7,15.68,15.78,15.63,22874700,358872475.0,0.0,0.0,0.32,15.68,15.829999999999998,16.3935,17.03783333333333,中国银河
601881,2025-12-05 00:00:00,2025-12-05,15.68,15.96,16.11,15.56,54175100,858800373.0,1.79,0.28,0.75,15.68,15.794,16.31,17.012666666666668,中国银河
601881,2025-12-08 00:00:00,2025-12-08,16.26,16.22,16.43,16.11,67797700,1104877035.0,1.63,0.26,0.94,15.96,15.806000000000001,16.250500000000002,16.995,中国银河
601881,2025-12-09 00:00:00,2025-12-09,16.08,15.95,16.14,15.87,35557000,568653242.0,-1.66,-0.27,0.49,16.22,15.86,16.1995,16.9805,中国银河
601881,2025-12-10 00:00:00,2025-12-10,15.85,15.94,16.04,15.77,25402900,403556961.0,-0.06,-0.01,0.35,15.95,15.898,16.147,16.963666666666665,中国银河
601881,2025-12-11 00:00:00,2025-12-11,15.94,15.72,15.97,15.69,26065700,412206905.0,-1.38,-0.22,0.36,15.94,15.95,16.103,16.9445,中国银河
601881,2025-12-12 00:00:00,2025-12-12,15.71,15.9,15.94,15.68,31301400,494675105.0,1.15,0.18,0.43,15.72,15.957999999999998,16.041,16.924,中国银河
601881,2025-12-15 00:00:00,2025-12-15,15.75,15.93,16.13,15.71,32893300,525366340.0,0.19,0.03,0.45,15.9,15.946000000000002,15.999500000000001,16.89966666666667,中国银河
601881,2025-12-16 00:00:00,2025-12-16,15.88,15.87,16.06,15.8,27773000,442143396.0,-0.38,-0.06,0.38,15.93,15.888,15.969999999999999,16.880666666666666,中国银河
601881,2025-12-17 00:00:00,2025-12-17,15.86,16.16,16.29,15.8,46099100,740015333.0,1.83,0.29,0.64,15.87,15.872,15.9375,16.8605,中国银河
601881,2025-12-18 00:00:00,2025-12-18,16.11,15.85,16.16,15.83,46748000,744245540.0,-1.92,-0.31,0.65,16.16,15.916,15.919500000000003,16.844166666666666,中国银河
601881,2025-12-19 00:00:00,2025-12-19,15.81,15.9,16.01,15.8,27905300,443832951.0,0.32,0.05,0.39,15.85,15.942000000000002,15.888499999999999,16.8205,中国银河
601881,2025-12-22 00:00:00,2025-12-22,15.9,15.84,15.94,15.82,26544400,421382332.0,-0.38,-0.06,0.37,15.9,15.941999999999998,15.889500000000002,16.806666666666665,中国银河
601881,2025-12-23 00:00:00,2025-12-23,15.84,15.72,15.89,15.7,27590600,436231085.0,-0.76,-0.12,0.38,15.84,15.924000000000001,15.887,16.794166666666666,中国银河
601881,2025-12-24 00:00:00,2025-12-24,15.72,15.8,15.82,15.68,25764200,405827433.0,0.51,0.08,0.36,15.72,15.894,15.881499999999999,16.774833333333333,中国银河
601881,2025-12-25 00:00:00,2025-12-25,15.79,15.95,15.99,15.77,33183800,528174208.0,0.95,0.15,0.46,15.8,15.822,15.879499999999998,16.760833333333334,中国银河
601881,2025-12-26 00:00:00,2025-12-26,15.98,16.0,16.14,15.9,37850400,606514684.0,0.31,0.05,0.52,15.95,15.842000000000002,15.884,16.747833333333332,中国银河
601881,2025-12-29 00:00:00,2025-12-29,15.98,15.92,16.07,15.89,24824100,396364762.0,-0.5,-0.08,0.34,16.0,15.862,15.889000000000001,16.7325,中国银河
601881,2025-12-30 00:00:00,2025-12-30,15.89,15.82,15.96,15.78,32611900,517251434.0,-0.63,-0.1,0.45,15.92,15.878,15.8875,16.716666666666665,中国银河
601881,2025-12-31 00:00:00,2025-12-31,15.83,15.72,15.93,15.7,32750500,517422950.0,-0.63,-0.1,0.45,15.82,15.898000000000001,15.8905,16.686,中国银河
601881,2026-01-05 00:00:00,2026-01-05,15.75,16.04,16.08,15.74,57623300,920921058.0,2.04,0.32,0.8,15.72,15.882,15.892500000000002,16.65383333333333,中国银河
601881,2026-01-06 00:00:00,2026-01-06,16.05,16.48,16.49,16.0,83629200,1365891494.0,2.74,0.44,1.15,16.04,15.9,15.910500000000003,16.626,中国银河
601881,2026-01-07 00:00:00,2026-01-07,16.53,16.34,16.55,16.22,53546400,876881759.0,-0.85,-0.14,0.74,16.48,15.996,15.936499999999999,16.604166666666668,中国银河
601881,2026-01-08 00:00:00,2026-01-08,16.27,16.04,16.27,15.97,48494800,780385453.0,-1.84,-0.3,0.67,16.34,16.080000000000002,15.9425,16.582833333333333,中国银河
601881,2026-01-09 00:00:00,2026-01-09,16.07,16.08,16.15,15.98,42037400,674667141.0,0.25,0.04,0.58,16.04,16.124000000000002,15.947,16.555500000000002,中国银河
601881,2026-01-12 00:00:00,2026-01-12,16.01,16.25,16.27,15.96,58251000,939099342.0,1.06,0.17,0.8,16.08,16.196,15.954000000000002,16.525,中国银河
601881,2026-01-13 00:00:00,2026-01-13,16.28,16.06,16.36,16.01,52950500,856812196.0,-1.17,-0.19,0.73,16.25,16.238,15.980500000000001,16.4945,中国银河
601881,2026-01-14 00:00:00,2026-01-14,16.06,15.98,16.35,15.91,75019800,1210288743.0,-0.5,-0.08,1.04,16.06,16.154,15.988499999999998,16.466333333333335,中国银河
601881,2026-01-15 00:00:00,2026-01-15,15.91,15.68,15.97,15.65,64330400,1014959812.0,-1.88,-0.3,0.89,15.98,16.082,15.991,16.438666666666666,中国银河
601881,2026-01-16 00:00:00,2026-01-16,15.78,15.57,15.82,15.55,45757600,715397986.0,-0.7,-0.11,0.63,15.68,16.009999999999998,15.9815,16.404333333333334,中国银河
601881,2026-01-19 00:00:00,2026-01-19,15.54,15.43,15.57,15.4,41984000,648728530.0,-0.9,-0.14,0.58,15.57,15.907999999999998,15.951999999999998,16.37066666666667,中国银河
601881,2026-01-20 00:00:00,2026-01-20,15.44,15.51,15.53,15.4,29088500,450032096.0,0.52,0.08,0.4,15.43,15.744,15.931000000000001,16.333666666666666,中国银河
601881,2026-01-21 00:00:00,2026-01-21,15.45,15.37,15.47,15.35,39057500,602124388.0,-0.9,-0.14,0.54,15.51,15.634,15.911499999999998,16.296666666666667,中国银河
601881,2026-01-22 00:00:00,2026-01-22,15.38,15.39,15.5,15.36,29747200,458228422.0,0.13,0.02,0.41,15.37,15.512,15.888,16.2535,中国银河
601881,2026-01-23 00:00:00,2026-01-23,15.41,15.32,15.42,15.28,41604300,638224862.0,-0.45,-0.07,0.57,15.39,15.453999999999999,15.871499999999997,16.2145,中国银河
601881,2026-01-26 00:00:00,2026-01-26,15.29,15.33,15.47,15.27,55861600,858047502.0,0.07,0.01,0.77,15.32,15.404,15.8475,16.169500000000003,中国银河
601881,2026-01-27 00:00:00,2026-01-27,15.29,15.13,15.3,15.05,42287700,641733317.0,-1.3,-0.2,0.58,15.33,15.384,15.8165,16.131999999999998,中国银河
601881,2026-01-28 00:00:00,2026-01-28,15.18,14.97,15.24,14.95,53926400,814868118.0,-1.06,-0.16,0.74,15.13,15.308000000000002,15.773,16.093166666666665,中国银河
601881,2026-01-29 00:00:00,2026-01-29,14.94,15.26,15.26,14.77,79475300,1190371466.0,1.94,0.29,1.1,14.97,15.228,15.7255,16.051833333333335,中国银河
601881,2026-01-30 00:00:00,2026-01-30,15.16,15.02,15.26,15.01,40421100,610295666.0,-1.57,-0.24,0.56,15.26,15.201999999999998,15.697500000000002,16.018166666666666,中国银河
601881,2026-02-02 00:00:00,2026-02-02,14.97,15.11,15.42,14.94,63913700,974982787.0,0.6,0.09,0.88,15.02,15.142000000000001,15.6625,15.982833333333332,中国银河
601881,2026-02-03 00:00:00,2026-02-03,15.12,15.11,15.18,14.94,50066700,753065834.0,0.0,0.0,0.69,15.11,15.097999999999999,15.616000000000003,15.9455,中国银河
601881,2026-02-04 00:00:00,2026-02-04,15.1,15.32,15.4,15.04,47409000,721593849.0,1.39,0.21,0.65,15.11,15.094,15.5475,15.911499999999998,中国银河
601881,2026-02-05 00:00:00,2026-02-05,15.3,15.37,15.46,15.24,38913600,597143918.0,0.33,0.05,0.54,15.32,15.163999999999998,15.496499999999997,15.8795,中国银河
601881,2026-02-06 00:00:00,2026-02-06,15.31,15.15,15.36,15.15,29954300,456685087.0,-1.43,-0.22,0.41,15.37,15.185999999999998,15.463,15.852333333333332,中国银河
601881,2026-02-09 00:00:00,2026-02-09,15.21,15.22,15.25,15.1,26843700,407631416.0,0.46,0.07,0.37,15.15,15.212,15.4165,15.8245,中国银河
601881,2026-02-10 00:00:00,2026-02-10,15.21,15.21,15.28,15.16,22722000,345671988.0,-0.07,-0.01,0.31,15.22,15.234,15.365,15.7955,中国银河
601881,2026-02-11 00:00:00,2026-02-11,15.22,15.12,15.23,15.11,25512600,386248448.0,-0.59,-0.09,0.35,15.21,15.254000000000001,15.322500000000002,15.770166666666665,中国银河
601881,2026-02-12 00:00:00,2026-02-12,15.1,15.0,15.13,14.99,29190600,439245783.0,-0.79,-0.12,0.4,15.12,15.213999999999999,15.279500000000002,15.746833333333333,中国银河
601881,2026-02-13 00:00:00,2026-02-13,15.01,14.83,15.11,14.83,30747000,460268439.0,-1.13,-0.17,0.42,15.0,15.14,15.245500000000002,15.721499999999999,中国银河
601881,2026-02-24 00:00:00,2026-02-24,14.94,14.83,14.94,14.81,25373900,376677367.0,0.0,0.0,0.35,14.83,15.075999999999999,15.2085,15.693333333333333,中国银河
601881,2026-02-25 00:00:00,2026-02-25,14.84,14.7,15.04,14.66,68974200,1023572159.0,-0.88,-0.13,0.95,14.83,14.998000000000001,15.1785,15.666,中国银河
601881,2026-02-26 00:00:00,2026-02-26,14.73,14.64,14.74,14.58,33168800,485409444.0,-0.41,-0.06,0.46,14.7,14.896,15.138,15.646333333333333,中国银河
601881,2026-02-27 00:00:00,2026-02-27,14.61,14.61,14.75,14.59,32306500,473178416.0,-0.2,-0.03,0.45,14.64,14.8,15.101500000000001,15.625499999999999,中国银河
601881,2026-03-02 00:00:00,2026-03-02,14.5,14.38,14.52,14.26,47174600,678652162.0,-1.57,-0.23,0.65,14.61,14.722,15.0625,15.605166666666666,中国银河
601881,2026-03-03 00:00:00,2026-03-03,14.38,14.38,14.6,14.34,51833800,749786597.0,0.0,0.0,0.72,14.38,14.632,15.0155,15.580833333333334,中国银河
601881,2026-03-04 00:00:00,2026-03-04,14.31,13.94,14.32,13.91,55393100,779325570.0,-3.06,-0.44,0.76,14.38,14.542000000000002,14.968,15.556166666666666,中国银河
601881,2026-03-05 00:00:00,2026-03-05,14.1,14.07,14.16,14.01,28671900,403633551.0,0.93,0.13,0.4,13.94,14.39,14.9085,15.5235,中国银河
601898,2025-09-02 00:00:00,2025-09-02,11.18,11.13,11.25,11.04,28847300,325920126.0,-0.54,-0.06,0.32,11.19,,,,中煤能源
601898,2025-09-03 00:00:00,2025-09-03,11.16,11.02,11.2,10.91,23730000,265477130.0,-0.99,-0.11,0.26,11.13,,,,中煤能源
601898,2025-09-04 00:00:00,2025-09-04,10.96,10.89,10.98,10.65,31643000,347557372.0,-1.18,-0.13,0.35,11.02,,,,中煤能源
601898,2025-09-05 00:00:00,2025-09-05,10.88,10.98,10.98,10.84,22163800,245637357.0,0.83,0.09,0.24,10.89,,,,中煤能源
601898,2025-09-08 00:00:00,2025-09-08,10.93,11.05,11.1,10.86,22199400,248441255.0,0.64,0.07,0.24,10.98,11.042,,,中煤能源
601898,2025-09-09 00:00:00,2025-09-09,11.07,11.04,11.07,10.95,15639000,175005820.0,-0.09,-0.01,0.17,11.05,11.014000000000001,,,中煤能源
601898,2025-09-10 00:00:00,2025-09-10,11.04,10.95,11.04,10.94,14946500,166818391.0,-0.82,-0.09,0.16,11.04,10.996,,,中煤能源
601898,2025-09-11 00:00:00,2025-09-11,10.96,10.93,11.03,10.81,25703200,284504634.0,-0.18,-0.02,0.28,10.95,10.982000000000001,,,中煤能源
601898,2025-09-12 00:00:00,2025-09-12,10.94,10.95,11.04,10.84,28863500,320915406.0,0.18,0.02,0.32,10.93,10.989999999999998,,,中煤能源
601898,2025-09-15 00:00:00,2025-09-15,10.96,11.13,11.15,10.85,33718400,376951078.0,1.64,0.18,0.37,10.95,10.984,,,中煤能源
601898,2025-09-16 00:00:00,2025-09-16,11.22,11.06,11.27,11.05,27932500,316432574.0,-0.63,-0.07,0.31,11.13,11.0,,,中煤能源
601898,2025-09-17 00:00:00,2025-09-17,10.99,11.45,11.59,10.98,55793000,645229855.0,3.53,0.39,0.61,11.06,11.004,,,中煤能源
601898,2025-09-18 00:00:00,2025-09-18,11.41,11.12,11.42,11.04,32813600,372877608.0,-2.88,-0.33,0.36,11.45,11.104,,,中煤能源
601898,2025-09-19 00:00:00,2025-09-19,11.15,11.58,11.65,11.12,54322300,632888033.0,4.14,0.46,0.59,11.12,11.142,,,中煤能源
601898,2025-09-22 00:00:00,2025-09-22,11.58,11.39,11.71,11.37,25696900,299328615.0,-1.64,-0.19,0.28,11.58,11.268,,,中煤能源
601898,2025-09-23 00:00:00,2025-09-23,11.37,11.67,11.78,11.25,55056100,649590084.0,2.46,0.28,0.6,11.39,11.32,,,中煤能源
601898,2025-09-24 00:00:00,2025-09-24,11.59,11.6,11.74,11.49,32045500,376630017.0,-0.6,-0.07,0.35,11.67,11.442,,,中煤能源
601898,2025-09-25 00:00:00,2025-09-25,11.55,11.51,11.63,11.4,23125500,269318606.0,-0.78,-0.09,0.25,11.6,11.472,,,中煤能源
601898,2025-09-26 00:00:00,2025-09-26,11.49,11.31,11.55,11.26,24372800,281430317.0,-1.74,-0.2,0.27,11.51,11.55,,,中煤能源
601898,2025-09-29 00:00:00,2025-09-29,11.23,11.22,11.26,11.03,21053300,238051222.0,-0.8,-0.09,0.23,11.31,11.496,11.1975,,中煤能源
601898,2025-09-30 00:00:00,2025-09-30,11.2,11.19,11.27,11.03,19278200,218139839.0,-0.27,-0.03,0.21,11.22,11.462,11.199,,中煤能源
601898,2025-10-09 00:00:00,2025-10-09,11.19,11.53,11.54,11.11,32658900,375786270.0,3.04,0.34,0.36,11.19,11.366,11.202000000000002,,中煤能源
601898,2025-10-10 00:00:00,2025-10-10,11.48,11.73,11.91,11.4,45977300,548088056.0,1.73,0.2,0.5,11.53,11.352,11.2275,,中煤能源
601898,2025-10-13 00:00:00,2025-10-13,11.53,11.75,11.87,11.46,34362300,405967310.0,0.17,0.02,0.38,11.73,11.395999999999999,11.2695,,中煤能源
601898,2025-10-14 00:00:00,2025-10-14,11.81,12.08,12.22,11.68,51361100,626165288.0,2.81,0.33,0.56,11.75,11.484,11.308,,中煤能源
601898,2025-10-15 00:00:00,2025-10-15,12.09,12.21,12.29,11.93,41878400,516947601.0,1.08,0.13,0.46,12.08,11.656,11.3595,,中煤能源
601898,2025-10-16 00:00:00,2025-10-16,12.33,13.12,13.2,12.27,87072300,1137653344.0,7.45,0.91,0.95,12.21,11.86,11.418,,中煤能源
601898,2025-10-17 00:00:00,2025-10-17,13.08,13.12,13.42,12.94,70296800,939354227.0,0.0,0.0,0.77,13.12,12.178,11.5265,,中煤能源
601898,2025-10-20 00:00:00,2025-10-20,13.16,13.52,13.52,12.92,73556100,982353236.0,3.05,0.4,0.8,13.12,12.456,11.636,,中煤能源
601898,2025-10-21 00:00:00,2025-10-21,13.11,13.11,13.21,12.73,76920900,1011783057.0,-3.03,-0.41,0.84,13.52,12.809999999999999,11.7645,,中煤能源
601898,2025-10-22 00:00:00,2025-10-22,13.0,13.14,13.24,12.9,38959400,508408887.0,0.23,0.03,0.43,13.11,13.016,11.8635,,中煤能源
601898,2025-10-23 00:00:00,2025-10-23,13.02,13.3,13.48,13.0,47921700,635164001.0,1.22,0.16,0.52,13.14,13.201999999999998,11.9675,,中煤能源
601898,2025-10-24 00:00:00,2025-10-24,13.14,13.27,13.35,13.04,40776100,537288664.0,-0.23,-0.03,0.45,13.3,13.238,12.059999999999999,,中煤能源
601898,2025-10-27 00:00:00,2025-10-27,13.1,13.75,14.09,12.82,70759800,964001227.0,3.62,0.48,0.77,13.27,13.268,12.1675,,中煤能源
601898,2025-10-28 00:00:00,2025-10-28,13.67,13.5,13.83,13.4,37706600,510796585.0,-1.82,-0.25,0.41,13.75,13.314000000000002,12.276,,中煤能源
601898,2025-10-29 00:00:00,2025-10-29,13.41,13.82,14.08,13.32,41949700,576097491.0,2.37,0.32,0.46,13.5,13.392000000000001,12.381499999999999,,中煤能源
601898,2025-10-30 00:00:00,2025-10-30,13.79,13.8,14.19,13.71,39733600,552418237.0,-0.14,-0.02,0.43,13.82,13.528,12.489,,中煤能源
601898,2025-10-31 00:00:00,2025-10-31,13.78,13.58,13.87,13.4,31383600,426815827.0,-1.59,-0.22,0.34,13.8,13.628,12.599,,中煤能源
601898,2025-11-03 00:00:00,2025-11-03,13.64,14.32,14.4,13.64,66737500,945811247.0,5.45,0.74,0.73,13.58,13.690000000000001,12.7025,,中煤能源
601898,2025-11-04 00:00:00,2025-11-04,14.32,14.35,14.56,14.21,38058700,547376666.0,0.21,0.03,0.42,14.32,13.804000000000002,12.853,,中煤能源
601898,2025-11-05 00:00:00,2025-11-05,14.32,14.82,15.03,14.18,53636700,789054950.0,3.28,0.47,0.59,14.35,13.974,13.0095,,中煤能源
601898,2025-11-06 00:00:00,2025-11-06,14.82,14.85,15.2,14.56,43297200,646600777.0,0.2,0.03,0.47,14.82,14.174000000000001,13.190999999999999,,中煤能源
601898,2025-11-07 00:00:00,2025-11-07,14.82,14.74,15.11,14.57,31360200,462380799.0,-0.74,-0.11,0.34,14.85,14.384,13.357,,中煤能源
601898,2025-11-10 00:00:00,2025-11-10,14.81,15.14,15.35,14.62,40248600,609036689.0,2.71,0.4,0.44,14.74,14.616,13.507499999999999,,中煤能源
601898,2025-11-11 00:00:00,2025-11-11,15.15,15.0,15.21,14.3,58099600,852128727.0,-0.92,-0.14,0.63,15.14,14.780000000000001,13.677000000000001,,中煤能源
601898,2025-11-12 00:00:00,2025-11-12,14.68,14.5,14.89,14.43,38880700,567168561.0,-3.33,-0.5,0.42,15.0,14.91,13.823000000000002,,中煤能源
601898,2025-11-13 00:00:00,2025-11-13,14.42,14.69,14.8,14.25,43977500,638134643.0,1.31,0.19,0.48,14.5,14.846,13.9375,,中煤能源
601898,2025-11-14 00:00:00,2025-11-14,14.75,14.27,14.82,14.23,24965100,360336377.0,-2.86,-0.42,0.27,14.69,14.813999999999998,14.016000000000002,,中煤能源
601898,2025-11-17 00:00:00,2025-11-17,14.23,14.64,14.9,14.05,39920200,580615122.0,2.59,0.37,0.44,14.27,14.720000000000002,14.073500000000001,,中煤能源
601898,2025-11-18 00:00:00,2025-11-18,14.5,14.34,14.73,14.32,27947500,404431368.0,-2.05,-0.3,0.31,14.64,14.620000000000001,14.129499999999998,,中煤能源
601898,2025-11-19 00:00:00,2025-11-19,14.27,14.84,14.9,14.26,32603700,478280022.0,3.49,0.5,0.36,14.34,14.488,14.191000000000003,,中煤能源
601898,2025-11-20 00:00:00,2025-11-20,14.65,14.17,14.8,14.15,40194200,580383745.0,-4.51,-0.67,0.44,14.84,14.556000000000001,14.276,,中煤能源
601898,2025-11-21 00:00:00,2025-11-21,14.05,13.9,14.3,13.85,29218900,410492714.0,-1.91,-0.27,0.32,14.17,14.451999999999998,14.319500000000001,,中煤能源
601898,2025-11-24 00:00:00,2025-11-24,13.96,13.75,14.06,13.68,25513300,352013117.0,-1.08,-0.15,0.28,13.9,14.378,14.350999999999999,,中煤能源
601898,2025-11-25 00:00:00,2025-11-25,13.79,13.77,13.89,13.6,20375900,279779232.0,0.15,0.02,0.22,13.75,14.2,14.350999999999999,,中煤能源
601898,2025-11-26 00:00:00,2025-11-26,13.73,13.7,13.82,13.5,28768700,392767538.0,-0.51,-0.07,0.31,13.77,14.085999999999999,14.364499999999998,,中煤能源
601898,2025-11-27 00:00:00,2025-11-27,13.7,13.68,13.82,13.51,34728500,474183010.0,-0.15,-0.02,0.38,13.7,13.858,14.358500000000001,,中煤能源
601898,2025-11-28 00:00:00,2025-11-28,13.68,13.52,13.68,13.44,15952100,215923431.0,-1.17,-0.16,0.17,13.68,13.76,14.352500000000001,,中煤能源
601898,2025-12-01 00:00:00,2025-12-01,13.58,13.65,13.73,13.53,17879200,243716193.0,0.96,0.13,0.2,13.52,13.684000000000001,14.3495,,中煤能源
601898,2025-12-02 00:00:00,2025-12-02,13.68,13.56,13.86,13.5,16057700,219105511.0,-0.66,-0.09,0.18,13.65,13.663999999999998,14.315999999999999,12.788833333333335,中煤能源
601898,2025-12-03 00:00:00,2025-12-03,13.64,13.78,14.03,13.47,23707400,327392495.0,1.62,0.22,0.26,13.56,13.622,14.276499999999999,12.828333333333331,中煤能源
601898,2025-12-04 00:00:00,2025-12-04,13.66,13.92,14.05,13.66,25018600,347839037.0,1.02,0.14,0.27,13.78,13.638,14.2245,12.872499999999999,中煤能源
601898,2025-12-05 00:00:00,2025-12-05,13.87,13.68,13.92,13.57,18618800,255126721.0,-1.72,-0.24,0.2,13.92,13.686000000000002,14.178,12.920833333333333,中煤能源
601898,2025-12-08 00:00:00,2025-12-08,13.54,13.43,13.59,13.1,36387500,484038251.0,-1.83,-0.25,0.4,13.68,13.718,14.125,12.967333333333332,中煤能源
601898,2025-12-09 00:00:00,2025-12-09,13.37,13.3,13.42,13.18,21252000,282526472.0,-0.97,-0.13,0.23,13.43,13.674000000000001,14.039499999999999,13.008166666666666,中煤能源
601898,2025-12-10 00:00:00,2025-12-10,13.28,13.29,13.36,13.21,13784800,182904737.0,-0.08,-0.01,0.15,13.3,13.622,13.9545,13.045666666666667,中煤能源
601898,2025-12-11 00:00:00,2025-12-11,13.3,13.09,13.47,13.06,16579300,218937775.0,-1.5,-0.2,0.18,13.29,13.523999999999997,13.894,13.083166666666667,中煤能源
601898,2025-12-12 00:00:00,2025-12-12,13.15,12.91,13.18,12.83,19880100,257240033.0,-1.38,-0.18,0.22,13.09,13.358,13.813999999999998,13.118833333333333,中煤能源
601898,2025-12-15 00:00:00,2025-12-15,12.82,13.05,13.17,12.82,18452700,240998310.0,1.08,0.14,0.2,12.91,13.203999999999999,13.746,13.151833333333334,中煤能源
601898,2025-12-16 00:00:00,2025-12-16,12.98,12.88,13.01,12.8,15518200,199908021.0,-1.3,-0.17,0.17,13.05,13.128,13.6665,13.186833333333334,中煤能源
601898,2025-12-17 00:00:00,2025-12-17,12.9,12.91,13.02,12.82,15169300,195830490.0,0.23,0.03,0.17,12.88,13.044,13.5935,13.216000000000001,中煤能源
601898,2025-12-18 00:00:00,2025-12-18,12.97,13.21,13.28,12.93,23223200,304427985.0,2.32,0.3,0.25,12.91,12.968,13.497,13.246833333333333,中煤能源
601898,2025-12-19 00:00:00,2025-12-19,13.13,13.09,13.15,12.93,18621100,243128951.0,-0.91,-0.12,0.2,13.21,12.992,13.448999999999998,13.276166666666667,中煤能源
601898,2025-12-22 00:00:00,2025-12-22,13.13,13.0,13.13,12.81,26119000,337706952.0,-0.69,-0.09,0.29,13.09,13.028,13.4085,13.309,中煤能源
601898,2025-12-23 00:00:00,2025-12-23,13.03,12.93,13.17,12.87,19484100,253283260.0,-0.54,-0.07,0.21,13.0,13.018,13.371,13.332666666666665,中煤能源
601898,2025-12-24 00:00:00,2025-12-24,12.92,12.88,12.92,12.61,21395200,272784074.0,-0.39,-0.05,0.23,12.93,13.028,13.328999999999999,13.358333333333333,中煤能源
601898,2025-12-25 00:00:00,2025-12-25,12.87,12.7,12.88,12.66,16047300,204597313.0,-1.4,-0.18,0.18,12.88,13.022,13.288,13.3785,中煤能源
601898,2025-12-26 00:00:00,2025-12-26,12.61,12.55,12.73,12.51,25618300,322822560.0,-1.18,-0.15,0.28,12.7,12.919999999999998,13.239,13.396833333333335,中煤能源
601898,2025-12-29 00:00:00,2025-12-29,12.59,12.62,12.78,12.56,21679100,274758850.0,0.56,0.07,0.24,12.55,12.812000000000001,13.1905,13.414166666666667,中煤能源
601898,2025-12-30 00:00:00,2025-12-30,12.58,12.6,12.68,12.5,13177000,165868598.0,-0.16,-0.02,0.14,12.62,12.736,13.139000000000001,13.436,中煤能源
601898,2025-12-31 00:00:00,2025-12-31,12.51,12.44,12.62,12.34,17205100,214462140.0,-1.27,-0.16,0.19,12.6,12.67,13.091,13.459000000000001,中煤能源
601898,2026-01-05 00:00:00,2026-01-05,12.54,12.5,12.65,12.37,26124000,327088866.0,0.48,0.06,0.29,12.44,12.581999999999999,13.024000000000001,13.479833333333334,中煤能源
601898,2026-01-06 00:00:00,2026-01-06,12.5,13.0,13.06,12.33,44445500,570423185.0,4.0,0.5,0.49,12.5,12.542,12.953,13.496,中煤能源
601898,2026-01-07 00:00:00,2026-01-07,13.09,13.63,13.68,13.08,64136000,858561845.0,4.85,0.63,0.7,13.0,12.632,12.919,13.517166666666666,中煤能源
601898,2026-01-08 00:00:00,2026-01-08,13.71,13.69,13.9,13.47,40913700,558756156.0,0.44,0.06,0.45,13.63,12.834,12.928999999999998,13.548499999999999,中煤能源
601898,2026-01-09 00:00:00,2026-01-09,13.6,13.81,13.98,13.47,28411600,392065395.0,0.88,0.12,0.31,13.69,13.051999999999998,12.948500000000001,13.575333333333333,中煤能源
601898,2026-01-12 00:00:00,2026-01-12,13.66,13.54,13.85,13.42,31346500,424966785.0,-1.96,-0.27,0.34,13.81,13.325999999999999,12.9745,13.602,中煤能源
601898,2026-01-13 00:00:00,2026-01-13,13.53,13.39,13.63,13.32,23824600,320702121.0,-1.11,-0.15,0.26,13.54,13.534,12.997,13.609000000000002,中煤能源
601898,2026-01-14 00:00:00,2026-01-14,13.4,13.16,13.42,13.16,28741200,381719512.0,-1.72,-0.23,0.31,13.39,13.612,13.021,13.6135,中煤能源
601898,2026-01-15 00:00:00,2026-01-15,13.11,13.2,13.37,13.11,16324200,216142243.0,0.3,0.04,0.18,13.16,13.518,13.026499999999999,13.6075,中煤能源
601898,2026-01-16 00:00:00,2026-01-16,13.22,12.81,13.34,12.72,29308900,380184888.0,-2.95,-0.39,0.32,13.2,13.419999999999998,13.0425,13.609000000000002,中煤能源
601898,2026-01-19 00:00:00,2026-01-19,12.82,13.09,13.25,12.76,25134400,328636146.0,2.19,0.28,0.27,12.81,13.219999999999999,13.0375,13.6035,中煤能源
601898,2026-01-20 00:00:00,2026-01-20,13.07,13.34,13.44,12.92,23851900,315542454.0,1.91,0.25,0.26,13.09,13.13,13.0315,13.6,中煤能源
601898,2026-01-21 00:00:00,2026-01-21,13.29,13.13,13.31,13.06,23727600,312148207.0,-1.57,-0.21,0.26,13.34,13.12,13.044,13.601166666666666,中煤能源
601898,2026-01-22 00:00:00,2026-01-22,13.2,13.39,13.54,13.06,38260400,509989528.0,1.98,0.26,0.42,13.13,13.114,13.0505,13.590833333333334,中煤能源
601898,2026-01-23 00:00:00,2026-01-23,13.34,13.06,13.38,13.02,32280100,425007634.0,-2.46,-0.33,0.35,13.39,13.152000000000001,13.0735,13.589,中煤能源
601898,2026-01-26 00:00:00,2026-01-26,13.08,13.48,13.59,12.95,55447600,739943179.0,3.22,0.42,0.61,13.06,13.201999999999998,13.0825,13.576333333333334,中煤能源
601898,2026-01-27 00:00:00,2026-01-27,13.47,13.07,13.68,13.04,40337900,536481075.0,-3.04,-0.41,0.44,13.48,13.280000000000001,13.121500000000001,13.571,中煤能源
601898,2026-01-28 00:00:00,2026-01-28,13.13,13.43,13.7,12.96,81409900,1094474943.0,2.75,0.36,0.89,13.07,13.225999999999999,13.147499999999999,13.5625,中煤能源
601898,2026-01-29 00:00:00,2026-01-29,13.55,13.59,13.9,13.27,63854800,863034303.0,1.19,0.16,0.7,13.43,13.286000000000001,13.187999999999999,13.547666666666666,中煤能源
601898,2026-01-30 00:00:00,2026-01-30,13.6,13.68,14.13,13.41,84063500,1154686714.0,0.66,0.09,0.92,13.59,13.325999999999999,13.2375,13.535,中煤能源
601898,2026-02-02 00:00:00,2026-02-02,13.39,12.67,13.42,12.55,61563500,796372305.0,-7.38,-1.01,0.67,13.68,13.45,13.2995,13.516,中煤能源
601898,2026-02-03 00:00:00,2026-02-03,12.75,12.8,12.96,12.62,31921300,408334748.0,1.03,0.13,0.35,12.67,13.288,13.307999999999998,13.479666666666667,中煤能源
601898,2026-02-04 00:00:00,2026-02-04,12.88,14.08,14.08,12.82,69167100,954753313.0,10.0,1.28,0.76,12.8,13.234,13.297999999999998,13.447333333333335,中煤能源
601898,2026-02-05 00:00:00,2026-02-05,14.08,14.32,14.55,13.98,107639700,1535993613.0,1.7,0.24,1.18,14.08,13.363999999999999,13.320500000000001,13.429666666666668,中煤能源
601898,2026-02-06 00:00:00,2026-02-06,14.06,14.18,14.32,13.76,63311900,889993018.0,-0.98,-0.14,0.69,14.32,13.51,13.352,13.418333333333333,中煤能源
601898,2026-02-09 00:00:00,2026-02-09,13.9,14.06,14.26,13.83,50691400,712532439.0,-0.85,-0.12,0.55,14.18,13.61,13.370500000000002,13.413000000000002,中煤能源
601898,2026-02-10 00:00:00,2026-02-10,14.02,14.36,14.41,13.8,44587000,634489461.0,2.13,0.3,0.49,14.06,13.888,13.3965,13.4025,中煤能源
601898,2026-02-11 00:00:00,2026-02-11,14.17,14.54,14.65,13.88,53061400,759797284.0,1.25,0.18,0.58,14.36,14.2,13.444999999999999,13.404,中煤能源
601898,2026-02-12 00:00:00,2026-02-12,14.45,14.77,15.06,14.35,55614400,819976534.0,1.58,0.23,0.61,14.54,14.292000000000002,13.514,13.402333333333333,中煤能源
601898,2026-02-13 00:00:00,2026-02-13,14.54,14.42,14.73,14.3,39614800,573759645.0,-2.37,-0.35,0.43,14.77,14.382,13.592500000000001,13.4095,中煤能源
601898,2026-02-24 00:00:00,2026-02-24,14.57,14.99,15.2,14.49,47513400,709283617.0,3.95,0.57,0.52,14.42,14.430000000000001,13.672999999999998,13.4025,中煤能源
601898,2026-02-25 00:00:00,2026-02-25,14.91,14.79,15.15,14.65,29604200,440300290.0,-1.33,-0.2,0.32,14.99,14.616,13.768,13.416166666666667,中煤能源
601898,2026-02-26 00:00:00,2026-02-26,14.74,14.58,14.99,14.53,24508300,359402651.0,-1.42,-0.21,0.27,14.79,14.702000000000002,13.8405,13.431000000000001,中煤能源
601898,2026-02-27 00:00:00,2026-02-27,14.6,15.17,15.35,14.53,38336200,576497098.0,4.05,0.59,0.42,14.58,14.709999999999999,13.913,13.444833333333333,中煤能源
601898,2026-03-02 00:00:00,2026-03-02,16.0,16.55,16.69,15.62,120730800,1953409566.0,9.1,1.38,1.32,15.17,14.790000000000001,14.002,13.468166666666667,中煤能源
601898,2026-03-03 00:00:00,2026-03-03,16.57,17.5,18.2,15.99,149119600,2557647261.0,5.74,0.95,1.63,16.55,15.216,14.1765,13.515666666666666,中煤能源
601898,2026-03-04 00:00:00,2026-03-04,17.0,17.2,17.62,16.12,94171500,1589018783.0,-1.71,-0.3,1.03,17.5,15.718,14.377500000000001,13.579333333333333,中煤能源
601898,2026-03-05 00:00:00,2026-03-05,17.03,17.53,17.88,16.62,67880900,1167888480.0,1.92,0.33,0.74,17.2,16.2,14.584,13.640666666666668,中煤能源
688008,2025-09-02 00:00:00,2025-09-02,124.35,115.2,126.98,113.81,70348200,8390027696.0,-7.11,-8.82,6.14,124.02,,,,澜起科技
688008,2025-09-03 00:00:00,2025-09-03,114.16,112.29,115.62,110.78,49835500,5648215323.0,-2.53,-2.91,4.35,115.2,,,,澜起科技
688008,2025-09-04 00:00:00,2025-09-04,112.55,102.65,112.78,100.9,67162800,7112289575.0,-8.58,-9.64,5.86,112.29,,,,澜起科技
688008,2025-09-05 00:00:00,2025-09-05,103.95,108.21,108.56,102.28,50248500,5315320108.0,5.42,5.56,4.39,102.65,,,,澜起科技
688008,2025-09-08 00:00:00,2025-09-08,109.8,109.13,112.39,107.84,45988300,5052386115.0,0.85,0.92,4.02,108.21,112.474,,,澜起科技
688008,2025-09-09 00:00:00,2025-09-09,110.3,107.75,112.3,107.51,40204600,4401854457.0,-1.26,-1.38,3.51,109.13,109.49600000000001,,,澜起科技
688008,2025-09-10 00:00:00,2025-09-10,108.8,113.9,117.34,107.82,58552100,6667367576.0,5.71,6.15,5.11,107.75,108.006,,,澜起科技
688008,2025-09-11 00:00:00,2025-09-11,109.8,117.2,119.07,107.8,78777500,8997684448.0,2.9,3.3,6.88,113.9,108.328,,,澜起科技
688008,2025-09-12 00:00:00,2025-09-12,117.2,118.0,122.69,115.82,66354600,7877920482.0,0.68,0.8,5.79,117.2,111.23799999999999,,,澜起科技
688008,2025-09-15 00:00:00,2025-09-15,120.1,116.96,120.83,116.0,42287500,4986853163.0,-0.88,-1.04,3.69,118.0,113.196,,,澜起科技
688008,2025-09-16 00:00:00,2025-09-16,117.8,120.28,124.35,116.89,54284300,6574364949.0,2.84,3.32,4.74,116.96,114.76199999999999,,,澜起科技
688008,2025-09-17 00:00:00,2025-09-17,119.56,118.91,120.19,115.3,43351300,5121161588.0,-1.14,-1.37,3.79,120.28,117.268,,,澜起科技
688008,2025-09-18 00:00:00,2025-09-18,119.32,118.81,124.35,116.37,62531500,7585970354.0,-0.08,-0.1,5.46,118.91,118.27000000000001,,,澜起科技
688008,2025-09-19 00:00:00,2025-09-19,121.97,120.39,131.34,119.46,75327600,9426904078.0,1.33,1.58,6.58,118.81,118.59200000000001,,,澜起科技
688008,2025-09-22 00:00:00,2025-09-22,119.98,125.09,126.24,119.91,55863900,6942433230.0,3.9,4.7,4.88,120.39,119.07000000000001,,,澜起科技
688008,2025-09-23 00:00:00,2025-09-23,123.85,126.11,127.57,120.37,58699800,7297717212.0,0.82,1.02,5.13,125.09,120.696,,,澜起科技
688008,2025-09-24 00:00:00,2025-09-24,124.8,135.66,139.79,123.8,78177000,10312100711.0,7.57,9.55,6.83,126.11,121.86200000000001,,,澜起科技
688008,2025-09-25 00:00:00,2025-09-25,132.95,136.4,137.0,131.9,44479800,6000713850.0,0.55,0.74,3.88,135.66,125.21199999999999,,,澜起科技
688008,2025-09-26 00:00:00,2025-09-26,135.4,132.9,139.25,132.81,37983300,5178707826.0,-2.57,-3.5,3.32,136.4,128.73,,,澜起科技
688008,2025-09-29 00:00:00,2025-09-29,134.46,143.45,143.68,132.8,50769700,7038909279.0,7.94,10.55,4.43,132.9,131.23200000000003,118.99300000000001,,澜起科技
688008,2025-09-30 00:00:00,2025-09-30,145.6,154.6,157.77,142.3,59384600,9028981402.0,7.77,11.15,5.19,143.45,134.904,119.9645,,澜起科技
688008,2025-10-09 00:00:00,2025-10-09,161.8,156.88,169.7,155.58,75901400,12306816994.0,1.47,2.28,6.63,154.6,140.602,121.9345,,澜起科技
688008,2025-10-10 00:00:00,2025-10-10,153.8,149.86,158.8,148.35,53632200,8189039489.0,-4.47,-7.02,4.68,156.88,144.846,124.16399999999999,,澜起科技
688008,2025-10-13 00:00:00,2025-10-13,140.8,147.85,152.35,140.8,48688100,7213219113.0,-1.34,-2.01,4.25,149.86,147.538,126.52450000000002,,澜起科技
688008,2025-10-14 00:00:00,2025-10-14,151.04,146.8,155.7,143.57,51426900,7689556270.0,-0.71,-1.05,4.49,147.85,150.52799999999996,128.50650000000002,,澜起科技
688008,2025-10-15 00:00:00,2025-10-15,142.91,144.35,144.8,136.18,45865200,6457985399.0,-1.67,-2.45,4.01,146.8,151.198,130.39000000000001,,澜起科技
688008,2025-10-16 00:00:00,2025-10-16,143.3,144.4,150.8,143.0,40264900,5911915893.0,0.03,0.05,3.52,144.35,149.148,132.22,,澜起科技
688008,2025-10-17 00:00:00,2025-10-17,142.95,137.8,145.25,137.61,38201900,5365666868.0,-4.57,-6.6,3.34,144.4,146.652,133.745,,澜起科技
688008,2025-10-20 00:00:00,2025-10-20,141.78,134.95,142.79,133.46,45838700,6315068479.0,-2.07,-2.85,4.0,137.8,144.24,134.775,,澜起科技
688008,2025-10-21 00:00:00,2025-10-21,136.1,138.8,140.24,135.1,35121900,4875734734.0,2.85,3.85,3.07,134.95,141.66000000000003,135.6225,,澜起科技
688008,2025-10-22 00:00:00,2025-10-22,137.5,136.36,137.87,134.7,25102000,3424355151.0,-1.76,-2.44,2.19,138.8,140.06,136.7145,,澜起科技
688008,2025-10-23 00:00:00,2025-10-23,135.88,136.42,137.2,132.33,22303900,3004703089.0,0.04,0.06,1.95,136.36,138.462,137.5185,,澜起科技
688008,2025-10-24 00:00:00,2025-10-24,139.39,146.05,146.19,139.3,49097800,7076979205.0,7.06,9.63,4.29,136.42,136.866,138.394,,澜起科技
688008,2025-10-27 00:00:00,2025-10-27,153.0,151.01,153.46,146.11,54398500,8145484175.0,3.4,4.96,4.75,146.05,138.516,139.756,,澜起科技
688008,2025-10-28 00:00:00,2025-10-28,147.5,149.36,152.09,146.99,34833900,5205905760.0,-1.09,-1.65,3.04,151.01,141.728,141.287,,澜起科技
688008,2025-10-29 00:00:00,2025-10-29,149.0,153.3,155.5,149.0,32729900,4988411386.0,2.64,3.94,2.86,149.36,143.83999999999997,142.50050000000002,,澜起科技
688008,2025-10-30 00:00:00,2025-10-30,155.0,152.0,158.88,151.21,43691200,6756662788.0,-0.85,-1.3,3.82,153.3,147.228,143.85999999999999,,澜起科技
688008,2025-10-31 00:00:00,2025-10-31,148.01,136.3,149.0,136.3,70786100,9928715900.0,-10.33,-15.7,6.18,152.0,150.344,144.677,,澜起科技
688008,2025-11-03 00:00:00,2025-11-03,134.0,133.13,135.26,128.03,47736500,6257947515.0,-2.33,-3.17,4.17,136.3,148.394,144.672,,澜起科技
688008,2025-11-04 00:00:00,2025-11-04,134.8,130.07,134.88,128.88,32812500,4317429028.0,-2.3,-3.06,2.87,133.13,144.818,144.6835,,澜起科技
688008,2025-11-05 00:00:00,2025-11-05,125.2,128.91,129.58,125.16,28966300,3685197269.0,-0.89,-1.16,2.53,130.07,140.96,144.0145,,澜起科技
688008,2025-11-06 00:00:00,2025-11-06,130.58,132.31,133.41,128.96,38545500,5066112411.0,2.64,3.4,3.37,128.91,136.082,142.73000000000002,,澜起科技
688008,2025-11-07 00:00:00,2025-11-07,130.0,130.08,132.88,129.08,25636200,3353290907.0,-1.69,-2.23,2.24,132.31,132.144,141.50150000000002,,澜起科技
688008,2025-11-10 00:00:00,2025-11-10,132.01,127.8,132.82,125.0,31798800,4071395446.0,-1.75,-2.28,2.78,130.08,130.9,140.5125,,澜起科技
688008,2025-11-11 00:00:00,2025-11-11,129.29,127.14,131.0,126.8,24086300,3104258517.0,-0.52,-0.66,2.1,127.8,129.834,139.51000000000002,,澜起科技
688008,2025-11-12 00:00:00,2025-11-12,125.2,124.68,127.5,122.7,27774700,3459722133.0,-1.93,-2.46,2.43,127.14,129.248,138.527,,澜起科技
688008,2025-11-13 00:00:00,2025-11-13,124.0,127.8,130.27,123.8,30793200,3945799723.0,2.5,3.12,2.69,124.68,128.402,137.5435,,澜起科技
688008,2025-11-14 00:00:00,2025-11-14,124.0,121.17,124.24,121.17,29483800,3613577351.0,-5.19,-6.63,2.57,127.8,127.5,136.7135,,澜起科技
688008,2025-11-17 00:00:00,2025-11-17,121.28,121.2,123.8,120.07,20181900,2454629886.0,0.02,0.03,1.76,121.17,125.71799999999999,135.882,,澜起科技
688008,2025-11-18 00:00:00,2025-11-18,120.8,120.9,122.88,119.78,22624800,2740616115.0,-0.25,-0.3,1.98,121.2,124.398,135.1945,,澜起科技
688008,2025-11-19 00:00:00,2025-11-19,120.1,119.4,122.07,118.68,17231700,2068680523.0,-1.24,-1.5,1.5,120.9,123.15,134.29950000000002,,澜起科技
688008,2025-11-20 00:00:00,2025-11-20,122.36,118.02,122.8,117.88,17885200,2138178618.0,-1.16,-1.38,1.56,119.4,122.09400000000001,133.4515,,澜起科技
688008,2025-11-21 00:00:00,2025-11-21,114.88,113.9,117.0,113.7,23934500,2757308507.0,-3.49,-4.12,2.09,118.02,120.138,132.5315,,澜起科技
688008,2025-11-24 00:00:00,2025-11-24,115.67,113.9,115.95,112.0,19742500,2249464316.0,0.0,0.0,1.72,113.9,118.68400000000001,130.92400000000004,,澜起科技
688008,2025-11-25 00:00:00,2025-11-25,116.6,116.29,118.77,115.72,26293800,3075887228.0,2.1,2.39,2.3,113.9,117.224,129.0685,,澜起科技
688008,2025-11-26 00:00:00,2025-11-26,115.08,117.11,119.24,114.45,22175500,2605052139.0,0.71,0.82,1.94,116.29,116.30199999999999,127.41499999999999,,澜起科技
688008,2025-11-27 00:00:00,2025-11-27,118.2,117.4,122.22,117.02,30073100,3601089382.0,0.25,0.29,2.63,117.11,115.84400000000001,125.6055,,澜起科技
688008,2025-11-28 00:00:00,2025-11-28,117.58,118.5,119.22,116.86,18261800,2156907673.0,0.94,1.1,1.59,117.4,115.72,123.87550000000002,,澜起科技
688008,2025-12-01 00:00:00,2025-12-01,120.0,120.45,121.1,116.97,24695300,2952408801.0,1.65,1.95,2.16,118.5,116.64000000000001,122.9855,,澜起科技
688008,2025-12-02 00:00:00,2025-12-02,120.06,118.16,120.26,117.54,16743600,1986826731.0,-1.9,-2.29,1.46,120.45,117.95,122.35149999999999,128.67600000000002,澜起科技
688008,2025-12-03 00:00:00,2025-12-03,118.72,118.1,120.28,117.9,15807800,1879712163.0,-0.05,-0.06,1.38,118.16,118.324,121.75600000000001,128.57833333333332,澜起科技
688008,2025-12-04 00:00:00,2025-12-04,117.55,119.7,120.33,116.85,16556500,1968861996.0,1.35,1.6,1.45,118.1,118.522,121.21549999999999,128.62666666666667,澜起科技
688008,2025-12-05 00:00:00,2025-12-05,119.5,119.23,120.22,117.7,18551200,2208461366.0,-0.39,-0.47,1.62,119.7,118.98200000000001,120.585,128.75016666666667,澜起科技
688008,2025-12-08 00:00:00,2025-12-08,120.0,123.11,124.77,119.25,29944600,3675936356.0,3.25,3.88,2.61,119.23,119.128,120.04249999999999,129.0265,澜起科技
688008,2025-12-09 00:00:00,2025-12-09,123.13,123.1,124.5,122.03,22938000,2825894249.0,-0.01,-0.01,2.0,123.11,119.66,119.80799999999999,129.27483333333333,澜起科技
688008,2025-12-10 00:00:00,2025-12-10,122.3,120.51,122.36,117.83,28483900,3394900658.0,-2.1,-2.59,2.49,123.1,120.648,119.606,129.50766666666667,澜起科技
688008,2025-12-11 00:00:00,2025-12-11,123.82,119.39,126.45,119.28,38433400,4724702542.0,-0.93,-1.12,3.36,120.51,121.13,119.39750000000001,129.72033333333334,澜起科技
688008,2025-12-12 00:00:00,2025-12-12,118.88,120.4,121.5,117.72,38700500,4636449696.0,0.85,1.01,3.38,119.39,121.06800000000001,118.977,129.81183333333334,澜起科技
688008,2025-12-15 00:00:00,2025-12-15,117.97,115.14,118.87,114.82,30534300,3558366587.0,-4.37,-5.26,2.67,120.4,121.30199999999999,118.9385,129.86516666666665,澜起科技
688008,2025-12-16 00:00:00,2025-12-16,114.5,113.57,115.84,112.62,21508400,2453623052.0,-1.36,-1.57,1.88,115.14,119.708,118.63550000000001,129.8175,澜起科技
688008,2025-12-17 00:00:00,2025-12-17,114.1,117.3,117.59,112.81,22516800,2600876285.0,3.28,3.73,1.97,113.57,117.80199999999999,118.269,129.761,澜起科技
688008,2025-12-18 00:00:00,2025-12-18,116.37,116.77,119.48,115.88,20148000,2369083916.0,-0.45,-0.53,1.76,117.3,117.16,118.16399999999999,129.71133333333333,澜起科技
688008,2025-12-19 00:00:00,2025-12-19,119.0,117.58,119.8,116.87,21788600,2578921823.0,0.69,0.81,1.9,116.77,116.63600000000001,118.10149999999999,129.67566666666667,澜起科技
688008,2025-12-22 00:00:00,2025-12-22,118.52,120.4,121.17,118.14,24113000,2896335090.0,2.4,2.82,2.1,117.58,116.072,118.2855,129.65516666666664,澜起科技
688008,2025-12-23 00:00:00,2025-12-23,120.71,121.0,122.15,119.8,21417800,2591075075.0,0.5,0.6,1.87,120.4,117.124,118.6105,129.65533333333335,澜起科技
688008,2025-12-24 00:00:00,2025-12-24,120.5,121.8,122.36,119.91,20915100,2533918138.0,0.66,0.8,1.82,121.0,118.60999999999999,118.846,129.58716666666666,澜起科技
688008,2025-12-25 00:00:00,2025-12-25,122.0,121.3,123.24,120.32,18586600,2257158472.0,-0.41,-0.5,1.62,121.8,119.50999999999999,119.0805,129.51533333333333,澜起科技
688008,2025-12-26 00:00:00,2025-12-26,120.44,120.88,122.74,119.7,18911600,2291736955.0,-0.35,-0.42,1.65,121.3,120.41600000000001,119.2755,129.27599999999998,澜起科技
688008,2025-12-29 00:00:00,2025-12-29,120.88,119.12,122.59,118.66,23769900,2860079560.0,-1.46,-1.76,2.07,120.88,121.076,119.3945,129.01733333333334,澜起科技
688008,2025-12-30 00:00:00,2025-12-30,118.98,119.91,122.44,118.5,26526900,3195267437.0,0.66,0.79,2.31,119.12,120.82000000000001,119.328,128.78766666666667,澜起科技
688008,2025-12-31 00:00:00,2025-12-31,121.0,117.8,121.1,117.72,19750100,2347258375.0,-1.76,-2.11,1.72,119.91,120.602,119.4155,128.39533333333333,澜起科技
688008,2026-01-05 00:00:00,2026-01-05,119.5,127.75,129.25,119.5,53378000,6697219456.0,8.45,9.95,4.66,117.8,119.80199999999999,119.4005,127.782,澜起科技
688008,2026-01-06 00:00:00,2026-01-06,129.0,133.52,135.63,127.05,53490600,7068415855.0,4.52,5.77,4.67,127.75,121.09200000000001,119.803,127.2965,澜起科技
688008,2026-01-07 00:00:00,2026-01-07,141.0,135.7,143.29,133.1,62126600,8527476023.0,1.63,2.18,5.42,133.52,123.62,120.5175,127.02416666666667,澜起科技
688008,2026-01-08 00:00:00,2026-01-08,134.5,132.08,135.88,131.5,40331900,5373015630.0,-2.67,-3.62,3.52,135.7,126.936,121.147,126.82166666666667,澜起科技
688008,2026-01-09 00:00:00,2026-01-09,131.0,132.38,133.77,129.26,35701600,4697780145.0,0.23,0.3,3.11,132.08,129.36999999999998,121.596,126.57633333333334,澜起科技
688008,2026-01-12 00:00:00,2026-01-12,134.16,132.24,134.98,130.61,41204300,5457945577.0,-0.11,-0.14,3.59,132.38,132.286,122.1895,126.37683333333334,澜起科技
688008,2026-01-13 00:00:00,2026-01-13,132.24,129.5,134.07,128.5,36346000,4755801760.0,-2.07,-2.74,3.17,132.24,133.184,122.832,126.17416666666666,澜起科技
688008,2026-01-14 00:00:00,2026-01-14,131.99,132.45,135.85,130.19,52352200,6980979874.0,2.28,2.95,4.57,129.5,132.38,123.28699999999999,126.03583333333333,澜起科技
688008,2026-01-15 00:00:00,2026-01-15,132.8,135.2,137.08,132.4,48006500,6470337082.0,2.08,2.75,4.19,132.45,131.73000000000002,124.1525,125.99416666666666,澜起科技
688008,2026-01-16 00:00:00,2026-01-16,138.1,142.59,144.0,136.0,64618800,9066637555.0,5.47,7.39,5.64,135.2,132.35399999999998,125.234,125.93416666666666,澜起科技
688008,2026-01-19 00:00:00,2026-01-19,141.5,138.9,142.0,137.1,52044900,7229000807.0,-2.59,-3.69,4.54,142.59,134.39600000000002,126.4985,126.038,澜起科技
688008,2026-01-20 00:00:00,2026-01-20,137.95,143.0,147.0,137.5,62402500,8965934253.0,2.95,4.1,5.44,138.9,135.728,127.60499999999999,126.07933333333334,澜起科技
688008,2026-01-21 00:00:00,2026-01-21,144.0,160.02,163.2,143.7,90353400,14053821104.0,11.9,17.02,7.88,143.0,138.428,128.876,126.0285,澜起科技
688008,2026-01-22 00:00:00,2026-01-22,172.87,167.9,181.8,164.11,114081900,19457143659.0,4.92,7.88,9.95,160.02,143.942,130.85700000000003,126.17866666666667,澜起科技
688008,2026-01-23 00:00:00,2026-01-23,163.2,160.02,170.47,158.01,74383600,12036487451.0,-4.69,-7.88,6.49,167.9,150.48200000000003,133.202,126.48766666666667,澜起科技
688008,2026-01-26 00:00:00,2026-01-26,158.19,164.11,169.34,158.19,68082100,11289036898.0,2.56,4.09,5.94,160.02,153.96800000000002,135.113,126.59966666666666,澜起科技
688008,2026-01-27 00:00:00,2026-01-27,162.13,169.02,170.48,155.6,66149000,10860031421.0,2.99,4.91,5.77,164.11,159.01000000000002,137.2535,126.8015,澜起科技
688008,2026-01-28 00:00:00,2026-01-28,171.0,173.26,176.18,168.88,64992000,11220605164.0,2.51,4.24,5.67,169.02,164.214,139.6605,127.34683333333334,澜起科技
688008,2026-01-29 00:00:00,2026-01-29,175.6,162.18,176.0,162.12,60253800,10043739113.0,-6.4,-11.08,5.26,173.26,166.862,142.3675,128.01566666666668,澜起科技
688008,2026-01-30 00:00:00,2026-01-30,160.48,181.85,185.88,160.2,91432100,15888889058.0,12.13,19.67,7.98,162.18,165.71800000000002,144.481,128.55083333333334,澜起科技
688008,2026-02-02 00:00:00,2026-02-02,181.0,177.93,188.88,176.39,75981900,13766339252.0,-2.16,-3.92,6.63,181.85,170.084,147.6835,129.43316666666666,澜起科技
688008,2026-02-03 00:00:00,2026-02-03,184.79,182.03,188.79,175.0,68419600,12463547881.0,2.3,4.1,5.97,177.93,172.848,150.19250000000002,130.1935,澜起科技
688008,2026-02-04 00:00:00,2026-02-04,175.6,170.9,175.69,164.11,56740400,9577099946.0,-6.11,-11.13,4.95,182.03,175.45,152.618,131.05933333333334,澜起科技
688008,2026-02-05 00:00:00,2026-02-05,161.88,168.15,170.65,161.5,32465200,5433114062.0,-1.61,-2.75,2.83,170.9,174.978,154.378,131.77766666666668,澜起科技
688008,2026-02-06 00:00:00,2026-02-06,165.0,163.54,166.96,162.8,31515200,5193818869.0,-2.74,-4.61,2.75,168.15,176.172,156.1815,132.46116666666666,澜起科技
688008,2026-02-09 00:00:00,2026-02-09,170.88,173.45,173.8,165.87,42330200,7195903953.0,6.06,9.91,3.69,163.54,172.51,157.7395,133.10883333333334,澜起科技
688008,2026-02-10 00:00:00,2026-02-10,172.5,177.5,180.0,172.11,38977600,6880679822.0,2.33,4.05,3.4,173.45,171.61399999999998,159.8,133.86966666666666,澜起科技
688008,2026-02-11 00:00:00,2026-02-11,174.9,169.9,174.9,168.52,28569400,4884135853.0,-4.28,-7.6,2.49,177.5,170.708,162.2,134.8085,澜起科技
688008,2026-02-12 00:00:00,2026-02-12,171.68,168.11,174.9,165.0,40102600,6717266030.0,-1.05,-1.79,3.5,169.9,170.50799999999998,164.0725,135.62016666666668,澜起科技
688008,2026-02-13 00:00:00,2026-02-13,166.8,164.6,171.1,164.23,29260100,4875817521.0,-2.09,-3.51,2.55,168.11,170.5,165.71800000000002,136.407,澜起科技
688008,2026-02-24 00:00:00,2026-02-24,169.99,174.61,177.64,167.03,40382600,6969692576.0,6.08,10.01,3.52,164.6,170.712,166.8185,137.16033333333334,澜起科技
688008,2026-02-25 00:00:00,2026-02-25,174.62,167.74,174.63,165.61,35992100,6047307975.0,-3.93,-6.87,3.14,174.61,170.94400000000002,168.604,138.1035,澜起科技
688008,2026-02-26 00:00:00,2026-02-26,167.9,165.12,168.88,163.88,34361600,5689131101.0,-1.56,-2.62,3.0,167.74,168.99200000000002,169.841,139.00083333333336,澜起科技
688008,2026-02-27 00:00:00,2026-02-27,162.5,163.55,165.68,161.56,25820800,4204995601.0,-0.95,-1.57,2.25,165.12,168.036,170.096,139.8545,澜起科技
688008,2026-03-02 00:00:00,2026-03-02,159.03,159.44,164.56,158.26,31212400,5021299240.0,-2.51,-4.11,2.72,163.55,167.124,169.8785,140.64216666666667,澜起科技
688008,2026-03-03 00:00:00,2026-03-03,160.06,147.89,160.96,147.67,52209000,7929787641.0,-7.24,-11.55,4.55,159.44,166.092,169.8495,141.34766666666664,澜起科技
688008,2026-03-04 00:00:00,2026-03-04,147.0,150.31,154.84,147.0,40725100,6178671223.0,1.64,2.42,3.55,147.89,160.748,169.0385,141.85583333333335,澜起科技
688008,2026-03-05 00:00:00,2026-03-05,156.51,152.63,156.83,151.11,30201900,4637827383.0,1.54,2.32,2.63,150.31,157.262,168.103,142.386,澜起科技
688009,2025-09-02 00:00:00,2025-09-02,5.59,5.51,5.59,5.47,45026300,248584387.0,-1.08,-0.06,0.52,5.57,,,,中国通号
688009,2025-09-03 00:00:00,2025-09-03,5.53,5.44,5.54,5.4,41280000,225100251.0,-1.27,-0.07,0.48,5.51,,,,中国通号
688009,2025-09-04 00:00:00,2025-09-04,5.41,5.31,5.42,5.26,51042100,272301168.0,-2.39,-0.13,0.59,5.44,,,,中国通号
688009,2025-09-05 00:00:00,2025-09-05,5.32,5.32,5.34,5.27,41616300,220709889.0,0.19,0.01,0.48,5.31,,,,中国通号
688009,2025-09-08 00:00:00,2025-09-08,5.33,5.35,5.35,5.28,42611200,226589107.0,0.56,0.03,0.49,5.32,5.43,,,中国通号
688009,2025-09-09 00:00:00,2025-09-09,5.35,5.31,5.36,5.27,32340000,171512596.0,-0.75,-0.04,0.38,5.35,5.386,,,中国通号
688009,2025-09-10 00:00:00,2025-09-10,5.3,5.28,5.33,5.28,24537500,130021803.0,-0.56,-0.03,0.28,5.31,5.346,,,中国通号
688009,2025-09-11 00:00:00,2025-09-11,5.29,5.37,5.38,5.26,40654100,216375658.0,1.7,0.09,0.47,5.28,5.314,,,中国通号
688009,2025-09-12 00:00:00,2025-09-12,5.36,5.35,5.39,5.34,40963800,219721541.0,-0.37,-0.02,0.48,5.37,5.326,,,中国通号
688009,2025-09-15 00:00:00,2025-09-15,5.37,5.36,5.44,5.34,40564400,217873617.0,0.19,0.01,0.47,5.35,5.332,,,中国通号
688009,2025-09-16 00:00:00,2025-09-16,5.37,5.32,5.37,5.29,31311000,166571294.0,-0.75,-0.04,0.36,5.36,5.3340000000000005,,,中国通号
688009,2025-09-17 00:00:00,2025-09-17,5.31,5.37,5.39,5.3,33417300,178887652.0,0.94,0.05,0.39,5.32,5.336,,,中国通号
688009,2025-09-18 00:00:00,2025-09-18,5.37,5.29,5.4,5.28,48242800,257969044.0,-1.49,-0.08,0.56,5.37,5.354,,,中国通号
688009,2025-09-19 00:00:00,2025-09-19,5.31,5.33,5.33,5.28,31931200,169325791.0,0.76,0.04,0.37,5.29,5.337999999999999,,,中国通号
688009,2025-09-22 00:00:00,2025-09-22,5.32,5.26,5.33,5.23,32729700,172262068.0,-1.31,-0.07,0.38,5.33,5.3340000000000005,,,中国通号
688009,2025-09-23 00:00:00,2025-09-23,5.26,5.28,5.28,5.15,43059600,224311293.0,0.38,0.02,0.5,5.26,5.314,,,中国通号
688009,2025-09-24 00:00:00,2025-09-24,5.25,5.33,5.34,5.24,37459800,198659905.0,0.95,0.05,0.43,5.28,5.306,,,中国通号
688009,2025-09-25 00:00:00,2025-09-25,5.34,5.27,5.35,5.26,30418100,161184910.0,-1.13,-0.06,0.35,5.33,5.298,,,中国通号
688009,2025-09-26 00:00:00,2025-09-26,5.28,5.32,5.36,5.24,35572000,189263238.0,0.95,0.05,0.41,5.27,5.2940000000000005,,,中国通号
688009,2025-09-29 00:00:00,2025-09-29,5.31,5.33,5.35,5.27,29534300,156652492.0,0.19,0.01,0.34,5.32,5.292,5.3469999999999995,,中国通号
688009,2025-09-30 00:00:00,2025-09-30,5.32,5.38,5.39,5.32,33595600,180078951.0,0.94,0.05,0.39,5.33,5.306,5.335,,中国通号
688009,2025-10-09 00:00:00,2025-10-09,5.4,5.47,5.48,5.36,47472800,258069290.0,1.67,0.09,0.55,5.38,5.3260000000000005,5.3285,,中国通号
688009,2025-10-10 00:00:00,2025-10-10,5.44,5.48,5.52,5.43,40847600,223932977.0,0.18,0.01,0.47,5.47,5.354,5.33,,中国通号
688009,2025-10-13 00:00:00,2025-10-13,5.38,5.46,5.48,5.36,44175300,238904391.0,-0.36,-0.02,0.51,5.48,5.396,5.3385,,中国通号
688009,2025-10-14 00:00:00,2025-10-14,5.48,5.47,5.55,5.44,47681700,262346693.0,0.18,0.01,0.55,5.46,5.4239999999999995,5.3454999999999995,,中国通号
688009,2025-10-15 00:00:00,2025-10-15,5.49,5.46,5.51,5.39,38630300,210301550.0,-0.18,-0.01,0.45,5.47,5.452,5.3515,,中国通号
688009,2025-10-16 00:00:00,2025-10-16,5.45,5.42,5.46,5.41,29896800,162323172.0,-0.73,-0.04,0.35,5.46,5.468000000000001,5.359,,中国通号
688009,2025-10-17 00:00:00,2025-10-17,5.42,5.29,5.45,5.27,37560600,200638245.0,-2.4,-0.13,0.44,5.42,5.458,5.366,,中国通号
688009,2025-10-20 00:00:00,2025-10-20,5.31,5.29,5.34,5.27,33442900,176905234.0,0.0,0.0,0.39,5.29,5.42,5.362,,中国通号
688009,2025-10-21 00:00:00,2025-10-21,5.32,5.42,5.43,5.29,45524600,244807688.0,2.46,0.13,0.53,5.29,5.386,5.359,,中国通号
688009,2025-10-22 00:00:00,2025-10-22,5.42,5.39,5.45,5.38,26824800,145065209.0,-0.55,-0.03,0.31,5.42,5.3759999999999994,5.362,,中国通号
688009,2025-10-23 00:00:00,2025-10-23,5.39,5.38,5.39,5.33,22362300,119796366.0,-0.19,-0.01,0.26,5.39,5.362,5.3655,,中国通号
688009,2025-10-24 00:00:00,2025-10-24,5.4,5.38,5.42,5.36,21781500,117339477.0,0.0,0.0,0.25,5.38,5.354,5.366,,中国通号
688009,2025-10-27 00:00:00,2025-10-27,5.4,5.49,5.52,5.39,47670300,260750176.0,2.04,0.11,0.55,5.38,5.372,5.3705,,中国通号
688009,2025-10-28 00:00:00,2025-10-28,5.47,5.46,5.51,5.44,32637100,178531452.0,-0.55,-0.03,0.38,5.49,5.412000000000001,5.3785,,中国通号
688009,2025-10-29 00:00:00,2025-10-29,5.44,5.42,5.45,5.37,28176800,152423833.0,-0.73,-0.04,0.33,5.46,5.42,5.3885000000000005,,中国通号
688009,2025-10-30 00:00:00,2025-10-30,5.42,5.39,5.46,5.39,30600800,165976506.0,-0.55,-0.03,0.35,5.42,5.426,5.3955,,中国通号
688009,2025-10-31 00:00:00,2025-10-31,5.39,5.31,5.41,5.3,53569600,285911931.0,-1.48,-0.08,0.62,5.39,5.428,5.3985,,中国通号
688009,2025-11-03 00:00:00,2025-11-03,5.31,5.32,5.33,5.28,28057200,148799320.0,0.19,0.01,0.33,5.31,5.414,5.400499999999999,,中国通号
688009,2025-11-04 00:00:00,2025-11-04,5.33,5.31,5.35,5.29,23359200,124128598.0,-0.19,-0.01,0.27,5.32,5.38,5.4005,,中国通号
688009,2025-11-05 00:00:00,2025-11-05,5.29,5.32,5.34,5.28,21236000,112769822.0,0.19,0.01,0.25,5.31,5.35,5.399500000000001,,中国通号
688009,2025-11-06 00:00:00,2025-11-06,5.33,5.35,5.4,5.31,31905900,171180054.0,0.56,0.03,0.37,5.32,5.33,5.3965,,中国通号
688009,2025-11-07 00:00:00,2025-11-07,5.35,5.38,5.4,5.33,24311900,130579473.0,0.56,0.03,0.28,5.35,5.322,5.390499999999999,,中国通号
688009,2025-11-10 00:00:00,2025-11-10,5.4,5.5,5.5,5.37,39002500,212336849.0,2.23,0.12,0.45,5.38,5.336,5.3855,,中国通号
688009,2025-11-11 00:00:00,2025-11-11,5.5,5.48,5.51,5.47,29986100,164470223.0,-0.36,-0.02,0.35,5.5,5.372,5.3875,,中国通号
688009,2025-11-12 00:00:00,2025-11-12,5.5,5.45,5.53,5.43,27273100,149393246.0,-0.55,-0.03,0.32,5.48,5.406000000000001,5.388,,中国通号
688009,2025-11-13 00:00:00,2025-11-13,5.47,5.46,5.48,5.43,22677400,123768424.0,0.18,0.01,0.26,5.45,5.432,5.3875,,中国通号
688009,2025-11-14 00:00:00,2025-11-14,5.46,5.45,5.51,5.45,25477200,139649876.0,-0.18,-0.01,0.3,5.46,5.454,5.3895,,中国通号
688009,2025-11-17 00:00:00,2025-11-17,5.45,5.33,5.46,5.31,44412900,237765309.0,-2.2,-0.12,0.52,5.45,5.468,5.3975,,中国通号
688009,2025-11-18 00:00:00,2025-11-18,5.32,5.3,5.34,5.29,24931400,132362351.0,-0.56,-0.03,0.29,5.33,5.434,5.399500000000001,,中国通号
688009,2025-11-19 00:00:00,2025-11-19,5.31,5.3,5.32,5.29,19284700,102283117.0,0.0,0.0,0.22,5.3,5.398000000000001,5.3935,,中国通号
688009,2025-11-20 00:00:00,2025-11-20,5.32,5.32,5.36,5.3,23995600,127838235.0,0.38,0.02,0.28,5.3,5.368,5.389,,中国通号
688009,2025-11-21 00:00:00,2025-11-21,5.32,5.24,5.32,5.23,36568600,192481450.0,-1.5,-0.08,0.42,5.32,5.34,5.386000000000001,,中国通号
688009,2025-11-24 00:00:00,2025-11-24,5.25,5.2,5.26,5.18,35456000,184699041.0,-0.76,-0.04,0.41,5.24,5.298,5.379,,中国通号
688009,2025-11-25 00:00:00,2025-11-25,5.21,5.18,5.22,5.17,27129100,140904499.0,-0.38,-0.02,0.31,5.2,5.272,5.3645000000000005,,中国通号
688009,2025-11-26 00:00:00,2025-11-26,5.2,5.17,5.21,5.17,19324500,100163089.0,-0.19,-0.01,0.22,5.18,5.248,5.350499999999999,,中国通号
688009,2025-11-27 00:00:00,2025-11-27,5.18,5.17,5.19,5.16,18726900,96893138.0,0.0,0.0,0.22,5.17,5.2219999999999995,5.338,,中国通号
688009,2025-11-28 00:00:00,2025-11-28,5.18,5.2,5.21,5.15,18954100,98237146.0,0.58,0.03,0.22,5.17,5.192,5.327,,中国通号
688009,2025-12-01 00:00:00,2025-12-01,5.2,5.23,5.25,5.19,26256700,137252936.0,0.58,0.03,0.3,5.2,5.183999999999999,5.3215,,中国通号
688009,2025-12-02 00:00:00,2025-12-02,5.24,5.24,5.26,5.21,21924900,114888160.0,0.19,0.01,0.25,5.23,5.1899999999999995,5.317,5.354833333333334,中国通号
688009,2025-12-03 00:00:00,2025-12-03,5.24,5.26,5.27,5.22,17537000,92061494.0,0.38,0.02,0.2,5.24,5.202,5.3134999999999994,5.349333333333333,中国通号
688009,2025-12-04 00:00:00,2025-12-04,5.26,5.25,5.28,5.23,16967100,89144713.0,-0.19,-0.01,0.2,5.26,5.220000000000001,5.3105,5.3451666666666675,中国通号
688009,2025-12-05 00:00:00,2025-12-05,5.25,5.3,5.31,5.23,24907500,131329472.0,0.95,0.05,0.29,5.25,5.236,5.3055,5.3420000000000005,中国通号
688009,2025-12-08 00:00:00,2025-12-08,5.29,5.27,5.32,5.27,21418300,113474249.0,-0.57,-0.03,0.25,5.3,5.256,5.3015,5.341833333333333,中国通号
688009,2025-12-09 00:00:00,2025-12-09,5.28,5.24,5.3,5.23,17777800,93474601.0,-0.57,-0.03,0.21,5.27,5.264,5.29,5.341,中国通号
688009,2025-12-10 00:00:00,2025-12-10,5.25,5.32,5.33,5.23,27793700,147023770.0,1.53,0.08,0.32,5.24,5.264,5.278,5.339166666666667,中国通号
688009,2025-12-11 00:00:00,2025-12-11,5.33,5.35,5.4,5.3,44988400,241019419.0,0.56,0.03,0.52,5.32,5.276000000000001,5.2715000000000005,5.339333333333333,中国通号
688009,2025-12-12 00:00:00,2025-12-12,5.35,5.43,5.46,5.33,68605800,371443895.0,1.5,0.08,0.8,5.35,5.296,5.266,5.3405000000000005,中国通号
688009,2025-12-15 00:00:00,2025-12-15,5.44,5.49,5.51,5.42,49374300,270526238.0,1.1,0.06,0.57,5.43,5.322,5.265,5.3415,中国通号
688009,2025-12-16 00:00:00,2025-12-16,5.5,5.42,5.51,5.41,37388800,203737080.0,-1.28,-0.07,0.43,5.49,5.366,5.273,5.343833333333333,中国通号
688009,2025-12-17 00:00:00,2025-12-17,5.41,5.42,5.43,5.33,32091000,172964298.0,0.0,0.0,0.37,5.42,5.401999999999999,5.279,5.344833333333333,中国通号
688009,2025-12-18 00:00:00,2025-12-18,5.39,5.43,5.46,5.37,26545600,143768057.0,0.18,0.01,0.31,5.42,5.422,5.285,5.3465,中国通号
688009,2025-12-19 00:00:00,2025-12-19,5.44,5.48,5.52,5.43,27014300,148103097.0,0.92,0.05,0.31,5.43,5.438,5.2905,5.347499999999999,中国通号
688009,2025-12-22 00:00:00,2025-12-22,5.49,5.44,5.5,5.42,28061000,153102115.0,-0.73,-0.04,0.33,5.48,5.448,5.3025,5.350666666666667,中国通号
688009,2025-12-23 00:00:00,2025-12-23,5.43,5.44,5.5,5.41,23586500,128599639.0,0.0,0.0,0.27,5.44,5.438,5.3145,5.3525,中国通号
688009,2025-12-24 00:00:00,2025-12-24,5.43,5.48,5.49,5.41,21380000,116709710.0,0.74,0.04,0.25,5.44,5.442,5.327500000000001,5.3555,中国通号
688009,2025-12-25 00:00:00,2025-12-25,5.47,5.5,5.54,5.46,25765600,142045869.0,0.36,0.02,0.3,5.48,5.454,5.343,5.358833333333334,中国通号
688009,2025-12-26 00:00:00,2025-12-26,5.5,5.48,5.53,5.46,23444000,128926233.0,-0.36,-0.02,0.27,5.5,5.468000000000001,5.3595,5.361666666666666,中国通号
688009,2025-12-29 00:00:00,2025-12-29,5.48,5.49,5.52,5.42,29805800,163325018.0,0.18,0.01,0.35,5.48,5.468,5.3735,5.365166666666666,中国通号
688009,2025-12-30 00:00:00,2025-12-30,5.48,5.43,5.49,5.42,23214000,126362264.0,-1.09,-0.06,0.27,5.49,5.478,5.3865,5.367999999999999,中国通号
688009,2025-12-31 00:00:00,2025-12-31,5.42,5.47,5.5,5.42,21421000,117248821.0,0.74,0.04,0.25,5.43,5.476000000000001,5.396,5.369666666666666,中国通号
688009,2026-01-05 00:00:00,2026-01-05,5.48,5.51,5.52,5.45,32785400,180098155.0,0.73,0.04,0.38,5.47,5.474,5.406499999999999,5.371166666666667,中国通号
688009,2026-01-06 00:00:00,2026-01-06,5.51,5.57,5.58,5.51,36466800,202543481.0,1.09,0.06,0.42,5.51,5.476,5.4195,5.371833333333333,中国通号
688009,2026-01-07 00:00:00,2026-01-07,5.55,5.55,5.57,5.52,35216400,195371010.0,-0.36,-0.02,0.41,5.57,5.494,5.433,5.373333333333333,中国通号
688009,2026-01-08 00:00:00,2026-01-08,5.55,5.58,5.6,5.54,35350800,197049922.0,0.54,0.03,0.41,5.55,5.505999999999999,5.447,5.374833333333333,中国通号
688009,2026-01-09 00:00:00,2026-01-09,5.6,5.56,5.64,5.54,34484700,192742378.0,-0.36,-0.02,0.4,5.58,5.536,5.464,5.376666666666667,中国通号
688009,2026-01-12 00:00:00,2026-01-12,5.57,5.68,5.68,5.55,45118600,254017226.0,2.16,0.12,0.52,5.56,5.554,5.476,5.378333333333333,中国通号
688009,2026-01-13 00:00:00,2026-01-13,5.68,5.57,5.69,5.55,37284000,208994515.0,-1.94,-0.11,0.43,5.68,5.588,5.492500000000001,5.382666666666666,中国通号
688009,2026-01-14 00:00:00,2026-01-14,5.59,5.49,5.61,5.47,54393100,301439114.0,-1.44,-0.08,0.63,5.57,5.588,5.499499999999999,5.387333333333333,中国通号
688009,2026-01-15 00:00:00,2026-01-15,5.48,5.39,5.5,5.37,48998200,265981049.0,-1.82,-0.1,0.57,5.49,5.576,5.4995,5.390666666666666,中国通号
688009,2026-01-16 00:00:00,2026-01-16,5.42,5.35,5.46,5.32,54781900,294720333.0,-0.74,-0.04,0.64,5.39,5.537999999999999,5.498,5.3901666666666666,中国通号
688009,2026-01-19 00:00:00,2026-01-19,5.33,5.36,5.4,5.32,38126600,204602989.0,0.19,0.01,0.44,5.35,5.4959999999999996,5.4945,5.3895,中国通号
688009,2026-01-20 00:00:00,2026-01-20,5.36,5.41,5.42,5.35,39394400,211993065.0,0.93,0.05,0.46,5.36,5.432,5.4910000000000005,5.389166666666666,中国通号
688009,2026-01-21 00:00:00,2026-01-21,5.41,5.48,5.49,5.39,53229700,289783683.0,1.29,0.07,0.62,5.41,5.4,5.4875,5.389666666666667,中国通号
688009,2026-01-22 00:00:00,2026-01-22,5.49,5.75,5.83,5.48,103976500,595691540.0,4.93,0.27,1.21,5.48,5.398000000000001,5.4895000000000005,5.3895,中国通号
688009,2026-01-23 00:00:00,2026-01-23,5.75,5.63,5.75,5.6,77807200,438203767.0,-2.09,-0.12,0.9,5.75,5.470000000000001,5.505,5.394333333333334,中国通号
688009,2026-01-26 00:00:00,2026-01-26,5.65,5.59,5.67,5.56,46109600,258257885.0,-0.71,-0.04,0.53,5.63,5.526,5.5125,5.397833333333334,中国通号
688009,2026-01-27 00:00:00,2026-01-27,5.6,5.53,5.61,5.48,41867900,231725840.0,-1.07,-0.06,0.49,5.59,5.572,5.517,5.401166666666667,中国通号
688009,2026-01-28 00:00:00,2026-01-28,5.55,5.57,5.62,5.51,46280300,258025429.0,0.72,0.04,0.54,5.53,5.596,5.5195,5.404833333333333,中国通号
688009,2026-01-29 00:00:00,2026-01-29,5.57,5.6,5.62,5.52,48974600,272469394.0,0.54,0.03,0.57,5.57,5.614,5.5235,5.409000000000001,中国通号
688009,2026-01-30 00:00:00,2026-01-30,5.61,5.5,5.63,5.49,40997000,227317895.0,-1.79,-0.1,0.48,5.6,5.584,5.532,5.413833333333333,中国通号
688009,2026-02-02 00:00:00,2026-02-02,5.49,5.44,5.58,5.43,46076000,253935030.0,-1.09,-0.06,0.53,5.5,5.558,5.5335,5.416833333333333,中国通号
688009,2026-02-03 00:00:00,2026-02-03,5.46,5.54,5.56,5.45,34887900,192830023.0,1.84,0.1,0.4,5.44,5.5280000000000005,5.529999999999999,5.418333333333334,中国通号
688009,2026-02-04 00:00:00,2026-02-04,5.54,5.61,5.62,5.53,35560300,198737186.0,1.26,0.07,0.41,5.54,5.529999999999999,5.5285,5.421,中国通号
688009,2026-02-05 00:00:00,2026-02-05,5.6,5.63,5.71,5.58,36329600,205078122.0,0.36,0.02,0.42,5.61,5.537999999999999,5.5315,5.422833333333333,中国通号
688009,2026-02-06 00:00:00,2026-02-06,5.6,5.62,5.68,5.57,29330400,165153132.0,-0.18,-0.01,0.34,5.63,5.5440000000000005,5.534000000000001,5.425333333333333,中国通号
688009,2026-02-09 00:00:00,2026-02-09,5.64,5.59,5.67,5.57,30384000,170106053.0,-0.53,-0.03,0.35,5.62,5.5680000000000005,5.537000000000001,5.428166666666667,中国通号
688009,2026-02-10 00:00:00,2026-02-10,5.59,5.58,5.61,5.56,26577900,148403887.0,-0.18,-0.01,0.31,5.59,5.598000000000001,5.5325,5.4303333333333335,中国通号
688009,2026-02-11 00:00:00,2026-02-11,5.58,5.57,5.62,5.57,18928900,105847063.0,-0.18,-0.01,0.22,5.58,5.606,5.5329999999999995,5.432500000000001,中国通号
688009,2026-02-12 00:00:00,2026-02-12,5.58,5.55,5.63,5.52,33414100,186136563.0,-0.36,-0.02,0.39,5.57,5.598000000000001,5.537,5.4365,中国通号
688009,2026-02-13 00:00:00,2026-02-13,5.55,5.47,5.56,5.47,26008700,143453793.0,-1.44,-0.08,0.3,5.55,5.582,5.545,5.440666666666668,中国通号
688009,2026-02-24 00:00:00,2026-02-24,5.51,5.69,5.72,5.5,64460500,363561212.0,4.02,0.22,0.75,5.47,5.552,5.551,5.4435,中国通号
688009,2026-02-25 00:00:00,2026-02-25,5.7,5.75,5.77,5.69,50031600,287210474.0,1.05,0.06,0.58,5.69,5.572000000000001,5.5675,5.449666666666667,中国通号
688009,2026-02-26 00:00:00,2026-02-26,5.71,5.74,5.79,5.68,33379600,191190002.0,-0.17,-0.01,0.39,5.75,5.606,5.5845,5.458166666666667,中国通号
688009,2026-02-27 00:00:00,2026-02-27,5.74,5.72,5.78,5.69,25335700,145062376.0,-0.35,-0.02,0.29,5.74,5.64,5.5975,5.467166666666667,中国通号
688009,2026-03-02 00:00:00,2026-03-02,5.67,5.92,5.97,5.65,86633200,509944781.0,3.5,0.2,1.0,5.72,5.6739999999999995,5.596,5.476166666666667,中国通号
688009,2026-03-03 00:00:00,2026-03-03,5.91,5.81,5.92,5.79,59359500,346794114.0,-1.86,-0.11,0.69,5.92,5.764,5.6105,5.488666666666666,中国通号
688009,2026-03-04 00:00:00,2026-03-04,5.76,5.71,5.79,5.64,59246600,338286332.0,-1.72,-0.1,0.69,5.81,5.787999999999999,5.6215,5.499333333333333,中国通号
688009,2026-03-05 00:00:00,2026-03-05,5.75,5.84,5.95,5.73,53840400,315199371.0,2.28,0.13,0.62,5.71,5.779999999999999,5.6305,5.507833333333334,中国通号
